language,qt_locale,source,translation,status,locations
ar,ar,&Edit,&تحرير,translated,src/windows/ui/main-window.ui#menu_Edit.title
ar,ar,&File,&ملف,translated,src/windows/ui/main-window.ui#menuFile.title
ar,ar,&Preferences,&تفضيلات,translated,src/windows/ui/main-window.ui#actionPreferences.text
ar,ar,&Quit,&خروج,translated,src/windows/ui/main-window.ui#actionQuit.text
ar,ar,About OpenShot,عن OpenShot,translated,src/windows/ui/main-window.ui#actionAbout.text; src/windows/ui/main-window.ui#actionAbout.toolTip
ar,ar,Add Marker,إضافة علامة,translated,src/windows/ui/main-window.ui#actionAddMarker.text; src/windows/ui/main-window.ui#actionAddMarker.toolTip
ar,ar,Add Track,إضافة مسار,translated,src/windows/ui/main-window.ui#actionAddTrack.text; src/windows/ui/main-window.ui#actionAddTrack.toolTip
ar,ar,Animated Title,عنوان متحرك,translated,src/windows/ui/main-window.ui#actionAnimatedTitle.text; src/windows/ui/main-window.ui#actionAnimatedTitle.toolTip
ar,ar,Ask a Question...,استفسر عن شيء...,translated,src/windows/ui/main-window.ui#actionAskQuestion.text
ar,ar,Audio,الصوت,translated,src/windows/ui/main-window.ui#actionEffectsShowAudio.text; src/windows/ui/main-window.ui#actionEffectsShowAudio.toolTip; src/windows/ui/main-window.ui#actionFilesShowAudio.text; src/windows/ui/main-window.ui#actionFilesShowAudio.toolTip
ar,ar,Audio Levels,مستويات الصوت,translated,src/windows/main_window.py:5454
ar,ar,Caption Toolbar,شريط أدوات التسميات التوضيحية,translated,src/windows/main_window.py:4254
ar,ar,Captions,التسميات التوضيحية,translated,src/windows/ui/main-window.ui#dockCaptionEditor.windowTitle
ar,ar,Center on Playhead,توسيط على مؤشر التشغيل,translated,src/windows/ui/main-window.ui#actionCenterOnPlayhead.text
ar,ar,Center the timeline on the Playhead,توسيط شريط الوقت على مؤشر التشغيل,translated,src/windows/ui/main-window.ui#actionCenterOnPlayhead.toolTip
ar,ar,Choose Profile,اختر تشكيل,translated,src/windows/ui/main-window.ui#actionProfile.text; src/windows/ui/main-window.ui#actionProfile.toolTip
ar,ar,Clear,مسح,translated,src/windows/ui/main-window.ui#menuClear.title
ar,ar,Click: center · Drag: zoom,انقر: تمركز · اسحب: تكبير/تصغير,translated,src/windows/views/zoom_slider.py:826
ar,ar,Clip,مقطع,translated,src/windows/views/timeline_backend/qwidget/base.py:2867
ar,ar,Clip: %s,مقطع: %s,translated,src/windows/views/timeline_backend/qwidget/base.py:2868
ar,ar,Color View,عرض الألوان,translated,src/windows/main_window.py:5352; src/windows/ui/main-window.ui#actionColor_Grade_View.text
ar,ar,Common,شائع,translated,src/windows/ui/main-window.ui#actionTransitionsShowCommon.text; src/windows/ui/main-window.ui#actionTransitionsShowCommon.toolTip
ar,ar,Contents,المحتويات,translated,src/windows/ui/main-window.ui#actionHelpContents.text
ar,ar,Disable Razor,تعطيل أداة الشفرة,translated,src/windows/main_window.py:2095; src/windows/main_window.py:2096
ar,ar,Disable Snapping,تعطيل الالتقاط,translated,src/windows/main_window.py:2081; src/windows/main_window.py:2082; src/windows/ui/main-window.ui#actionSnappingTool.text; src/windows/ui/main-window.ui#actionSnappingTool.toolTip
ar,ar,Disable Timing,تعطيل التوقيت,translated,src/windows/main_window.py:2109; src/windows/main_window.py:2110
ar,ar,Docks,الألواح,translated,src/windows/main_window.py:3183
ar,ar,Donate,تبرع,translated,src/windows/ui/main-window.ui#actionDonate.text
ar,ar,Effect,تأثير,translated,src/windows/views/timeline_backend/qwidget/base.py:2849
ar,ar,Effect: %s,تأثير: %s,translated,src/windows/views/timeline_backend/qwidget/base.py:2848
ar,ar,Effects,التأثيرات,translated,src/windows/ui/main-window.ui#dockEffects.windowTitle
ar,ar,Emojis,الرموز التعبيرية,translated,src/windows/ui/main-window.ui#dockEmojis.windowTitle
ar,ar,Enable Razor,تمكين أداة الشفرة,translated,src/windows/main_window.py:2098; src/windows/main_window.py:2099; src/windows/ui/main-window.ui#actionRazorTool.text; src/windows/ui/main-window.ui#actionRazorTool.toolTip
ar,ar,Enable Snapping,تمكين الالتقاط,translated,src/windows/main_window.py:2084; src/windows/main_window.py:2085
ar,ar,Enable Timing,تمكين التوقيت,translated,src/windows/main_window.py:2112; src/windows/main_window.py:2113; src/windows/ui/main-window.ui#actionTimingTool.text; src/windows/ui/main-window.ui#actionTimingTool.toolTip
ar,ar,Enter caption text...,أدخل نص التسمية التوضيحية...,translated,src/windows/main_window.py:3659
ar,ar,Export Project,تصدير المشروع,translated,src/windows/ui/main-window.ui#menuExport.title
ar,ar,Export Video,تصدير الفيديو,translated,src/windows/ui/main-window.ui#actionExportVideo.text; src/windows/ui/main-window.ui#actionExportVideo.toolTip
ar,ar,Fast Forward,تقديم سريع,translated,src/windows/ui/main-window.ui#actionFastForward.text; src/windows/ui/main-window.ui#actionFastForward.toolTip
ar,ar,Filter,تصفية,translated,src/windows/main_window.py:4191; src/windows/main_window.py:4208; src/windows/main_window.py:4227; src/windows/main_window.py:4238; src/windows/main_window.py:5483; src/windows/ui/main-window.ui#txtPropertyFilter.placeholderText
ar,ar,Fullscreen,ملء الشاشة,translated,src/windows/ui/main-window.ui#actionFullscreen.text; src/windows/ui/main-window.ui#actionFullscreen.toolTip
ar,ar,Help,التعليمات,translated,src/windows/ui/main-window.ui#menuHelp.title
ar,ar,Hide keyframes,إخفاء الإطارات الرئيسية,translated,src/windows/views/timeline_backend/qwidget/base.py:2832
ar,ar,Histogram,مخطط التوزيع,translated,src/windows/main_window.py:5434
ar,ar,Image,الصورة,translated,src/windows/ui/main-window.ui#actionFilesShowImage.text; src/windows/ui/main-window.ui#actionFilesShowImage.toolTip
ar,ar,Import Files,استيراد ملفات,translated,src/windows/ui/main-window.ui#actionImportFiles.toolTip
ar,ar,Import Files...,استيراد ملفات...,translated,src/windows/ui/main-window.ui#actionImportFiles.text
ar,ar,Import Project,استيراد المشروع,translated,src/windows/ui/main-window.ui#menuImport_Project.title
ar,ar,Insert Caption,إدراج تسمية توضيحية,translated,src/windows/ui/main-window.ui#actionInsertTimestamp.text; src/windows/ui/main-window.ui#actionInsertTimestamp.toolTip
ar,ar,Join our Community...,انضم إلى مجتمعنا...,translated,src/windows/ui/main-window.ui#actionDiscord.text
ar,ar,Jump To End,قفز للنهاية,translated,src/windows/ui/main-window.ui#actionJumpEnd.text; src/windows/ui/main-window.ui#actionJumpEnd.toolTip
ar,ar,Jump To Start,قفز للبداية,translated,src/windows/ui/main-window.ui#actionJumpStart.text; src/windows/ui/main-window.ui#actionJumpStart.toolTip
ar,ar,Launch Tutorial,بدء الدرس التعليمي,translated,src/windows/ui/main-window.ui#actionTutorial.toolTip
ar,ar,Lock track,قفل المسار,translated,src/windows/views/timeline_backend/qwidget/base.py:2828
ar,ar,Luma Waveform,موجة اللمعان,translated,src/windows/main_window.py:5424
ar,ar,My Views,عروضي,translated,src/windows/main_window.py:3167
ar,ar,Name,الاسم,translated,src/windows/models/files_model.py:337
ar,ar,New Project,مشروع جديد,translated,src/windows/ui/main-window.ui#actionNew.text; src/windows/ui/main-window.ui#actionNew.toolTip
ar,ar,Next Marker,العلامة التالية,translated,src/windows/ui/main-window.ui#actionNextMarker.text; src/windows/ui/main-window.ui#actionNextMarker.toolTip
ar,ar,Open Help Contents,فتح محتويات التعليمات,translated,src/windows/ui/main-window.ui#actionHelpContents.toolTip
ar,ar,Open Project,فتح مشروع,translated,src/windows/ui/main-window.ui#actionOpen.toolTip
ar,ar,Open Project...,فتح مشروع...,translated,src/windows/ui/main-window.ui#actionOpen.text
ar,ar,Pan timeline,تحريك شريط الوقت,translated,src/windows/views/zoom_slider.py:825
ar,ar,Pause,إيقاف مؤقت,translated,src/themes/base.py:480
ar,ar,Play,تشغيل,translated,src/themes/base.py:480; src/windows/ui/main-window.ui#actionPlay.text; src/windows/ui/main-window.ui#actionPlay.toolTip
ar,ar,Preferences,التفضيلات,translated,src/windows/ui/main-window.ui#actionPreferences.toolTip
ar,ar,Previous Marker,العلامة السابقة,translated,src/windows/ui/main-window.ui#actionPreviousMarker.text; src/windows/ui/main-window.ui#actionPreviousMarker.toolTip
ar,ar,Project Files,ملفات المشروع,translated,src/windows/ui/main-window.ui#dockFiles.windowTitle
ar,ar,Properties,الخصائص,translated,src/windows/ui/main-window.ui#dockProperties.windowTitle
ar,ar,Property,الخاصية,translated,src/windows/models/properties_model.py:1666; src/windows/models/properties_model.py:1689
ar,ar,Quit,خروج,translated,src/windows/ui/main-window.ui#actionQuit.toolTip
ar,ar,Recent Projects,المشاريع الأخيرة,translated,src/windows/main_window.py:3989
ar,ar,Recording,التسجيل,translated,src/windows/main_window.py:5463
ar,ar,Recording View,عرض التسجيل,translated,src/windows/main_window.py:3175
ar,ar,Recovery,الإسترجاع,translated,src/windows/main_window.py:4065
ar,ar,Redo,أعِد,translated,src/windows/ui/main-window.ui#actionRedo.text; src/windows/ui/main-window.ui#actionRedo.toolTip
ar,ar,Report a Bug...,بلغ عن مشكلة...,translated,src/windows/ui/main-window.ui#actionReportBug.text
ar,ar,Rewind,ترجيع,translated,src/windows/ui/main-window.ui#actionRewind.text; src/windows/ui/main-window.ui#actionRewind.toolTip
ar,ar,Save Current Frame,حفظ الإطار الحالي,translated,src/windows/ui/main-window.ui#actionSaveFrame.text; src/windows/ui/main-window.ui#actionSaveFrame.toolTip
ar,ar,Save Project,حفظ المشروع,translated,src/windows/ui/main-window.ui#actionSave.text; src/windows/ui/main-window.ui#actionSave.toolTip
ar,ar,Save Project As...,احفظ المشروع باسم...,translated,src/windows/ui/main-window.ui#actionSaveAs.text; src/windows/ui/main-window.ui#actionSaveAs.toolTip
ar,ar,Scopes,المقاييس,translated,src/windows/main_window.py:3186
ar,ar,Show All,إظهار الكل,translated,src/windows/ui/main-window.ui#actionEffectsShowAll.text; src/windows/ui/main-window.ui#actionEffectsShowAll.toolTip; src/windows/ui/main-window.ui#actionFilesShowAll.text; src/windows/ui/main-window.ui#actionFilesShowAll.toolTip; src/windows/ui/main-window.ui#actionTransitionsShowAll.text; src/windows/ui/main-window.ui#actionTransitionsShowAll.toolTip
ar,ar,Show keyframes,عرض الإطارات الرئيسية,translated,src/windows/views/timeline_backend/qwidget/base.py:2832
ar,ar,Simple View,عرض بسيط,translated,src/windows/ui/main-window.ui#actionSimple_View.text
ar,ar,Tags,الوسوم,translated,src/windows/models/files_model.py:337
ar,ar,Thumb,صورة مصغرة,translated,src/windows/models/files_model.py:337
ar,ar,Timeline,شريط الوقت,translated,src/windows/ui/main-window.ui#dockTimeline.windowTitle
ar,ar,Title,العنوان,translated,src/windows/ui/main-window.ui#actionTitle.text; src/windows/ui/main-window.ui#actionTitle.toolTip; src/windows/ui/main-window.ui#menuTitle.title
ar,ar,Toolbar,شريط الأدوات,translated,src/windows/ui/main-window.ui#toolBar.windowTitle
ar,ar,Track %s,مسار %s,translated,src/windows/views/timeline_backend/qwidget/track.py:330
ar,ar,Transition,انتقال,translated,src/windows/views/timeline_backend/qwidget/base.py:2856
ar,ar,Transition: %s,انتقال: %s,translated,src/windows/views/timeline_backend/qwidget/base.py:2855
ar,ar,Transitions,الانتقالات,translated,src/windows/ui/main-window.ui#dockTransitions.windowTitle
ar,ar,Translate this Application...,ترجم هذا البرنامج...,translated,src/windows/ui/main-window.ui#actionTranslate.text
ar,ar,Tutorial,درس تعليمي,translated,src/windows/ui/main-window.ui#actionTutorial.text; src/windows/ui/main-window.ui#dockTutorial.windowTitle
ar,ar,Undo,تراجع,translated,src/windows/ui/main-window.ui#actionUndo.text; src/windows/ui/main-window.ui#actionUndo.toolTip
ar,ar,Unlock track,إلغاء قفل المسار,translated,src/windows/views/timeline_backend/qwidget/base.py:2828
ar,ar,Untitled Project,مشروع غير معنون,translated,src/windows/main_window.py:3787; src/windows/main_window.py:879; src/windows/main_window.py:944
ar,ar,Update Available,يتوفر تحديث,translated,src/windows/ui/main-window.ui#actionUpdate.text; src/windows/ui/main-window.ui#actionUpdate.toolTip
ar,ar,Value,القيمة,translated,src/windows/models/properties_model.py:1666; src/windows/models/properties_model.py:1689
ar,ar,Vectorscope,مقياس المتجهات,translated,src/windows/main_window.py:5445
ar,ar,Video,الفيديو,translated,src/windows/ui/main-window.ui#actionEffectsShowVideo.text; src/windows/ui/main-window.ui#actionEffectsShowVideo.toolTip; src/windows/ui/main-window.ui#actionFilesShowVideo.text; src/windows/ui/main-window.ui#actionFilesShowVideo.toolTip
ar,ar,Video Preview,عرض أولي للفيديو,translated,src/windows/ui/main-window.ui#dockVideo.windowTitle
ar,ar,View,عرض,translated,src/windows/ui/main-window.ui#menuView.title
ar,ar,Window,نافذة,translated,src/windows/ui/main-window.ui#menuWindow.title
ar,ar,Zoom left edge,تكبير الحافة اليسرى,translated,src/windows/views/zoom_slider.py:823
ar,ar,Zoom right edge,تكبير الحافة اليمنى,translated,src/windows/views/zoom_slider.py:824
bn,bn,&Edit,&সম্পাদনা,translated,src/windows/ui/main-window.ui#menu_Edit.title
bn,bn,&File,&ফাইল,translated,src/windows/ui/main-window.ui#menuFile.title
bn,bn,&Preferences,&পছন্দসমূহ,translated,src/windows/ui/main-window.ui#actionPreferences.text
bn,bn,&Quit,&প্রস্থান,translated,src/windows/ui/main-window.ui#actionQuit.text
bn,bn,About OpenShot,OpenShot সম্পর্কে,translated,src/windows/ui/main-window.ui#actionAbout.text; src/windows/ui/main-window.ui#actionAbout.toolTip
bn,bn,Add Marker,মার্কার যোগ করুন,translated,src/windows/ui/main-window.ui#actionAddMarker.text; src/windows/ui/main-window.ui#actionAddMarker.toolTip
bn,bn,Add Track,ট্র্যাক যোগ করুন,translated,src/windows/ui/main-window.ui#actionAddTrack.text; src/windows/ui/main-window.ui#actionAddTrack.toolTip
bn,bn,Animated Title,অ্যানিমেটেড টাইটেল,translated,src/windows/ui/main-window.ui#actionAnimatedTitle.text; src/windows/ui/main-window.ui#actionAnimatedTitle.toolTip
bn,bn,Ask a Question...,একটি প্রশ্ন করুন...,translated,src/windows/ui/main-window.ui#actionAskQuestion.text
bn,bn,Audio,অডিও,translated,src/windows/ui/main-window.ui#actionEffectsShowAudio.text; src/windows/ui/main-window.ui#actionEffectsShowAudio.toolTip; src/windows/ui/main-window.ui#actionFilesShowAudio.text; src/windows/ui/main-window.ui#actionFilesShowAudio.toolTip
bn,bn,Audio Levels,অডিও স্তর,translated,src/windows/main_window.py:5454
bn,bn,Caption Toolbar,ক্যাপশন টুলবার,translated,src/windows/main_window.py:4254
bn,bn,Captions,ক্যাপশন,translated,src/windows/ui/main-window.ui#dockCaptionEditor.windowTitle
bn,bn,Center on Playhead,প্লেহেডে কেন্দ্র করুন,translated,src/windows/ui/main-window.ui#actionCenterOnPlayhead.text
bn,bn,Center the timeline on the Playhead,প্লেহেডের উপর টাইমলাইন কেন্দ্র করুন,translated,src/windows/ui/main-window.ui#actionCenterOnPlayhead.toolTip
bn,bn,Choose Profile,প্রোফাইল নির্বাচন করুন,translated,src/windows/ui/main-window.ui#actionProfile.text; src/windows/ui/main-window.ui#actionProfile.toolTip
bn,bn,Clear,মুছে ফেলুন,translated,src/windows/ui/main-window.ui#menuClear.title
bn,bn,Click: center · Drag: zoom,ক্লিক: কেন্দ্রে আনুন · ড্র্যাগ: জুম করুন,translated,src/windows/views/zoom_slider.py:826
bn,bn,Clip,ক্লিপ,translated,src/windows/views/timeline_backend/qwidget/base.py:2867
bn,bn,Clip: %s,ক্লিপ: %s,translated,src/windows/views/timeline_backend/qwidget/base.py:2868
bn,bn,Color View,রঙের দৃশ্য,translated,src/windows/main_window.py:5352; src/windows/ui/main-window.ui#actionColor_Grade_View.text
bn,bn,Common,সাধারণ,translated,src/windows/ui/main-window.ui#actionTransitionsShowCommon.text; src/windows/ui/main-window.ui#actionTransitionsShowCommon.toolTip
bn,bn,Contents,বিষয়বস্তু,translated,src/windows/ui/main-window.ui#actionHelpContents.text
bn,bn,Disable Razor,রেজর নিষ্ক্রিয় করুন,translated,src/windows/main_window.py:2095; src/windows/main_window.py:2096
bn,bn,Disable Snapping,স্ন্যাপিং নিষ্ক্রিয় করুন,translated,src/windows/main_window.py:2081; src/windows/main_window.py:2082; src/windows/ui/main-window.ui#actionSnappingTool.text; src/windows/ui/main-window.ui#actionSnappingTool.toolTip
bn,bn,Disable Timing,টাইমিং নিষ্ক্রিয় করুন,translated,src/windows/main_window.py:2109; src/windows/main_window.py:2110
bn,bn,Docks,ডকস,translated,src/windows/main_window.py:3183
bn,bn,Donate,দান করুন,translated,src/windows/ui/main-window.ui#actionDonate.text
bn,bn,Effect,ইফেক্ট,translated,src/windows/views/timeline_backend/qwidget/base.py:2849
bn,bn,Effect: %s,ইফেক্ট: %s,translated,src/windows/views/timeline_backend/qwidget/base.py:2848
bn,bn,Effects,ইফেক্ট,translated,src/windows/ui/main-window.ui#dockEffects.windowTitle
bn,bn,Emojis,ইমোজি,translated,src/windows/ui/main-window.ui#dockEmojis.windowTitle
bn,bn,Enable Razor,রেজর সক্রিয় করুন,translated,src/windows/main_window.py:2098; src/windows/main_window.py:2099; src/windows/ui/main-window.ui#actionRazorTool.text; src/windows/ui/main-window.ui#actionRazorTool.toolTip
bn,bn,Enable Snapping,স্ন্যাপিং সক্রিয় করুন,translated,src/windows/main_window.py:2084; src/windows/main_window.py:2085
bn,bn,Enable Timing,টাইমিং সক্রিয় করুন,translated,src/windows/main_window.py:2112; src/windows/main_window.py:2113; src/windows/ui/main-window.ui#actionTimingTool.text; src/windows/ui/main-window.ui#actionTimingTool.toolTip
bn,bn,Enter caption text...,ক্যাপশন টেক্সট লিখুন...,translated,src/windows/main_window.py:3659
bn,bn,Export Project,প্রকল্প রপ্তানি করুন,translated,src/windows/ui/main-window.ui#menuExport.title
bn,bn,Export Video,ভিডিও রপ্তানি করুন,translated,src/windows/ui/main-window.ui#actionExportVideo.text; src/windows/ui/main-window.ui#actionExportVideo.toolTip
bn,bn,Fast Forward,দ্রুত এগিয়ে যান,translated,src/windows/ui/main-window.ui#actionFastForward.text; src/windows/ui/main-window.ui#actionFastForward.toolTip
bn,bn,Filter,ফিল্টার,translated,src/windows/main_window.py:4191; src/windows/main_window.py:4208; src/windows/main_window.py:4227; src/windows/main_window.py:4238; src/windows/main_window.py:5483; src/windows/ui/main-window.ui#txtPropertyFilter.placeholderText
bn,bn,Fullscreen,পূর্ণ পর্দা,translated,src/windows/ui/main-window.ui#actionFullscreen.text; src/windows/ui/main-window.ui#actionFullscreen.toolTip
bn,bn,Help,সাহায্য,translated,src/windows/ui/main-window.ui#menuHelp.title
bn,bn,Hide keyframes,কীফ্রেম লুকান,translated,src/windows/views/timeline_backend/qwidget/base.py:2832
bn,bn,Histogram,হিস্টোগ্রাম,translated,src/windows/main_window.py:5434
bn,bn,Image,ছবি,translated,src/windows/ui/main-window.ui#actionFilesShowImage.text; src/windows/ui/main-window.ui#actionFilesShowImage.toolTip
bn,bn,Import Files,ফাইল আমদানি করুন,translated,src/windows/ui/main-window.ui#actionImportFiles.toolTip
bn,bn,Import Files...,ফাইল আমদানি করুন...,translated,src/windows/ui/main-window.ui#actionImportFiles.text
bn,bn,Import Project,প্রকল্প আমদানি করুন,translated,src/windows/ui/main-window.ui#menuImport_Project.title
bn,bn,Insert Caption,ক্যাপশন প্রবেশ করান,translated,src/windows/ui/main-window.ui#actionInsertTimestamp.text; src/windows/ui/main-window.ui#actionInsertTimestamp.toolTip
bn,bn,Join our Community...,আমাদের কমিউনিটিতে যোগ দিন...,translated,src/windows/ui/main-window.ui#actionDiscord.text
bn,bn,Jump To End,শেষে যান,translated,src/windows/ui/main-window.ui#actionJumpEnd.text; src/windows/ui/main-window.ui#actionJumpEnd.toolTip
bn,bn,Jump To Start,শুরুতে যান,translated,src/windows/ui/main-window.ui#actionJumpStart.text; src/windows/ui/main-window.ui#actionJumpStart.toolTip
bn,bn,Launch Tutorial,টিউটোরিয়াল চালু করুন,translated,src/windows/ui/main-window.ui#actionTutorial.toolTip
bn,bn,Lock track,ট্র্যাক লক করুন,translated,src/windows/views/timeline_backend/qwidget/base.py:2828
bn,bn,Luma Waveform,লুমা ওয়েভফর্ম,translated,src/windows/main_window.py:5424
bn,bn,My Views,আমার ভিউ,translated,src/windows/main_window.py:3167
bn,bn,Name,নাম,translated,src/windows/models/files_model.py:337
bn,bn,New Project,নতুন প্রকল্প,translated,src/windows/ui/main-window.ui#actionNew.text; src/windows/ui/main-window.ui#actionNew.toolTip
bn,bn,Next Marker,পরবর্তী মার্কার,translated,src/windows/ui/main-window.ui#actionNextMarker.text; src/windows/ui/main-window.ui#actionNextMarker.toolTip
bn,bn,Open Help Contents,সহায়তা বিষয়বস্তু খুলুন,translated,src/windows/ui/main-window.ui#actionHelpContents.toolTip
bn,bn,Open Project,প্রকল্প খুলুন,translated,src/windows/ui/main-window.ui#actionOpen.toolTip
bn,bn,Open Project...,প্রকল্প খুলুন...,translated,src/windows/ui/main-window.ui#actionOpen.text
bn,bn,Pan timeline,টাইমলাইন প্যান করুন,translated,src/windows/views/zoom_slider.py:825
bn,bn,Pause,বিরতি,translated,src/themes/base.py:480
bn,bn,Play,চালান,translated,src/themes/base.py:480; src/windows/ui/main-window.ui#actionPlay.text; src/windows/ui/main-window.ui#actionPlay.toolTip
bn,bn,Preferences,পছন্দসমূহ,translated,src/windows/ui/main-window.ui#actionPreferences.toolTip
bn,bn,Previous Marker,পূর্ববর্তী মার্কার,translated,src/windows/ui/main-window.ui#actionPreviousMarker.text; src/windows/ui/main-window.ui#actionPreviousMarker.toolTip
bn,bn,Project Files,প্রকল্প ফাইলসমূহ,translated,src/windows/ui/main-window.ui#dockFiles.windowTitle
bn,bn,Properties,বৈশিষ্ট্য,translated,src/windows/ui/main-window.ui#dockProperties.windowTitle
bn,bn,Property,বৈশিষ্ট্য,translated,src/windows/models/properties_model.py:1666; src/windows/models/properties_model.py:1689
bn,bn,Quit,প্রস্থান,translated,src/windows/ui/main-window.ui#actionQuit.toolTip
bn,bn,Recent Projects,সাম্প্রতিক প্রকল্পসমূহ,translated,src/windows/main_window.py:3989
bn,bn,Recording,রেকর্ডিং,translated,src/windows/main_window.py:5463
bn,bn,Recording View,রেকর্ডিং ভিউ,translated,src/windows/main_window.py:3175
bn,bn,Recovery,পুনরুদ্ধার,translated,src/windows/main_window.py:4065
bn,bn,Redo,পুনরায় করুন,translated,src/windows/ui/main-window.ui#actionRedo.text; src/windows/ui/main-window.ui#actionRedo.toolTip
bn,bn,Report a Bug...,একটি বাগ রিপোর্ট করুন...,translated,src/windows/ui/main-window.ui#actionReportBug.text
bn,bn,Rewind,পেছনে যান,translated,src/windows/ui/main-window.ui#actionRewind.text; src/windows/ui/main-window.ui#actionRewind.toolTip
bn,bn,Save Current Frame,বর্তমান ফ্রেম সংরক্ষণ করুন,translated,src/windows/ui/main-window.ui#actionSaveFrame.text; src/windows/ui/main-window.ui#actionSaveFrame.toolTip
bn,bn,Save Project,প্রকল্প সংরক্ষণ করুন,translated,src/windows/ui/main-window.ui#actionSave.text; src/windows/ui/main-window.ui#actionSave.toolTip
bn,bn,Save Project As...,প্রকল্প অন্য নামে সংরক্ষণ করুন...,translated,src/windows/ui/main-window.ui#actionSaveAs.text; src/windows/ui/main-window.ui#actionSaveAs.toolTip
bn,bn,Scopes,স্কোপ,translated,src/windows/main_window.py:3186
bn,bn,Show All,সব দেখান,translated,src/windows/ui/main-window.ui#actionEffectsShowAll.text; src/windows/ui/main-window.ui#actionEffectsShowAll.toolTip; src/windows/ui/main-window.ui#actionFilesShowAll.text; src/windows/ui/main-window.ui#actionFilesShowAll.toolTip; src/windows/ui/main-window.ui#actionTransitionsShowAll.text; src/windows/ui/main-window.ui#actionTransitionsShowAll.toolTip
bn,bn,Show keyframes,কীফ্রেম দেখান,translated,src/windows/views/timeline_backend/qwidget/base.py:2832
bn,bn,Simple View,সরল ভিউ,translated,src/windows/ui/main-window.ui#actionSimple_View.text
bn,bn,Tags,ট্যাগ,translated,src/windows/models/files_model.py:337
bn,bn,Thumb,থাম্বনেইল,translated,src/windows/models/files_model.py:337
bn,bn,Timeline,টাইমলাইন,translated,src/windows/ui/main-window.ui#dockTimeline.windowTitle
bn,bn,Title,শিরোনাম,translated,src/windows/ui/main-window.ui#actionTitle.text; src/windows/ui/main-window.ui#actionTitle.toolTip; src/windows/ui/main-window.ui#menuTitle.title
bn,bn,Toolbar,টুলবার,translated,src/windows/ui/main-window.ui#toolBar.windowTitle
bn,bn,Track %s,ট্র্যাক %s,translated,src/windows/views/timeline_backend/qwidget/track.py:330
bn,bn,Transition,ট্রানজিশন,translated,src/windows/views/timeline_backend/qwidget/base.py:2856
bn,bn,Transition: %s,ট্রানজিশন: %s,translated,src/windows/views/timeline_backend/qwidget/base.py:2855
bn,bn,Transitions,ট্রানজিশনসমূহ,translated,src/windows/ui/main-window.ui#dockTransitions.windowTitle
bn,bn,Translate this Application...,এই অ্যাপ্লিকেশন অনুবাদ করুন...,translated,src/windows/ui/main-window.ui#actionTranslate.text
bn,bn,Tutorial,টিউটোরিয়াল,translated,src/windows/ui/main-window.ui#actionTutorial.text; src/windows/ui/main-window.ui#dockTutorial.windowTitle
bn,bn,Undo,পূর্বাবস্থা ফেরত দিন,translated,src/windows/ui/main-window.ui#actionUndo.text; src/windows/ui/main-window.ui#actionUndo.toolTip
bn,bn,Unlock track,ট্র্যাক আনলক করুন,translated,src/windows/views/timeline_backend/qwidget/base.py:2828
bn,bn,Untitled Project,শিরোনামহীন প্রকল্প,translated,src/windows/main_window.py:3787; src/windows/main_window.py:879; src/windows/main_window.py:944
bn,bn,Update Available,আপডেট উপলব্ধ,translated,src/windows/ui/main-window.ui#actionUpdate.text; src/windows/ui/main-window.ui#actionUpdate.toolTip
bn,bn,Value,মান,translated,src/windows/models/properties_model.py:1666; src/windows/models/properties_model.py:1689
bn,bn,Vectorscope,ভেক্টরস্কোপ,translated,src/windows/main_window.py:5445
bn,bn,Video,ভিডিও,translated,src/windows/ui/main-window.ui#actionEffectsShowVideo.text; src/windows/ui/main-window.ui#actionEffectsShowVideo.toolTip; src/windows/ui/main-window.ui#actionFilesShowVideo.text; src/windows/ui/main-window.ui#actionFilesShowVideo.toolTip
bn,bn,Video Preview,ভিডিও প্রাকদর্শন,translated,src/windows/ui/main-window.ui#dockVideo.windowTitle
bn,bn,View,দেখুন,translated,src/windows/ui/main-window.ui#menuView.title
bn,bn,Window,উইন্ডো,translated,src/windows/ui/main-window.ui#menuWindow.title
bn,bn,Zoom left edge,বাম প্রান্ত জুম করুন,translated,src/windows/views/zoom_slider.py:823
bn,bn,Zoom right edge,ডান প্রান্ত জুম করুন,translated,src/windows/views/zoom_slider.py:824
zh-hans,zh_CN,&Edit,编辑,translated,src/windows/ui/main-window.ui#menu_Edit.title
zh-hans,zh_CN,&File,文件,translated,src/windows/ui/main-window.ui#menuFile.title
zh-hans,zh_CN,&Preferences,首选项,translated,src/windows/ui/main-window.ui#actionPreferences.text
zh-hans,zh_CN,&Quit,退出,translated,src/windows/ui/main-window.ui#actionQuit.text
zh-hans,zh_CN,About OpenShot,关于 OpenShot,translated,src/windows/ui/main-window.ui#actionAbout.text; src/windows/ui/main-window.ui#actionAbout.toolTip
zh-hans,zh_CN,Add Marker,添加标记,translated,src/windows/ui/main-window.ui#actionAddMarker.text; src/windows/ui/main-window.ui#actionAddMarker.toolTip
zh-hans,zh_CN,Add Track,添加轨道,translated,src/windows/ui/main-window.ui#actionAddTrack.text; src/windows/ui/main-window.ui#actionAddTrack.toolTip
zh-hans,zh_CN,Animated Title,动画标题,translated,src/windows/ui/main-window.ui#actionAnimatedTitle.text; src/windows/ui/main-window.ui#actionAnimatedTitle.toolTip
zh-hans,zh_CN,Ask a Question...,问题咨询...,translated,src/windows/ui/main-window.ui#actionAskQuestion.text
zh-hans,zh_CN,Audio,音频,translated,src/windows/ui/main-window.ui#actionEffectsShowAudio.text; src/windows/ui/main-window.ui#actionEffectsShowAudio.toolTip; src/windows/ui/main-window.ui#actionFilesShowAudio.text; src/windows/ui/main-window.ui#actionFilesShowAudio.toolTip
zh-hans,zh_CN,Audio Levels,音频电平,translated,src/windows/main_window.py:5454
zh-hans,zh_CN,Caption Toolbar,字幕工具栏,translated,src/windows/main_window.py:4254
zh-hans,zh_CN,Captions,字幕,translated,src/windows/ui/main-window.ui#dockCaptionEditor.windowTitle
zh-hans,zh_CN,Center on Playhead,播放指针居中,translated,src/windows/ui/main-window.ui#actionCenterOnPlayhead.text
zh-hans,zh_CN,Center the timeline on the Playhead,将时间线居中到播放指针位置,translated,src/windows/ui/main-window.ui#actionCenterOnPlayhead.toolTip
zh-hans,zh_CN,Choose Profile,选择配置,translated,src/windows/ui/main-window.ui#actionProfile.text; src/windows/ui/main-window.ui#actionProfile.toolTip
zh-hans,zh_CN,Clear,清除,translated,src/windows/ui/main-window.ui#menuClear.title
zh-hans,zh_CN,Click: center · Drag: zoom,点击：居中 · 拖动：缩放,translated,src/windows/views/zoom_slider.py:826
zh-hans,zh_CN,Clip,剪辑,translated,src/windows/views/timeline_backend/qwidget/base.py:2867
zh-hans,zh_CN,Clip: %s,剪辑：%s,translated,src/windows/views/timeline_backend/qwidget/base.py:2868
zh-hans,zh_CN,Color View,颜色视图,translated,src/windows/main_window.py:5352; src/windows/ui/main-window.ui#actionColor_Grade_View.text
zh-hans,zh_CN,Common,通用,translated,src/windows/ui/main-window.ui#actionTransitionsShowCommon.text; src/windows/ui/main-window.ui#actionTransitionsShowCommon.toolTip
zh-hans,zh_CN,Contents,内容,translated,src/windows/ui/main-window.ui#actionHelpContents.text
zh-hans,zh_CN,Disable Razor,禁用剃刀,translated,src/windows/main_window.py:2095; src/windows/main_window.py:2096
zh-hans,zh_CN,Disable Snapping,禁用捕捉,translated,src/windows/main_window.py:2081; src/windows/main_window.py:2082; src/windows/ui/main-window.ui#actionSnappingTool.text; src/windows/ui/main-window.ui#actionSnappingTool.toolTip
zh-hans,zh_CN,Disable Timing,禁用变速工具,translated,src/windows/main_window.py:2109; src/windows/main_window.py:2110
zh-hans,zh_CN,Docks,停靠栏,translated,src/windows/main_window.py:3183
zh-hans,zh_CN,Donate,捐赠,translated,src/windows/ui/main-window.ui#actionDonate.text
zh-hans,zh_CN,Effect,特效,translated,src/windows/views/timeline_backend/qwidget/base.py:2849
zh-hans,zh_CN,Effect: %s,特效：%s,translated,src/windows/views/timeline_backend/qwidget/base.py:2848
zh-hans,zh_CN,Effects,特效,translated,src/windows/ui/main-window.ui#dockEffects.windowTitle
zh-hans,zh_CN,Emojis,Emoji 表情,translated,src/windows/ui/main-window.ui#dockEmojis.windowTitle
zh-hans,zh_CN,Enable Razor,启用剃刀,translated,src/windows/main_window.py:2098; src/windows/main_window.py:2099; src/windows/ui/main-window.ui#actionRazorTool.text; src/windows/ui/main-window.ui#actionRazorTool.toolTip
zh-hans,zh_CN,Enable Snapping,启用捕捉,translated,src/windows/main_window.py:2084; src/windows/main_window.py:2085
zh-hans,zh_CN,Enable Timing,启用变速工具,translated,src/windows/main_window.py:2112; src/windows/main_window.py:2113; src/windows/ui/main-window.ui#actionTimingTool.text; src/windows/ui/main-window.ui#actionTimingTool.toolTip
zh-hans,zh_CN,Enter caption text...,输入字幕文本...,translated,src/windows/main_window.py:3659
zh-hans,zh_CN,Export Project,导出项目,translated,src/windows/ui/main-window.ui#menuExport.title
zh-hans,zh_CN,Export Video,导出视频,translated,src/windows/ui/main-window.ui#actionExportVideo.text; src/windows/ui/main-window.ui#actionExportVideo.toolTip
zh-hans,zh_CN,Fast Forward,快进,translated,src/windows/ui/main-window.ui#actionFastForward.text; src/windows/ui/main-window.ui#actionFastForward.toolTip
zh-hans,zh_CN,Filter,筛选,translated,src/windows/main_window.py:4191; src/windows/main_window.py:4208; src/windows/main_window.py:4227; src/windows/main_window.py:4238; src/windows/main_window.py:5483; src/windows/ui/main-window.ui#txtPropertyFilter.placeholderText
zh-hans,zh_CN,Fullscreen,全屏,translated,src/windows/ui/main-window.ui#actionFullscreen.text; src/windows/ui/main-window.ui#actionFullscreen.toolTip
zh-hans,zh_CN,Help,帮助,translated,src/windows/ui/main-window.ui#menuHelp.title
zh-hans,zh_CN,Hide keyframes,隐藏关键帧,translated,src/windows/views/timeline_backend/qwidget/base.py:2832
zh-hans,zh_CN,Histogram,直方图,translated,src/windows/main_window.py:5434
zh-hans,zh_CN,Image,图像,translated,src/windows/ui/main-window.ui#actionFilesShowImage.text; src/windows/ui/main-window.ui#actionFilesShowImage.toolTip
zh-hans,zh_CN,Import Files,导入文件,translated,src/windows/ui/main-window.ui#actionImportFiles.toolTip
zh-hans,zh_CN,Import Files...,导入文件...,translated,src/windows/ui/main-window.ui#actionImportFiles.text
zh-hans,zh_CN,Import Project,导入项目,translated,src/windows/ui/main-window.ui#menuImport_Project.title
zh-hans,zh_CN,Insert Caption,插入字幕,translated,src/windows/ui/main-window.ui#actionInsertTimestamp.text; src/windows/ui/main-window.ui#actionInsertTimestamp.toolTip
zh-hans,zh_CN,Join our Community...,加入我们的社区...,translated,src/windows/ui/main-window.ui#actionDiscord.text
zh-hans,zh_CN,Jump To End,跳至结尾,translated,src/windows/ui/main-window.ui#actionJumpEnd.text; src/windows/ui/main-window.ui#actionJumpEnd.toolTip
zh-hans,zh_CN,Jump To Start,跳至开始,translated,src/windows/ui/main-window.ui#actionJumpStart.text; src/windows/ui/main-window.ui#actionJumpStart.toolTip
zh-hans,zh_CN,Launch Tutorial,启动教程,translated,src/windows/ui/main-window.ui#actionTutorial.toolTip
zh-hans,zh_CN,Lock track,锁定轨道,translated,src/windows/views/timeline_backend/qwidget/base.py:2828
zh-hans,zh_CN,Luma Waveform,亮度波形,translated,src/windows/main_window.py:5424
zh-hans,zh_CN,My Views,我的视图,translated,src/windows/main_window.py:3167
zh-hans,zh_CN,Name,名称,translated,src/windows/models/files_model.py:337
zh-hans,zh_CN,New Project,新建项目,translated,src/windows/ui/main-window.ui#actionNew.text; src/windows/ui/main-window.ui#actionNew.toolTip
zh-hans,zh_CN,Next Marker,下一个标记,translated,src/windows/ui/main-window.ui#actionNextMarker.text; src/windows/ui/main-window.ui#actionNextMarker.toolTip
zh-hans,zh_CN,Open Help Contents,打开帮助内容,translated,src/windows/ui/main-window.ui#actionHelpContents.toolTip
zh-hans,zh_CN,Open Project,打开项目,translated,src/windows/ui/main-window.ui#actionOpen.toolTip
zh-hans,zh_CN,Open Project...,打开项目...,translated,src/windows/ui/main-window.ui#actionOpen.text
zh-hans,zh_CN,Pan timeline,平移时间线,translated,src/windows/views/zoom_slider.py:825
zh-hans,zh_CN,Pause,暂停,translated,src/themes/base.py:480
zh-hans,zh_CN,Play,播放,translated,src/themes/base.py:480; src/windows/ui/main-window.ui#actionPlay.text; src/windows/ui/main-window.ui#actionPlay.toolTip
zh-hans,zh_CN,Preferences,首选项,translated,src/windows/ui/main-window.ui#actionPreferences.toolTip
zh-hans,zh_CN,Previous Marker,上一个标记,translated,src/windows/ui/main-window.ui#actionPreviousMarker.text; src/windows/ui/main-window.ui#actionPreviousMarker.toolTip
zh-hans,zh_CN,Project Files,项目文件,translated,src/windows/ui/main-window.ui#dockFiles.windowTitle
zh-hans,zh_CN,Properties,属性,translated,src/windows/ui/main-window.ui#dockProperties.windowTitle
zh-hans,zh_CN,Property,属性,translated,src/windows/models/properties_model.py:1666; src/windows/models/properties_model.py:1689
zh-hans,zh_CN,Quit,退出,translated,src/windows/ui/main-window.ui#actionQuit.toolTip
zh-hans,zh_CN,Recent Projects,最近的项目,translated,src/windows/main_window.py:3989
zh-hans,zh_CN,Recording,录制,translated,src/windows/main_window.py:5463
zh-hans,zh_CN,Recording View,录制视图,translated,src/windows/main_window.py:3175
zh-hans,zh_CN,Recovery,恢复,translated,src/windows/main_window.py:4065
zh-hans,zh_CN,Redo,重做,translated,src/windows/ui/main-window.ui#actionRedo.text; src/windows/ui/main-window.ui#actionRedo.toolTip
zh-hans,zh_CN,Report a Bug...,BUG 反馈...,translated,src/windows/ui/main-window.ui#actionReportBug.text
zh-hans,zh_CN,Rewind,快退,translated,src/windows/ui/main-window.ui#actionRewind.text; src/windows/ui/main-window.ui#actionRewind.toolTip
zh-hans,zh_CN,Save Current Frame,保存当前帧,translated,src/windows/ui/main-window.ui#actionSaveFrame.text; src/windows/ui/main-window.ui#actionSaveFrame.toolTip
zh-hans,zh_CN,Save Project,保存项目,translated,src/windows/ui/main-window.ui#actionSave.text; src/windows/ui/main-window.ui#actionSave.toolTip
zh-hans,zh_CN,Save Project As...,项目另存为...,translated,src/windows/ui/main-window.ui#actionSaveAs.text; src/windows/ui/main-window.ui#actionSaveAs.toolTip
zh-hans,zh_CN,Scopes,示波器,translated,src/windows/main_window.py:3186
zh-hans,zh_CN,Show All,显示全部,translated,src/windows/ui/main-window.ui#actionEffectsShowAll.text; src/windows/ui/main-window.ui#actionEffectsShowAll.toolTip; src/windows/ui/main-window.ui#actionFilesShowAll.text; src/windows/ui/main-window.ui#actionFilesShowAll.toolTip; src/windows/ui/main-window.ui#actionTransitionsShowAll.text; src/windows/ui/main-window.ui#actionTransitionsShowAll.toolTip
zh-hans,zh_CN,Show keyframes,显示关键帧,translated,src/windows/views/timeline_backend/qwidget/base.py:2832
zh-hans,zh_CN,Simple View,普通视图,translated,src/windows/ui/main-window.ui#actionSimple_View.text
zh-hans,zh_CN,Tags,标签,translated,src/windows/models/files_model.py:337
zh-hans,zh_CN,Thumb,缩略图,translated,src/windows/models/files_model.py:337
zh-hans,zh_CN,Timeline,时间线,translated,src/windows/ui/main-window.ui#dockTimeline.windowTitle
zh-hans,zh_CN,Title,标题,translated,src/windows/ui/main-window.ui#actionTitle.text; src/windows/ui/main-window.ui#actionTitle.toolTip; src/windows/ui/main-window.ui#menuTitle.title
zh-hans,zh_CN,Toolbar,工具栏,translated,src/windows/ui/main-window.ui#toolBar.windowTitle
zh-hans,zh_CN,Track %s,轨道 %s,translated,src/windows/views/timeline_backend/qwidget/track.py:330
zh-hans,zh_CN,Transition,转场,translated,src/windows/views/timeline_backend/qwidget/base.py:2856
zh-hans,zh_CN,Transition: %s,转场：%s,translated,src/windows/views/timeline_backend/qwidget/base.py:2855
zh-hans,zh_CN,Transitions,转场,translated,src/windows/ui/main-window.ui#dockTransitions.windowTitle
zh-hans,zh_CN,Translate this Application...,翻译此软件...,translated,src/windows/ui/main-window.ui#actionTranslate.text
zh-hans,zh_CN,Tutorial,教程,translated,src/windows/ui/main-window.ui#actionTutorial.text; src/windows/ui/main-window.ui#dockTutorial.windowTitle
zh-hans,zh_CN,Undo,撤销,translated,src/windows/ui/main-window.ui#actionUndo.text; src/windows/ui/main-window.ui#actionUndo.toolTip
zh-hans,zh_CN,Unlock track,解锁轨道,translated,src/windows/views/timeline_backend/qwidget/base.py:2828
zh-hans,zh_CN,Untitled Project,未命名项目,translated,src/windows/main_window.py:3787; src/windows/main_window.py:879; src/windows/main_window.py:944
zh-hans,zh_CN,Update Available,有可用的更新,translated,src/windows/ui/main-window.ui#actionUpdate.text; src/windows/ui/main-window.ui#actionUpdate.toolTip
zh-hans,zh_CN,Value,值,translated,src/windows/models/properties_model.py:1666; src/windows/models/properties_model.py:1689
zh-hans,zh_CN,Vectorscope,矢量示波器,translated,src/windows/main_window.py:5445
zh-hans,zh_CN,Video,视频,translated,src/windows/ui/main-window.ui#actionEffectsShowVideo.text; src/windows/ui/main-window.ui#actionEffectsShowVideo.toolTip; src/windows/ui/main-window.ui#actionFilesShowVideo.text; src/windows/ui/main-window.ui#actionFilesShowVideo.toolTip
zh-hans,zh_CN,Video Preview,视频预览,translated,src/windows/ui/main-window.ui#dockVideo.windowTitle
zh-hans,zh_CN,View,视图,translated,src/windows/ui/main-window.ui#menuView.title
zh-hans,zh_CN,Window,窗口,translated,src/windows/ui/main-window.ui#menuWindow.title
zh-hans,zh_CN,Zoom left edge,缩放左边缘,translated,src/windows/views/zoom_slider.py:823
zh-hans,zh_CN,Zoom right edge,缩放右边缘,translated,src/windows/views/zoom_slider.py:824
zh-hant,zh_TW,&Edit,編輯(&E),translated,src/windows/ui/main-window.ui#menu_Edit.title
zh-hant,zh_TW,&File,檔案(&F),translated,src/windows/ui/main-window.ui#menuFile.title
zh-hant,zh_TW,&Preferences,偏好設定(&P),translated,src/windows/ui/main-window.ui#actionPreferences.text
zh-hant,zh_TW,&Quit,結束(&Q),translated,src/windows/ui/main-window.ui#actionQuit.text
zh-hant,zh_TW,About OpenShot,關於 OpenShot,translated,src/windows/ui/main-window.ui#actionAbout.text; src/windows/ui/main-window.ui#actionAbout.toolTip
zh-hant,zh_TW,Add Marker,加入標記,translated,src/windows/ui/main-window.ui#actionAddMarker.text; src/windows/ui/main-window.ui#actionAddMarker.toolTip
zh-hant,zh_TW,Add Track,加入影音軌,translated,src/windows/ui/main-window.ui#actionAddTrack.text; src/windows/ui/main-window.ui#actionAddTrack.toolTip
zh-hant,zh_TW,Animated Title,動畫標題,translated,src/windows/ui/main-window.ui#actionAnimatedTitle.text; src/windows/ui/main-window.ui#actionAnimatedTitle.toolTip
zh-hant,zh_TW,Ask a Question...,提出問題...,translated,src/windows/ui/main-window.ui#actionAskQuestion.text
zh-hant,zh_TW,Audio,音訊,translated,src/windows/ui/main-window.ui#actionEffectsShowAudio.text; src/windows/ui/main-window.ui#actionEffectsShowAudio.toolTip; src/windows/ui/main-window.ui#actionFilesShowAudio.text; src/windows/ui/main-window.ui#actionFilesShowAudio.toolTip
zh-hant,zh_TW,Audio Levels,音訊音量,translated,src/windows/main_window.py:5454
zh-hant,zh_TW,Caption Toolbar,字幕工具列,translated,src/windows/main_window.py:4254
zh-hant,zh_TW,Captions,字幕,translated,src/windows/ui/main-window.ui#dockCaptionEditor.windowTitle
zh-hant,zh_TW,Center on Playhead,播放頭置中,translated,src/windows/ui/main-window.ui#actionCenterOnPlayhead.text
zh-hant,zh_TW,Center the timeline on the Playhead,將時間軸按播放頭位置置中,translated,src/windows/ui/main-window.ui#actionCenterOnPlayhead.toolTip
zh-hant,zh_TW,Choose Profile,選擇設定檔,translated,src/windows/ui/main-window.ui#actionProfile.text; src/windows/ui/main-window.ui#actionProfile.toolTip
zh-hant,zh_TW,Clear,清除,translated,src/windows/ui/main-window.ui#menuClear.title
zh-hant,zh_TW,Click: center · Drag: zoom,點擊：置中 · 拖曳：縮放,translated,src/windows/views/zoom_slider.py:826
zh-hant,zh_TW,Clip,片段,translated,src/windows/views/timeline_backend/qwidget/base.py:2867
zh-hant,zh_TW,Clip: %s,片段：%s,translated,src/windows/views/timeline_backend/qwidget/base.py:2868
zh-hant,zh_TW,Color View,色彩檢視,translated,src/windows/main_window.py:5352; src/windows/ui/main-window.ui#actionColor_Grade_View.text
zh-hant,zh_TW,Common,一般,translated,src/windows/ui/main-window.ui#actionTransitionsShowCommon.text; src/windows/ui/main-window.ui#actionTransitionsShowCommon.toolTip
zh-hant,zh_TW,Contents,內容,translated,src/windows/ui/main-window.ui#actionHelpContents.text
zh-hant,zh_TW,Disable Razor,停用剃刀,translated,src/windows/main_window.py:2095; src/windows/main_window.py:2096
zh-hant,zh_TW,Disable Snapping,停用吸附,translated,src/windows/main_window.py:2081; src/windows/main_window.py:2082; src/windows/ui/main-window.ui#actionSnappingTool.text; src/windows/ui/main-window.ui#actionSnappingTool.toolTip
zh-hant,zh_TW,Disable Timing,停用變速工具,translated,src/windows/main_window.py:2109; src/windows/main_window.py:2110
zh-hant,zh_TW,Docks,面板,translated,src/windows/main_window.py:3183
zh-hant,zh_TW,Donate,贊助,translated,src/windows/ui/main-window.ui#actionDonate.text
zh-hant,zh_TW,Effect,特效,translated,src/windows/views/timeline_backend/qwidget/base.py:2849
zh-hant,zh_TW,Effect: %s,特效：%s,translated,src/windows/views/timeline_backend/qwidget/base.py:2848
zh-hant,zh_TW,Effects,特效,translated,src/windows/ui/main-window.ui#dockEffects.windowTitle
zh-hant,zh_TW,Emojis,表情符號,translated,src/windows/ui/main-window.ui#dockEmojis.windowTitle
zh-hant,zh_TW,Enable Razor,啟用剃刀,translated,src/windows/main_window.py:2098; src/windows/main_window.py:2099; src/windows/ui/main-window.ui#actionRazorTool.text; src/windows/ui/main-window.ui#actionRazorTool.toolTip
zh-hant,zh_TW,Enable Snapping,啟用吸附,translated,src/windows/main_window.py:2084; src/windows/main_window.py:2085
zh-hant,zh_TW,Enable Timing,啟用變速工具,translated,src/windows/main_window.py:2112; src/windows/main_window.py:2113; src/windows/ui/main-window.ui#actionTimingTool.text; src/windows/ui/main-window.ui#actionTimingTool.toolTip
zh-hant,zh_TW,Enter caption text...,輸入字幕文字...,translated,src/windows/main_window.py:3659
zh-hant,zh_TW,Export Project,匯出專案,translated,src/windows/ui/main-window.ui#menuExport.title
zh-hant,zh_TW,Export Video,匯出影片,translated,src/windows/ui/main-window.ui#actionExportVideo.text; src/windows/ui/main-window.ui#actionExportVideo.toolTip
zh-hant,zh_TW,Fast Forward,快轉,translated,src/windows/ui/main-window.ui#actionFastForward.text; src/windows/ui/main-window.ui#actionFastForward.toolTip
zh-hant,zh_TW,Filter,篩選,translated,src/windows/main_window.py:4191; src/windows/main_window.py:4208; src/windows/main_window.py:4227; src/windows/main_window.py:4238; src/windows/main_window.py:5483; src/windows/ui/main-window.ui#txtPropertyFilter.placeholderText
zh-hant,zh_TW,Fullscreen,全螢幕,translated,src/windows/ui/main-window.ui#actionFullscreen.text; src/windows/ui/main-window.ui#actionFullscreen.toolTip
zh-hant,zh_TW,Help,說明,translated,src/windows/ui/main-window.ui#menuHelp.title
zh-hant,zh_TW,Hide keyframes,隱藏關鍵影格,translated,src/windows/views/timeline_backend/qwidget/base.py:2832
zh-hant,zh_TW,Histogram,直方圖,translated,src/windows/main_window.py:5434
zh-hant,zh_TW,Image,圖像,translated,src/windows/ui/main-window.ui#actionFilesShowImage.text; src/windows/ui/main-window.ui#actionFilesShowImage.toolTip
zh-hant,zh_TW,Import Files,匯入檔案,translated,src/windows/ui/main-window.ui#actionImportFiles.toolTip
zh-hant,zh_TW,Import Files...,匯入檔案...,translated,src/windows/ui/main-window.ui#actionImportFiles.text
zh-hant,zh_TW,Import Project,匯入專案,translated,src/windows/ui/main-window.ui#menuImport_Project.title
zh-hant,zh_TW,Insert Caption,插入字幕,translated,src/windows/ui/main-window.ui#actionInsertTimestamp.text; src/windows/ui/main-window.ui#actionInsertTimestamp.toolTip
zh-hant,zh_TW,Join our Community...,加入我們的社群...,translated,src/windows/ui/main-window.ui#actionDiscord.text
zh-hant,zh_TW,Jump To End,跳到結尾,translated,src/windows/ui/main-window.ui#actionJumpEnd.text; src/windows/ui/main-window.ui#actionJumpEnd.toolTip
zh-hant,zh_TW,Jump To Start,跳到開首,translated,src/windows/ui/main-window.ui#actionJumpStart.text; src/windows/ui/main-window.ui#actionJumpStart.toolTip
zh-hant,zh_TW,Launch Tutorial,啟動教學,translated,src/windows/ui/main-window.ui#actionTutorial.toolTip
zh-hant,zh_TW,Lock track,鎖定影音軌,translated,src/windows/views/timeline_backend/qwidget/base.py:2828
zh-hant,zh_TW,Luma Waveform,亮度波形,translated,src/windows/main_window.py:5424
zh-hant,zh_TW,My Views,我的檢視,translated,src/windows/main_window.py:3167
zh-hant,zh_TW,Name,名稱,translated,src/windows/models/files_model.py:337
zh-hant,zh_TW,New Project,新專案,translated,src/windows/ui/main-window.ui#actionNew.text; src/windows/ui/main-window.ui#actionNew.toolTip
zh-hant,zh_TW,Next Marker,下個標記,translated,src/windows/ui/main-window.ui#actionNextMarker.text; src/windows/ui/main-window.ui#actionNextMarker.toolTip
zh-hant,zh_TW,Open Help Contents,開啟說明內容,translated,src/windows/ui/main-window.ui#actionHelpContents.toolTip
zh-hant,zh_TW,Open Project,開啟專案,translated,src/windows/ui/main-window.ui#actionOpen.toolTip
zh-hant,zh_TW,Open Project...,開啟專案...,translated,src/windows/ui/main-window.ui#actionOpen.text
zh-hant,zh_TW,Pan timeline,平移時間軸,translated,src/windows/views/zoom_slider.py:825
zh-hant,zh_TW,Pause,暫停,translated,src/themes/base.py:480
zh-hant,zh_TW,Play,播放,translated,src/themes/base.py:480; src/windows/ui/main-window.ui#actionPlay.text; src/windows/ui/main-window.ui#actionPlay.toolTip
zh-hant,zh_TW,Preferences,偏好設定,translated,src/windows/ui/main-window.ui#actionPreferences.toolTip
zh-hant,zh_TW,Previous Marker,上個標記,translated,src/windows/ui/main-window.ui#actionPreviousMarker.text; src/windows/ui/main-window.ui#actionPreviousMarker.toolTip
zh-hant,zh_TW,Project Files,專案檔案,translated,src/windows/ui/main-window.ui#dockFiles.windowTitle
zh-hant,zh_TW,Properties,屬性,translated,src/windows/ui/main-window.ui#dockProperties.windowTitle
zh-hant,zh_TW,Property,屬性,translated,src/windows/models/properties_model.py:1666; src/windows/models/properties_model.py:1689
zh-hant,zh_TW,Quit,結束,translated,src/windows/ui/main-window.ui#actionQuit.toolTip
zh-hant,zh_TW,Recent Projects,最近開啟的專案,translated,src/windows/main_window.py:3989
zh-hant,zh_TW,Recording,錄製,translated,src/windows/main_window.py:5463
zh-hant,zh_TW,Recording View,錄製檢視,translated,src/windows/main_window.py:3175
zh-hant,zh_TW,Recovery,復原,translated,src/windows/main_window.py:4065
zh-hant,zh_TW,Redo,重做,translated,src/windows/ui/main-window.ui#actionRedo.text; src/windows/ui/main-window.ui#actionRedo.toolTip
zh-hant,zh_TW,Report a Bug...,回報錯誤,translated,src/windows/ui/main-window.ui#actionReportBug.text
zh-hant,zh_TW,Rewind,倒轉,translated,src/windows/ui/main-window.ui#actionRewind.text; src/windows/ui/main-window.ui#actionRewind.toolTip
zh-hant,zh_TW,Save Current Frame,儲存目前影格,translated,src/windows/ui/main-window.ui#actionSaveFrame.text; src/windows/ui/main-window.ui#actionSaveFrame.toolTip
zh-hant,zh_TW,Save Project,儲存專案,translated,src/windows/ui/main-window.ui#actionSave.text; src/windows/ui/main-window.ui#actionSave.toolTip
zh-hant,zh_TW,Save Project As...,另存專案為...,translated,src/windows/ui/main-window.ui#actionSaveAs.text; src/windows/ui/main-window.ui#actionSaveAs.toolTip
zh-hant,zh_TW,Scopes,示波器,translated,src/windows/main_window.py:3186
zh-hant,zh_TW,Show All,全部顯示,translated,src/windows/ui/main-window.ui#actionEffectsShowAll.text; src/windows/ui/main-window.ui#actionEffectsShowAll.toolTip; src/windows/ui/main-window.ui#actionFilesShowAll.text; src/windows/ui/main-window.ui#actionFilesShowAll.toolTip; src/windows/ui/main-window.ui#actionTransitionsShowAll.text; src/windows/ui/main-window.ui#actionTransitionsShowAll.toolTip
zh-hant,zh_TW,Show keyframes,顯示關鍵影格,translated,src/windows/views/timeline_backend/qwidget/base.py:2832
zh-hant,zh_TW,Simple View,簡易檢視,translated,src/windows/ui/main-window.ui#actionSimple_View.text
zh-hant,zh_TW,Tags,標記,translated,src/windows/models/files_model.py:337
zh-hant,zh_TW,Thumb,縮圖,translated,src/windows/models/files_model.py:337
zh-hant,zh_TW,Timeline,時間軸,translated,src/windows/ui/main-window.ui#dockTimeline.windowTitle
zh-hant,zh_TW,Title,標題,translated,src/windows/ui/main-window.ui#actionTitle.text; src/windows/ui/main-window.ui#actionTitle.toolTip; src/windows/ui/main-window.ui#menuTitle.title
zh-hant,zh_TW,Toolbar,工具列,translated,src/windows/ui/main-window.ui#toolBar.windowTitle
zh-hant,zh_TW,Track %s,影音軌 %s,translated,src/windows/views/timeline_backend/qwidget/track.py:330
zh-hant,zh_TW,Transition,轉場,translated,src/windows/views/timeline_backend/qwidget/base.py:2856
zh-hant,zh_TW,Transition: %s,轉場：%s,translated,src/windows/views/timeline_backend/qwidget/base.py:2855
zh-hant,zh_TW,Transitions,轉場,translated,src/windows/ui/main-window.ui#dockTransitions.windowTitle
zh-hant,zh_TW,Translate this Application...,翻譯此應用程式...,translated,src/windows/ui/main-window.ui#actionTranslate.text
zh-hant,zh_TW,Tutorial,教學,translated,src/windows/ui/main-window.ui#actionTutorial.text; src/windows/ui/main-window.ui#dockTutorial.windowTitle
zh-hant,zh_TW,Undo,取消動作,translated,src/windows/ui/main-window.ui#actionUndo.text; src/windows/ui/main-window.ui#actionUndo.toolTip
zh-hant,zh_TW,Unlock track,解鎖影音軌,translated,src/windows/views/timeline_backend/qwidget/base.py:2828
zh-hant,zh_TW,Untitled Project,未命名專案,translated,src/windows/main_window.py:3787; src/windows/main_window.py:879; src/windows/main_window.py:944
zh-hant,zh_TW,Update Available,有更新,translated,src/windows/ui/main-window.ui#actionUpdate.text; src/windows/ui/main-window.ui#actionUpdate.toolTip
zh-hant,zh_TW,Value,值,translated,src/windows/models/properties_model.py:1666; src/windows/models/properties_model.py:1689
zh-hant,zh_TW,Vectorscope,向量示波器,translated,src/windows/main_window.py:5445
zh-hant,zh_TW,Video,視訊,translated,src/windows/ui/main-window.ui#actionEffectsShowVideo.text; src/windows/ui/main-window.ui#actionEffectsShowVideo.toolTip; src/windows/ui/main-window.ui#actionFilesShowVideo.text; src/windows/ui/main-window.ui#actionFilesShowVideo.toolTip
zh-hant,zh_TW,Video Preview,預覽影片,translated,src/windows/ui/main-window.ui#dockVideo.windowTitle
zh-hant,zh_TW,View,檢視,translated,src/windows/ui/main-window.ui#menuView.title
zh-hant,zh_TW,Window,視窗,translated,src/windows/ui/main-window.ui#menuWindow.title
zh-hant,zh_TW,Zoom left edge,縮放左側邊緣,translated,src/windows/views/zoom_slider.py:823
zh-hant,zh_TW,Zoom right edge,縮放右側邊緣,translated,src/windows/views/zoom_slider.py:824
hr,hr,&Edit,&Uredi,translated,src/windows/ui/main-window.ui#menu_Edit.title
hr,hr,&File,&Datoteka,translated,src/windows/ui/main-window.ui#menuFile.title
hr,hr,&Preferences,&Postavke,translated,src/windows/ui/main-window.ui#actionPreferences.text
hr,hr,&Quit,&Zatvori program,translated,src/windows/ui/main-window.ui#actionQuit.text
hr,hr,About OpenShot,OpenShot informacije,translated,src/windows/ui/main-window.ui#actionAbout.text; src/windows/ui/main-window.ui#actionAbout.toolTip
hr,hr,Add Marker,Dodaj oznaku,translated,src/windows/ui/main-window.ui#actionAddMarker.text; src/windows/ui/main-window.ui#actionAddMarker.toolTip
hr,hr,Add Track,Dodaj traku,translated,src/windows/ui/main-window.ui#actionAddTrack.text; src/windows/ui/main-window.ui#actionAddTrack.toolTip
hr,hr,Animated Title,Animirani naslov,translated,src/windows/ui/main-window.ui#actionAnimatedTitle.text; src/windows/ui/main-window.ui#actionAnimatedTitle.toolTip
hr,hr,Ask a Question...,Postavi pitanje …,translated,src/windows/ui/main-window.ui#actionAskQuestion.text
hr,hr,Audio,Zvuk,translated,src/windows/ui/main-window.ui#actionEffectsShowAudio.text; src/windows/ui/main-window.ui#actionEffectsShowAudio.toolTip; src/windows/ui/main-window.ui#actionFilesShowAudio.text; src/windows/ui/main-window.ui#actionFilesShowAudio.toolTip
hr,hr,Audio Levels,Razine zvuka,translated,src/windows/main_window.py:5454
hr,hr,Caption Toolbar,Traka alata za podnaslove,translated,src/windows/main_window.py:4254
hr,hr,Captions,Podnaslovi,translated,src/windows/ui/main-window.ui#dockCaptionEditor.windowTitle
hr,hr,Center on Playhead,Centriraj na pokazivač reprodukcije,translated,src/windows/ui/main-window.ui#actionCenterOnPlayhead.text
hr,hr,Center the timeline on the Playhead,Centriraj vremensku crtu na pokazivač reprodukcije,translated,src/windows/ui/main-window.ui#actionCenterOnPlayhead.toolTip
hr,hr,Choose Profile,Odaberi profil,translated,src/windows/ui/main-window.ui#actionProfile.text; src/windows/ui/main-window.ui#actionProfile.toolTip
hr,hr,Clear,Izbriši,translated,src/windows/ui/main-window.ui#menuClear.title
hr,hr,Click: center · Drag: zoom,Klik: centriraj · Povuci: zumiraj,translated,src/windows/views/zoom_slider.py:826
hr,hr,Clip,Isječak,translated,src/windows/views/timeline_backend/qwidget/base.py:2867
hr,hr,Clip: %s,Isječak: %s,translated,src/windows/views/timeline_backend/qwidget/base.py:2868
hr,hr,Color View,Prikaz boja,translated,src/windows/main_window.py:5352; src/windows/ui/main-window.ui#actionColor_Grade_View.text
hr,hr,Common,Uobičajeno,translated,src/windows/ui/main-window.ui#actionTransitionsShowCommon.text; src/windows/ui/main-window.ui#actionTransitionsShowCommon.toolTip
hr,hr,Contents,Sadržaj,translated,src/windows/ui/main-window.ui#actionHelpContents.text
hr,hr,Disable Razor,Deaktiviraj rezač,translated,src/windows/main_window.py:2095; src/windows/main_window.py:2096
hr,hr,Disable Snapping,Deaktiviraj privlačenje,translated,src/windows/main_window.py:2081; src/windows/main_window.py:2082; src/windows/ui/main-window.ui#actionSnappingTool.text; src/windows/ui/main-window.ui#actionSnappingTool.toolTip
hr,hr,Disable Timing,Deaktiviraj promjenu brzine,translated,src/windows/main_window.py:2109; src/windows/main_window.py:2110
hr,hr,Docks,Dokovi,translated,src/windows/main_window.py:3183
hr,hr,Donate,Doniraj,translated,src/windows/ui/main-window.ui#actionDonate.text
hr,hr,Effect,Efekt,translated,src/windows/views/timeline_backend/qwidget/base.py:2849
hr,hr,Effect: %s,Efekt: %s,translated,src/windows/views/timeline_backend/qwidget/base.py:2848
hr,hr,Effects,Efekti,translated,src/windows/ui/main-window.ui#dockEffects.windowTitle
hr,hr,Emojis,Emoji znakovi,translated,src/windows/ui/main-window.ui#dockEmojis.windowTitle
hr,hr,Enable Razor,Aktiviraj rezač,translated,src/windows/main_window.py:2098; src/windows/main_window.py:2099; src/windows/ui/main-window.ui#actionRazorTool.text; src/windows/ui/main-window.ui#actionRazorTool.toolTip
hr,hr,Enable Snapping,Aktiviraj privlačenje,translated,src/windows/main_window.py:2084; src/windows/main_window.py:2085
hr,hr,Enable Timing,Aktiviraj promjenu brzine,translated,src/windows/main_window.py:2112; src/windows/main_window.py:2113; src/windows/ui/main-window.ui#actionTimingTool.text; src/windows/ui/main-window.ui#actionTimingTool.toolTip
hr,hr,Enter caption text...,Upiši tekst podnaslova …,translated,src/windows/main_window.py:3659
hr,hr,Export Project,Izvezi projekt,translated,src/windows/ui/main-window.ui#menuExport.title
hr,hr,Export Video,Izvezi video,translated,src/windows/ui/main-window.ui#actionExportVideo.text; src/windows/ui/main-window.ui#actionExportVideo.toolTip
hr,hr,Fast Forward,Premotaj brzo naprijed,translated,src/windows/ui/main-window.ui#actionFastForward.text; src/windows/ui/main-window.ui#actionFastForward.toolTip
hr,hr,Filter,Filtar,translated,src/windows/main_window.py:4191; src/windows/main_window.py:4208; src/windows/main_window.py:4227; src/windows/main_window.py:4238; src/windows/main_window.py:5483; src/windows/ui/main-window.ui#txtPropertyFilter.placeholderText
hr,hr,Fullscreen,Cjeloekranski prikaz,translated,src/windows/ui/main-window.ui#actionFullscreen.text; src/windows/ui/main-window.ui#actionFullscreen.toolTip
hr,hr,Help,Pomoć,translated,src/windows/ui/main-window.ui#menuHelp.title
hr,hr,Hide keyframes,Sakrij ključne okvire,translated,src/windows/views/timeline_backend/qwidget/base.py:2832
hr,hr,Histogram,Histogram,same-as-source,src/windows/main_window.py:5434
hr,hr,Image,Slika,translated,src/windows/ui/main-window.ui#actionFilesShowImage.text; src/windows/ui/main-window.ui#actionFilesShowImage.toolTip
hr,hr,Import Files,Uvezi datoteke,translated,src/windows/ui/main-window.ui#actionImportFiles.toolTip
hr,hr,Import Files...,Uvezi datoteke …,translated,src/windows/ui/main-window.ui#actionImportFiles.text
hr,hr,Import Project,Uvezi projekt,translated,src/windows/ui/main-window.ui#menuImport_Project.title
hr,hr,Insert Caption,Umetni podnaslov,translated,src/windows/ui/main-window.ui#actionInsertTimestamp.text; src/windows/ui/main-window.ui#actionInsertTimestamp.toolTip
hr,hr,Join our Community...,Pridruži se našoj zajednici …,translated,src/windows/ui/main-window.ui#actionDiscord.text
hr,hr,Jump To End,Skoči na kraj,translated,src/windows/ui/main-window.ui#actionJumpEnd.text; src/windows/ui/main-window.ui#actionJumpEnd.toolTip
hr,hr,Jump To Start,Skoči na početak,translated,src/windows/ui/main-window.ui#actionJumpStart.text; src/windows/ui/main-window.ui#actionJumpStart.toolTip
hr,hr,Launch Tutorial,Pokreni priručnik,translated,src/windows/ui/main-window.ui#actionTutorial.toolTip
hr,hr,Lock track,Zaključaj traku,translated,src/windows/views/timeline_backend/qwidget/base.py:2828
hr,hr,Luma Waveform,Luma valni oblik,translated,src/windows/main_window.py:5424
hr,hr,My Views,Moji prikazi,translated,src/windows/main_window.py:3167
hr,hr,Name,Ime,translated,src/windows/models/files_model.py:337
hr,hr,New Project,Novi projekt,translated,src/windows/ui/main-window.ui#actionNew.text; src/windows/ui/main-window.ui#actionNew.toolTip
hr,hr,Next Marker,Sljedeća oznaka,translated,src/windows/ui/main-window.ui#actionNextMarker.text; src/windows/ui/main-window.ui#actionNextMarker.toolTip
hr,hr,Open Help Contents,Otvori sadržaj pomoći,translated,src/windows/ui/main-window.ui#actionHelpContents.toolTip
hr,hr,Open Project,Otvori projekt,translated,src/windows/ui/main-window.ui#actionOpen.toolTip
hr,hr,Open Project...,Otvori projekt …,translated,src/windows/ui/main-window.ui#actionOpen.text
hr,hr,Pan timeline,Pomakni vremensku crtu,translated,src/windows/views/zoom_slider.py:825
hr,hr,Pause,Pauza,translated,src/themes/base.py:480
hr,hr,Play,Pokreni,translated,src/themes/base.py:480; src/windows/ui/main-window.ui#actionPlay.text; src/windows/ui/main-window.ui#actionPlay.toolTip
hr,hr,Preferences,Postavke,translated,src/windows/ui/main-window.ui#actionPreferences.toolTip
hr,hr,Previous Marker,Prethodna oznaka,translated,src/windows/ui/main-window.ui#actionPreviousMarker.text; src/windows/ui/main-window.ui#actionPreviousMarker.toolTip
hr,hr,Project Files,Datoteke projekta,translated,src/windows/ui/main-window.ui#dockFiles.windowTitle
hr,hr,Properties,Svojstva,translated,src/windows/ui/main-window.ui#dockProperties.windowTitle
hr,hr,Property,Svojstvo,translated,src/windows/models/properties_model.py:1666; src/windows/models/properties_model.py:1689
hr,hr,Quit,Zatvori program,translated,src/windows/ui/main-window.ui#actionQuit.toolTip
hr,hr,Recent Projects,Nedavni projekti,translated,src/windows/main_window.py:3989
hr,hr,Recording,Snimanje,translated,src/windows/main_window.py:5463
hr,hr,Recording View,Prikaz snimanja,translated,src/windows/main_window.py:3175
hr,hr,Recovery,Obnova,translated,src/windows/main_window.py:4065
hr,hr,Redo,Ponovi,translated,src/windows/ui/main-window.ui#actionRedo.text; src/windows/ui/main-window.ui#actionRedo.toolTip
hr,hr,Report a Bug...,Prijavi grešku …,translated,src/windows/ui/main-window.ui#actionReportBug.text
hr,hr,Rewind,Premotaj natrag,translated,src/windows/ui/main-window.ui#actionRewind.text; src/windows/ui/main-window.ui#actionRewind.toolTip
hr,hr,Save Current Frame,Spremi trenutačni kadar,translated,src/windows/ui/main-window.ui#actionSaveFrame.text; src/windows/ui/main-window.ui#actionSaveFrame.toolTip
hr,hr,Save Project,Spremi projekt,translated,src/windows/ui/main-window.ui#actionSave.text; src/windows/ui/main-window.ui#actionSave.toolTip
hr,hr,Save Project As...,Spremi projekt kao …,translated,src/windows/ui/main-window.ui#actionSaveAs.text; src/windows/ui/main-window.ui#actionSaveAs.toolTip
hr,hr,Scopes,Opsezi,translated,src/windows/main_window.py:3186
hr,hr,Show All,Pokaži sve,translated,src/windows/ui/main-window.ui#actionEffectsShowAll.text; src/windows/ui/main-window.ui#actionEffectsShowAll.toolTip; src/windows/ui/main-window.ui#actionFilesShowAll.text; src/windows/ui/main-window.ui#actionFilesShowAll.toolTip; src/windows/ui/main-window.ui#actionTransitionsShowAll.text; src/windows/ui/main-window.ui#actionTransitionsShowAll.toolTip
hr,hr,Show keyframes,Prikaži ključne okvire,translated,src/windows/views/timeline_backend/qwidget/base.py:2832
hr,hr,Simple View,Jednostavni prikaz,translated,src/windows/ui/main-window.ui#actionSimple_View.text
hr,hr,Tags,Etikete,translated,src/windows/models/files_model.py:337
hr,hr,Thumb,Minijatura,translated,src/windows/models/files_model.py:337
hr,hr,Timeline,Vremenska crta,translated,src/windows/ui/main-window.ui#dockTimeline.windowTitle
hr,hr,Title,Naslov,translated,src/windows/ui/main-window.ui#actionTitle.text; src/windows/ui/main-window.ui#actionTitle.toolTip; src/windows/ui/main-window.ui#menuTitle.title
hr,hr,Toolbar,Traka alata,translated,src/windows/ui/main-window.ui#toolBar.windowTitle
hr,hr,Track %s,Traka %s,translated,src/windows/views/timeline_backend/qwidget/track.py:330
hr,hr,Transition,Prijelaz,translated,src/windows/views/timeline_backend/qwidget/base.py:2856
hr,hr,Transition: %s,Prijelaz: %s,translated,src/windows/views/timeline_backend/qwidget/base.py:2855
hr,hr,Transitions,Prijelazi,translated,src/windows/ui/main-window.ui#dockTransitions.windowTitle
hr,hr,Translate this Application...,Prevedi ovaj program …,translated,src/windows/ui/main-window.ui#actionTranslate.text
hr,hr,Tutorial,Priručnik,translated,src/windows/ui/main-window.ui#actionTutorial.text; src/windows/ui/main-window.ui#dockTutorial.windowTitle
hr,hr,Undo,Poništi,translated,src/windows/ui/main-window.ui#actionUndo.text; src/windows/ui/main-window.ui#actionUndo.toolTip
hr,hr,Unlock track,Otključaj traku,translated,src/windows/views/timeline_backend/qwidget/base.py:2828
hr,hr,Untitled Project,Neimenovani projekt,translated,src/windows/main_window.py:3787; src/windows/main_window.py:879; src/windows/main_window.py:944
hr,hr,Update Available,Dostupna je nova verzija,translated,src/windows/ui/main-window.ui#actionUpdate.text; src/windows/ui/main-window.ui#actionUpdate.toolTip
hr,hr,Value,Vrijednost,translated,src/windows/models/properties_model.py:1666; src/windows/models/properties_model.py:1689
hr,hr,Vectorscope,Vektorskop,translated,src/windows/main_window.py:5445
hr,hr,Video,Video,same-as-source,src/windows/ui/main-window.ui#actionEffectsShowVideo.text; src/windows/ui/main-window.ui#actionEffectsShowVideo.toolTip; src/windows/ui/main-window.ui#actionFilesShowVideo.text; src/windows/ui/main-window.ui#actionFilesShowVideo.toolTip
hr,hr,Video Preview,Pregled videa,translated,src/windows/ui/main-window.ui#dockVideo.windowTitle
hr,hr,View,Prikaz,translated,src/windows/ui/main-window.ui#menuView.title
hr,hr,Window,Prozor,translated,src/windows/ui/main-window.ui#menuWindow.title
hr,hr,Zoom left edge,Zumiraj lijevi rub,translated,src/windows/views/zoom_slider.py:823
hr,hr,Zoom right edge,Zumiraj desni rub,translated,src/windows/views/zoom_slider.py:824
nl,nl,&Edit,B&ewerken,translated,src/windows/ui/main-window.ui#menu_Edit.title
nl,nl,&File,&Bestand,translated,src/windows/ui/main-window.ui#menuFile.title
nl,nl,&Preferences,&Voorkeuren,translated,src/windows/ui/main-window.ui#actionPreferences.text
nl,nl,&Quit,&Afsluiten,translated,src/windows/ui/main-window.ui#actionQuit.text
nl,nl,About OpenShot,Over OpenShot,translated,src/windows/ui/main-window.ui#actionAbout.text; src/windows/ui/main-window.ui#actionAbout.toolTip
nl,nl,Add Marker,Markering toevoegen,translated,src/windows/ui/main-window.ui#actionAddMarker.text; src/windows/ui/main-window.ui#actionAddMarker.toolTip
nl,nl,Add Track,Spoor toevoegen,translated,src/windows/ui/main-window.ui#actionAddTrack.text; src/windows/ui/main-window.ui#actionAddTrack.toolTip
nl,nl,Animated Title,Geanimeerde titel,translated,src/windows/ui/main-window.ui#actionAnimatedTitle.text; src/windows/ui/main-window.ui#actionAnimatedTitle.toolTip
nl,nl,Ask a Question...,Een vraag stellen...,translated,src/windows/ui/main-window.ui#actionAskQuestion.text
nl,nl,Audio,Audio,same-as-source,src/windows/ui/main-window.ui#actionEffectsShowAudio.text; src/windows/ui/main-window.ui#actionEffectsShowAudio.toolTip; src/windows/ui/main-window.ui#actionFilesShowAudio.text; src/windows/ui/main-window.ui#actionFilesShowAudio.toolTip
nl,nl,Audio Levels,Audioniveaus,translated,src/windows/main_window.py:5454
nl,nl,Caption Toolbar,Ondertitelwerkbalk,translated,src/windows/main_window.py:4254
nl,nl,Captions,Ondertitels,translated,src/windows/ui/main-window.ui#dockCaptionEditor.windowTitle
nl,nl,Center on Playhead,Centreren op afspeelkop,translated,src/windows/ui/main-window.ui#actionCenterOnPlayhead.text
nl,nl,Center the timeline on the Playhead,De tijdbalk centreren op de afspeelkop,translated,src/windows/ui/main-window.ui#actionCenterOnPlayhead.toolTip
nl,nl,Choose Profile,Profiel kiezen,translated,src/windows/ui/main-window.ui#actionProfile.text; src/windows/ui/main-window.ui#actionProfile.toolTip
nl,nl,Clear,Wissen,translated,src/windows/ui/main-window.ui#menuClear.title
nl,nl,Click: center · Drag: zoom,Klik: centreren · Sleep: zoomen,translated,src/windows/views/zoom_slider.py:826
nl,nl,Clip,Clip,same-as-source,src/windows/views/timeline_backend/qwidget/base.py:2867
nl,nl,Clip: %s,Clip: %s,same-as-source,src/windows/views/timeline_backend/qwidget/base.py:2868
nl,nl,Color View,Kleurweergave,translated,src/windows/main_window.py:5352; src/windows/ui/main-window.ui#actionColor_Grade_View.text
nl,nl,Common,Veelgebruikt,translated,src/windows/ui/main-window.ui#actionTransitionsShowCommon.text; src/windows/ui/main-window.ui#actionTransitionsShowCommon.toolTip
nl,nl,Contents,Inhoud,translated,src/windows/ui/main-window.ui#actionHelpContents.text
nl,nl,Disable Razor,Scheermes uitschakelen,translated,src/windows/main_window.py:2095; src/windows/main_window.py:2096
nl,nl,Disable Snapping,Vastklikken uitschakelen,translated,src/windows/main_window.py:2081; src/windows/main_window.py:2082; src/windows/ui/main-window.ui#actionSnappingTool.text; src/windows/ui/main-window.ui#actionSnappingTool.toolTip
nl,nl,Disable Timing,Tijdinstelling uitschakelen,translated,src/windows/main_window.py:2109; src/windows/main_window.py:2110
nl,nl,Docks,Dokken,translated,src/windows/main_window.py:3183
nl,nl,Donate,Doneren,translated,src/windows/ui/main-window.ui#actionDonate.text
nl,nl,Effect,Effect,same-as-source,src/windows/views/timeline_backend/qwidget/base.py:2849
nl,nl,Effect: %s,Effect: %s,same-as-source,src/windows/views/timeline_backend/qwidget/base.py:2848
nl,nl,Effects,Effecten,translated,src/windows/ui/main-window.ui#dockEffects.windowTitle
nl,nl,Emojis,Emoji's,translated,src/windows/ui/main-window.ui#dockEmojis.windowTitle
nl,nl,Enable Razor,Scheermes inschakelen,translated,src/windows/main_window.py:2098; src/windows/main_window.py:2099; src/windows/ui/main-window.ui#actionRazorTool.text; src/windows/ui/main-window.ui#actionRazorTool.toolTip
nl,nl,Enable Snapping,Vastklikken inschakelen,translated,src/windows/main_window.py:2084; src/windows/main_window.py:2085
nl,nl,Enable Timing,Tijdinstelling inschakelen,translated,src/windows/main_window.py:2112; src/windows/main_window.py:2113; src/windows/ui/main-window.ui#actionTimingTool.text; src/windows/ui/main-window.ui#actionTimingTool.toolTip
nl,nl,Enter caption text...,Ondertiteltekst invoeren...,translated,src/windows/main_window.py:3659
nl,nl,Export Project,Project exporteren,translated,src/windows/ui/main-window.ui#menuExport.title
nl,nl,Export Video,Video exporteren,translated,src/windows/ui/main-window.ui#actionExportVideo.text; src/windows/ui/main-window.ui#actionExportVideo.toolTip
nl,nl,Fast Forward,Vooruitspoelen,translated,src/windows/ui/main-window.ui#actionFastForward.text; src/windows/ui/main-window.ui#actionFastForward.toolTip
nl,nl,Filter,Filteren,translated,src/windows/main_window.py:4191; src/windows/main_window.py:4208; src/windows/main_window.py:4227; src/windows/main_window.py:4238; src/windows/main_window.py:5483; src/windows/ui/main-window.ui#txtPropertyFilter.placeholderText
nl,nl,Fullscreen,Schermvullend,translated,src/windows/ui/main-window.ui#actionFullscreen.text; src/windows/ui/main-window.ui#actionFullscreen.toolTip
nl,nl,Help,Help,same-as-source,src/windows/ui/main-window.ui#menuHelp.title
nl,nl,Hide keyframes,Verberg keyframes,translated,src/windows/views/timeline_backend/qwidget/base.py:2832
nl,nl,Histogram,Histogram,same-as-source,src/windows/main_window.py:5434
nl,nl,Image,Afbeelding,translated,src/windows/ui/main-window.ui#actionFilesShowImage.text; src/windows/ui/main-window.ui#actionFilesShowImage.toolTip
nl,nl,Import Files,Bestanden importeren,translated,src/windows/ui/main-window.ui#actionImportFiles.toolTip
nl,nl,Import Files...,Bestanden importeren...,translated,src/windows/ui/main-window.ui#actionImportFiles.text
nl,nl,Import Project,Project importeren,translated,src/windows/ui/main-window.ui#menuImport_Project.title
nl,nl,Insert Caption,Ondertitel invoegen,translated,src/windows/ui/main-window.ui#actionInsertTimestamp.text; src/windows/ui/main-window.ui#actionInsertTimestamp.toolTip
nl,nl,Join our Community...,Word lid van onze community...,translated,src/windows/ui/main-window.ui#actionDiscord.text
nl,nl,Jump To End,Naar einde springen,translated,src/windows/ui/main-window.ui#actionJumpEnd.text; src/windows/ui/main-window.ui#actionJumpEnd.toolTip
nl,nl,Jump To Start,Naar begin springen,translated,src/windows/ui/main-window.ui#actionJumpStart.text; src/windows/ui/main-window.ui#actionJumpStart.toolTip
nl,nl,Launch Tutorial,Handleiding openen,translated,src/windows/ui/main-window.ui#actionTutorial.toolTip
nl,nl,Lock track,Vergrendel spoor,translated,src/windows/views/timeline_backend/qwidget/base.py:2828
nl,nl,Luma Waveform,Luma-golfvorm,translated,src/windows/main_window.py:5424
nl,nl,My Views,Mijn weergaven,translated,src/windows/main_window.py:3167
nl,nl,Name,Naam,translated,src/windows/models/files_model.py:337
nl,nl,New Project,Nieuw project,translated,src/windows/ui/main-window.ui#actionNew.text; src/windows/ui/main-window.ui#actionNew.toolTip
nl,nl,Next Marker,Volgende markering,translated,src/windows/ui/main-window.ui#actionNextMarker.text; src/windows/ui/main-window.ui#actionNextMarker.toolTip
nl,nl,Open Help Contents,Help-inhoud openen,translated,src/windows/ui/main-window.ui#actionHelpContents.toolTip
nl,nl,Open Project,Project openen,translated,src/windows/ui/main-window.ui#actionOpen.toolTip
nl,nl,Open Project...,Project openen...,translated,src/windows/ui/main-window.ui#actionOpen.text
nl,nl,Pan timeline,Tijdbalk verschuiven,translated,src/windows/views/zoom_slider.py:825
nl,nl,Pause,Pauzeren,translated,src/themes/base.py:480
nl,nl,Play,Afspelen,translated,src/themes/base.py:480; src/windows/ui/main-window.ui#actionPlay.text; src/windows/ui/main-window.ui#actionPlay.toolTip
nl,nl,Preferences,Voorkeuren,translated,src/windows/ui/main-window.ui#actionPreferences.toolTip
nl,nl,Previous Marker,Vorige markering,translated,src/windows/ui/main-window.ui#actionPreviousMarker.text; src/windows/ui/main-window.ui#actionPreviousMarker.toolTip
nl,nl,Project Files,Projectbestanden,translated,src/windows/ui/main-window.ui#dockFiles.windowTitle
nl,nl,Properties,Eigenschappen,translated,src/windows/ui/main-window.ui#dockProperties.windowTitle
nl,nl,Property,Eigenschap,translated,src/windows/models/properties_model.py:1666; src/windows/models/properties_model.py:1689
nl,nl,Quit,Afsluiten,translated,src/windows/ui/main-window.ui#actionQuit.toolTip
nl,nl,Recent Projects,Recente projecten,translated,src/windows/main_window.py:3989
nl,nl,Recording,Opname,translated,src/windows/main_window.py:5463
nl,nl,Recording View,Opnameweergave,translated,src/windows/main_window.py:3175
nl,nl,Recovery,Herstel,translated,src/windows/main_window.py:4065
nl,nl,Redo,Opnieuw uitvoeren,translated,src/windows/ui/main-window.ui#actionRedo.text; src/windows/ui/main-window.ui#actionRedo.toolTip
nl,nl,Report a Bug...,Een bug melden...,translated,src/windows/ui/main-window.ui#actionReportBug.text
nl,nl,Rewind,Terugspoelen,translated,src/windows/ui/main-window.ui#actionRewind.text; src/windows/ui/main-window.ui#actionRewind.toolTip
nl,nl,Save Current Frame,Huidig frame opslaan,translated,src/windows/ui/main-window.ui#actionSaveFrame.text; src/windows/ui/main-window.ui#actionSaveFrame.toolTip
nl,nl,Save Project,Project opslaan,translated,src/windows/ui/main-window.ui#actionSave.text; src/windows/ui/main-window.ui#actionSave.toolTip
nl,nl,Save Project As...,Project opslaan als...,translated,src/windows/ui/main-window.ui#actionSaveAs.text; src/windows/ui/main-window.ui#actionSaveAs.toolTip
nl,nl,Scopes,Scopes,same-as-source,src/windows/main_window.py:3186
nl,nl,Show All,Alles weergeven,translated,src/windows/ui/main-window.ui#actionEffectsShowAll.text; src/windows/ui/main-window.ui#actionEffectsShowAll.toolTip; src/windows/ui/main-window.ui#actionFilesShowAll.text; src/windows/ui/main-window.ui#actionFilesShowAll.toolTip; src/windows/ui/main-window.ui#actionTransitionsShowAll.text; src/windows/ui/main-window.ui#actionTransitionsShowAll.toolTip
nl,nl,Show keyframes,Toon keyframes,translated,src/windows/views/timeline_backend/qwidget/base.py:2832
nl,nl,Simple View,Eenvoudige weergave,translated,src/windows/ui/main-window.ui#actionSimple_View.text
nl,nl,Tags,Tags,same-as-source,src/windows/models/files_model.py:337
nl,nl,Thumb,Miniatuur,translated,src/windows/models/files_model.py:337
nl,nl,Timeline,Tijdbalk,translated,src/windows/ui/main-window.ui#dockTimeline.windowTitle
nl,nl,Title,Titel,translated,src/windows/ui/main-window.ui#actionTitle.text; src/windows/ui/main-window.ui#actionTitle.toolTip; src/windows/ui/main-window.ui#menuTitle.title
nl,nl,Toolbar,Werkbalk,translated,src/windows/ui/main-window.ui#toolBar.windowTitle
nl,nl,Track %s,Spoor %s,translated,src/windows/views/timeline_backend/qwidget/track.py:330
nl,nl,Transition,Overgang,translated,src/windows/views/timeline_backend/qwidget/base.py:2856
nl,nl,Transition: %s,Overgang: %s,translated,src/windows/views/timeline_backend/qwidget/base.py:2855
nl,nl,Transitions,Overgangen,translated,src/windows/ui/main-window.ui#dockTransitions.windowTitle
nl,nl,Translate this Application...,Dit programma vertalen...,translated,src/windows/ui/main-window.ui#actionTranslate.text
nl,nl,Tutorial,Handleiding,translated,src/windows/ui/main-window.ui#actionTutorial.text; src/windows/ui/main-window.ui#dockTutorial.windowTitle
nl,nl,Undo,Ongedaan maken,translated,src/windows/ui/main-window.ui#actionUndo.text; src/windows/ui/main-window.ui#actionUndo.toolTip
nl,nl,Unlock track,Ontgrendel spoor,translated,src/windows/views/timeline_backend/qwidget/base.py:2828
nl,nl,Untitled Project,Naamloos project,translated,src/windows/main_window.py:3787; src/windows/main_window.py:879; src/windows/main_window.py:944
nl,nl,Update Available,Update beschikbaar,translated,src/windows/ui/main-window.ui#actionUpdate.text; src/windows/ui/main-window.ui#actionUpdate.toolTip
nl,nl,Value,Waarde,translated,src/windows/models/properties_model.py:1666; src/windows/models/properties_model.py:1689
nl,nl,Vectorscope,Vectorscoop,translated,src/windows/main_window.py:5445
nl,nl,Video,Video,same-as-source,src/windows/ui/main-window.ui#actionEffectsShowVideo.text; src/windows/ui/main-window.ui#actionEffectsShowVideo.toolTip; src/windows/ui/main-window.ui#actionFilesShowVideo.text; src/windows/ui/main-window.ui#actionFilesShowVideo.toolTip
nl,nl,Video Preview,Videovoorbeeld,translated,src/windows/ui/main-window.ui#dockVideo.windowTitle
nl,nl,View,Weergave,translated,src/windows/ui/main-window.ui#menuView.title
nl,nl,Window,Venster,translated,src/windows/ui/main-window.ui#menuWindow.title
nl,nl,Zoom left edge,Zoom linkerzijde,translated,src/windows/views/zoom_slider.py:823
nl,nl,Zoom right edge,Zoom rechterzijde,translated,src/windows/views/zoom_slider.py:824
fr,fr,&Edit,&Édition,translated,src/windows/ui/main-window.ui#menu_Edit.title
fr,fr,&File,&Fichier,translated,src/windows/ui/main-window.ui#menuFile.title
fr,fr,&Preferences,&Préférences,translated,src/windows/ui/main-window.ui#actionPreferences.text
fr,fr,&Quit,&Quitter,translated,src/windows/ui/main-window.ui#actionQuit.text
fr,fr,About OpenShot,À propos d'OpenShot,translated,src/windows/ui/main-window.ui#actionAbout.text; src/windows/ui/main-window.ui#actionAbout.toolTip
fr,fr,Add Marker,Ajouter un repère,translated,src/windows/ui/main-window.ui#actionAddMarker.text; src/windows/ui/main-window.ui#actionAddMarker.toolTip
fr,fr,Add Track,Ajouter une piste,translated,src/windows/ui/main-window.ui#actionAddTrack.text; src/windows/ui/main-window.ui#actionAddTrack.toolTip
fr,fr,Animated Title,Titre animé,translated,src/windows/ui/main-window.ui#actionAnimatedTitle.text; src/windows/ui/main-window.ui#actionAnimatedTitle.toolTip
fr,fr,Ask a Question...,Poser une question...,translated,src/windows/ui/main-window.ui#actionAskQuestion.text
fr,fr,Audio,Audio,same-as-source,src/windows/ui/main-window.ui#actionEffectsShowAudio.text; src/windows/ui/main-window.ui#actionEffectsShowAudio.toolTip; src/windows/ui/main-window.ui#actionFilesShowAudio.text; src/windows/ui/main-window.ui#actionFilesShowAudio.toolTip
fr,fr,Audio Levels,Niveaux audio,translated,src/windows/main_window.py:5454
fr,fr,Caption Toolbar,Barre d’outils des sous-titres,translated,src/windows/main_window.py:4254
fr,fr,Captions,Sous-titres,translated,src/windows/ui/main-window.ui#dockCaptionEditor.windowTitle
fr,fr,Center on Playhead,Centrer sur la tête de lecture,translated,src/windows/ui/main-window.ui#actionCenterOnPlayhead.text
fr,fr,Center the timeline on the Playhead,Centrer la ligne de temps sur la tête de lecture,translated,src/windows/ui/main-window.ui#actionCenterOnPlayhead.toolTip
fr,fr,Choose Profile,Choisir un profil,translated,src/windows/ui/main-window.ui#actionProfile.text; src/windows/ui/main-window.ui#actionProfile.toolTip
fr,fr,Clear,Effacer,translated,src/windows/ui/main-window.ui#menuClear.title
fr,fr,Click: center · Drag: zoom,Clic : centrer · Glisser : zoomer,translated,src/windows/views/zoom_slider.py:826
fr,fr,Clip,Clip,same-as-source,src/windows/views/timeline_backend/qwidget/base.py:2867
fr,fr,Clip: %s,Clip : %s,translated,src/windows/views/timeline_backend/qwidget/base.py:2868
fr,fr,Color View,Vue couleur,translated,src/windows/main_window.py:5352; src/windows/ui/main-window.ui#actionColor_Grade_View.text
fr,fr,Common,Commun,translated,src/windows/ui/main-window.ui#actionTransitionsShowCommon.text; src/windows/ui/main-window.ui#actionTransitionsShowCommon.toolTip
fr,fr,Contents,Sommaire,translated,src/windows/ui/main-window.ui#actionHelpContents.text
fr,fr,Disable Razor,Désactiver le rasoir,translated,src/windows/main_window.py:2095; src/windows/main_window.py:2096
fr,fr,Disable Snapping,Désactiver le magnétisme,translated,src/windows/main_window.py:2081; src/windows/main_window.py:2082; src/windows/ui/main-window.ui#actionSnappingTool.text; src/windows/ui/main-window.ui#actionSnappingTool.toolTip
fr,fr,Disable Timing,Désactiver le minutage,translated,src/windows/main_window.py:2109; src/windows/main_window.py:2110
fr,fr,Docks,Docks,same-as-source,src/windows/main_window.py:3183
fr,fr,Donate,Faire un don,translated,src/windows/ui/main-window.ui#actionDonate.text
fr,fr,Effect,Effet,translated,src/windows/views/timeline_backend/qwidget/base.py:2849
fr,fr,Effect: %s,Effet : %s,translated,src/windows/views/timeline_backend/qwidget/base.py:2848
fr,fr,Effects,Effets,translated,src/windows/ui/main-window.ui#dockEffects.windowTitle
fr,fr,Emojis,Émojis,translated,src/windows/ui/main-window.ui#dockEmojis.windowTitle
fr,fr,Enable Razor,Activer le rasoir,translated,src/windows/main_window.py:2098; src/windows/main_window.py:2099; src/windows/ui/main-window.ui#actionRazorTool.text; src/windows/ui/main-window.ui#actionRazorTool.toolTip
fr,fr,Enable Snapping,Activer le magnétisme,translated,src/windows/main_window.py:2084; src/windows/main_window.py:2085
fr,fr,Enable Timing,Activer le minutage,translated,src/windows/main_window.py:2112; src/windows/main_window.py:2113; src/windows/ui/main-window.ui#actionTimingTool.text; src/windows/ui/main-window.ui#actionTimingTool.toolTip
fr,fr,Enter caption text...,Saisir le texte du sous-titre...,translated,src/windows/main_window.py:3659
fr,fr,Export Project,Exporter le projet,translated,src/windows/ui/main-window.ui#menuExport.title
fr,fr,Export Video,Exporter la vidéo,translated,src/windows/ui/main-window.ui#actionExportVideo.text; src/windows/ui/main-window.ui#actionExportVideo.toolTip
fr,fr,Fast Forward,Avance rapide,translated,src/windows/ui/main-window.ui#actionFastForward.text; src/windows/ui/main-window.ui#actionFastForward.toolTip
fr,fr,Filter,Filtrer,translated,src/windows/main_window.py:4191; src/windows/main_window.py:4208; src/windows/main_window.py:4227; src/windows/main_window.py:4238; src/windows/main_window.py:5483; src/windows/ui/main-window.ui#txtPropertyFilter.placeholderText
fr,fr,Fullscreen,Plein écran,translated,src/windows/ui/main-window.ui#actionFullscreen.text; src/windows/ui/main-window.ui#actionFullscreen.toolTip
fr,fr,Help,Aide,translated,src/windows/ui/main-window.ui#menuHelp.title
fr,fr,Hide keyframes,Masquer les images clés,translated,src/windows/views/timeline_backend/qwidget/base.py:2832
fr,fr,Histogram,Histogramme,translated,src/windows/main_window.py:5434
fr,fr,Image,Images,translated,src/windows/ui/main-window.ui#actionFilesShowImage.text; src/windows/ui/main-window.ui#actionFilesShowImage.toolTip
fr,fr,Import Files,Importer des fichiers,translated,src/windows/ui/main-window.ui#actionImportFiles.toolTip
fr,fr,Import Files...,Importer des fichiers…,translated,src/windows/ui/main-window.ui#actionImportFiles.text
fr,fr,Import Project,Importer un projet,translated,src/windows/ui/main-window.ui#menuImport_Project.title
fr,fr,Insert Caption,Insérer un sous-titre,translated,src/windows/ui/main-window.ui#actionInsertTimestamp.text; src/windows/ui/main-window.ui#actionInsertTimestamp.toolTip
fr,fr,Join our Community...,Rejoindre notre communauté...,translated,src/windows/ui/main-window.ui#actionDiscord.text
fr,fr,Jump To End,Aller à la fin,translated,src/windows/ui/main-window.ui#actionJumpEnd.text; src/windows/ui/main-window.ui#actionJumpEnd.toolTip
fr,fr,Jump To Start,Aller au début,translated,src/windows/ui/main-window.ui#actionJumpStart.text; src/windows/ui/main-window.ui#actionJumpStart.toolTip
fr,fr,Launch Tutorial,Lancer le didacticiel,translated,src/windows/ui/main-window.ui#actionTutorial.toolTip
fr,fr,Lock track,Verrouiller la piste,translated,src/windows/views/timeline_backend/qwidget/base.py:2828
fr,fr,Luma Waveform,Forme d'onde Luma,translated,src/windows/main_window.py:5424
fr,fr,My Views,Mes vues,translated,src/windows/main_window.py:3167
fr,fr,Name,Nom,translated,src/windows/models/files_model.py:337
fr,fr,New Project,Nouveau projet,translated,src/windows/ui/main-window.ui#actionNew.text; src/windows/ui/main-window.ui#actionNew.toolTip
fr,fr,Next Marker,Repère suivant,translated,src/windows/ui/main-window.ui#actionNextMarker.text; src/windows/ui/main-window.ui#actionNextMarker.toolTip
fr,fr,Open Help Contents,Ouvrir le sommaire de l'aide,translated,src/windows/ui/main-window.ui#actionHelpContents.toolTip
fr,fr,Open Project,Ouvrir un projet,translated,src/windows/ui/main-window.ui#actionOpen.toolTip
fr,fr,Open Project...,Ouvrir un projet...,translated,src/windows/ui/main-window.ui#actionOpen.text
fr,fr,Pan timeline,Déplacer la ligne de temps,translated,src/windows/views/zoom_slider.py:825
fr,fr,Pause,Pause,same-as-source,src/themes/base.py:480
fr,fr,Play,Lecture,translated,src/themes/base.py:480; src/windows/ui/main-window.ui#actionPlay.text; src/windows/ui/main-window.ui#actionPlay.toolTip
fr,fr,Preferences,Préférences,translated,src/windows/ui/main-window.ui#actionPreferences.toolTip
fr,fr,Previous Marker,Repère précédent,translated,src/windows/ui/main-window.ui#actionPreviousMarker.text; src/windows/ui/main-window.ui#actionPreviousMarker.toolTip
fr,fr,Project Files,Fichiers du projet,translated,src/windows/ui/main-window.ui#dockFiles.windowTitle
fr,fr,Properties,Propriétés,translated,src/windows/ui/main-window.ui#dockProperties.windowTitle
fr,fr,Property,Propriété,translated,src/windows/models/properties_model.py:1666; src/windows/models/properties_model.py:1689
fr,fr,Quit,Quitter,translated,src/windows/ui/main-window.ui#actionQuit.toolTip
fr,fr,Recent Projects,Projets récents,translated,src/windows/main_window.py:3989
fr,fr,Recording,Enregistrement,translated,src/windows/main_window.py:5463
fr,fr,Recording View,Vue d'enregistrement,translated,src/windows/main_window.py:3175
fr,fr,Recovery,Récupération,translated,src/windows/main_window.py:4065
fr,fr,Redo,Rétablir,translated,src/windows/ui/main-window.ui#actionRedo.text; src/windows/ui/main-window.ui#actionRedo.toolTip
fr,fr,Report a Bug...,Signaler un bogue...,translated,src/windows/ui/main-window.ui#actionReportBug.text
fr,fr,Rewind,Rembobiner,translated,src/windows/ui/main-window.ui#actionRewind.text; src/windows/ui/main-window.ui#actionRewind.toolTip
fr,fr,Save Current Frame,Enregistrer l'image actuelle,translated,src/windows/ui/main-window.ui#actionSaveFrame.text; src/windows/ui/main-window.ui#actionSaveFrame.toolTip
fr,fr,Save Project,Enregistrer le projet,translated,src/windows/ui/main-window.ui#actionSave.text; src/windows/ui/main-window.ui#actionSave.toolTip
fr,fr,Save Project As...,Enregistrer le projet sous…,translated,src/windows/ui/main-window.ui#actionSaveAs.text; src/windows/ui/main-window.ui#actionSaveAs.toolTip
fr,fr,Scopes,Scopes,same-as-source,src/windows/main_window.py:3186
fr,fr,Show All,Tout afficher,translated,src/windows/ui/main-window.ui#actionEffectsShowAll.text; src/windows/ui/main-window.ui#actionEffectsShowAll.toolTip; src/windows/ui/main-window.ui#actionFilesShowAll.text; src/windows/ui/main-window.ui#actionFilesShowAll.toolTip; src/windows/ui/main-window.ui#actionTransitionsShowAll.text; src/windows/ui/main-window.ui#actionTransitionsShowAll.toolTip
fr,fr,Show keyframes,Afficher les images clés,translated,src/windows/views/timeline_backend/qwidget/base.py:2832
fr,fr,Simple View,Vue simple,translated,src/windows/ui/main-window.ui#actionSimple_View.text
fr,fr,Tags,Étiquettes,translated,src/windows/models/files_model.py:337
fr,fr,Thumb,Miniature,translated,src/windows/models/files_model.py:337
fr,fr,Timeline,Ligne de temps,translated,src/windows/ui/main-window.ui#dockTimeline.windowTitle
fr,fr,Title,Titre,translated,src/windows/ui/main-window.ui#actionTitle.text; src/windows/ui/main-window.ui#actionTitle.toolTip; src/windows/ui/main-window.ui#menuTitle.title
fr,fr,Toolbar,Barre d'outils,translated,src/windows/ui/main-window.ui#toolBar.windowTitle
fr,fr,Track %s,Piste %s,translated,src/windows/views/timeline_backend/qwidget/track.py:330
fr,fr,Transition,Transition,same-as-source,src/windows/views/timeline_backend/qwidget/base.py:2856
fr,fr,Transition: %s,Transition : %s,translated,src/windows/views/timeline_backend/qwidget/base.py:2855
fr,fr,Transitions,Transitions,same-as-source,src/windows/ui/main-window.ui#dockTransitions.windowTitle
fr,fr,Translate this Application...,Traduire cette application...,translated,src/windows/ui/main-window.ui#actionTranslate.text
fr,fr,Tutorial,Didacticiel,translated,src/windows/ui/main-window.ui#actionTutorial.text; src/windows/ui/main-window.ui#dockTutorial.windowTitle
fr,fr,Undo,Annuler,translated,src/windows/ui/main-window.ui#actionUndo.text; src/windows/ui/main-window.ui#actionUndo.toolTip
fr,fr,Unlock track,Déverrouiller la piste,translated,src/windows/views/timeline_backend/qwidget/base.py:2828
fr,fr,Untitled Project,Projet sans nom,translated,src/windows/main_window.py:3787; src/windows/main_window.py:879; src/windows/main_window.py:944
fr,fr,Update Available,Mise à jour disponible,translated,src/windows/ui/main-window.ui#actionUpdate.text; src/windows/ui/main-window.ui#actionUpdate.toolTip
fr,fr,Value,Valeur,translated,src/windows/models/properties_model.py:1666; src/windows/models/properties_model.py:1689
fr,fr,Vectorscope,Vectorscope,same-as-source,src/windows/main_window.py:5445
fr,fr,Video,Vidéo,translated,src/windows/ui/main-window.ui#actionEffectsShowVideo.text; src/windows/ui/main-window.ui#actionEffectsShowVideo.toolTip; src/windows/ui/main-window.ui#actionFilesShowVideo.text; src/windows/ui/main-window.ui#actionFilesShowVideo.toolTip
fr,fr,Video Preview,Aperçu vidéo,translated,src/windows/ui/main-window.ui#dockVideo.windowTitle
fr,fr,View,Vue,translated,src/windows/ui/main-window.ui#menuView.title
fr,fr,Window,Fenêtre,translated,src/windows/ui/main-window.ui#menuWindow.title
fr,fr,Zoom left edge,Zoom bord gauche,translated,src/windows/views/zoom_slider.py:823
fr,fr,Zoom right edge,Zoom bord droit,translated,src/windows/views/zoom_slider.py:824
fi,fi,&Edit,&Muokkaa,translated,src/windows/ui/main-window.ui#menu_Edit.title
fi,fi,&File,&Tiedosto,translated,src/windows/ui/main-window.ui#menuFile.title
fi,fi,&Preferences,Asetukset,translated,src/windows/ui/main-window.ui#actionPreferences.text
fi,fi,&Quit,&Lopeta,translated,src/windows/ui/main-window.ui#actionQuit.text
fi,fi,About OpenShot,Tietoja OpenShotista,translated,src/windows/ui/main-window.ui#actionAbout.text; src/windows/ui/main-window.ui#actionAbout.toolTip
fi,fi,Add Marker,Lisää merkki,translated,src/windows/ui/main-window.ui#actionAddMarker.text; src/windows/ui/main-window.ui#actionAddMarker.toolTip
fi,fi,Add Track,Lisää raita,translated,src/windows/ui/main-window.ui#actionAddTrack.text; src/windows/ui/main-window.ui#actionAddTrack.toolTip
fi,fi,Animated Title,Animoitu otsikko,translated,src/windows/ui/main-window.ui#actionAnimatedTitle.text; src/windows/ui/main-window.ui#actionAnimatedTitle.toolTip
fi,fi,Ask a Question...,Kysy kysymys,translated,src/windows/ui/main-window.ui#actionAskQuestion.text
fi,fi,Audio,Ääni,translated,src/windows/ui/main-window.ui#actionEffectsShowAudio.text; src/windows/ui/main-window.ui#actionEffectsShowAudio.toolTip; src/windows/ui/main-window.ui#actionFilesShowAudio.text; src/windows/ui/main-window.ui#actionFilesShowAudio.toolTip
fi,fi,Audio Levels,Äänitasot,translated,src/windows/main_window.py:5454
fi,fi,Caption Toolbar,Tekstitystyökalupalkki,translated,src/windows/main_window.py:4254
fi,fi,Captions,Tekstitykset,translated,src/windows/ui/main-window.ui#dockCaptionEditor.windowTitle
fi,fi,Center on Playhead,Keskitä toistopaikkaan,translated,src/windows/ui/main-window.ui#actionCenterOnPlayhead.text
fi,fi,Center the timeline on the Playhead,Keskitä aikajana toistopaikkaan,translated,src/windows/ui/main-window.ui#actionCenterOnPlayhead.toolTip
fi,fi,Choose Profile,Valitse profiili,translated,src/windows/ui/main-window.ui#actionProfile.text; src/windows/ui/main-window.ui#actionProfile.toolTip
fi,fi,Clear,Tyhjennä,translated,src/windows/ui/main-window.ui#menuClear.title
fi,fi,Click: center · Drag: zoom,Napsauta: keskitä · Vedä: suurennus,translated,src/windows/views/zoom_slider.py:826
fi,fi,Clip,Leike,translated,src/windows/views/timeline_backend/qwidget/base.py:2867
fi,fi,Clip: %s,Leike: %s,translated,src/windows/views/timeline_backend/qwidget/base.py:2868
fi,fi,Color View,Värinäkymä,translated,src/windows/main_window.py:5352; src/windows/ui/main-window.ui#actionColor_Grade_View.text
fi,fi,Common,Yleiset,translated,src/windows/ui/main-window.ui#actionTransitionsShowCommon.text; src/windows/ui/main-window.ui#actionTransitionsShowCommon.toolTip
fi,fi,Contents,Sisältö,translated,src/windows/ui/main-window.ui#actionHelpContents.text
fi,fi,Disable Razor,Poista Razor käytöstä,translated,src/windows/main_window.py:2095; src/windows/main_window.py:2096
fi,fi,Disable Snapping,Poista napsauttaminen käytöstä,translated,src/windows/main_window.py:2081; src/windows/main_window.py:2082; src/windows/ui/main-window.ui#actionSnappingTool.text; src/windows/ui/main-window.ui#actionSnappingTool.toolTip
fi,fi,Disable Timing,Poista ajoitus käytöstä,translated,src/windows/main_window.py:2109; src/windows/main_window.py:2110
fi,fi,Docks,Telakat,translated,src/windows/main_window.py:3183
fi,fi,Donate,Lahjoita,translated,src/windows/ui/main-window.ui#actionDonate.text
fi,fi,Effect,Tehoste,translated,src/windows/views/timeline_backend/qwidget/base.py:2849
fi,fi,Effect: %s,Tehoste: %s,translated,src/windows/views/timeline_backend/qwidget/base.py:2848
fi,fi,Effects,Tehosteet,translated,src/windows/ui/main-window.ui#dockEffects.windowTitle
fi,fi,Emojis,Emojit,translated,src/windows/ui/main-window.ui#dockEmojis.windowTitle
fi,fi,Enable Razor,Ota Razor käyttöön,translated,src/windows/main_window.py:2098; src/windows/main_window.py:2099; src/windows/ui/main-window.ui#actionRazorTool.text; src/windows/ui/main-window.ui#actionRazorTool.toolTip
fi,fi,Enable Snapping,Ota napsauttaminen käyttöön,translated,src/windows/main_window.py:2084; src/windows/main_window.py:2085
fi,fi,Enable Timing,Ota ajoitus käyttöön,translated,src/windows/main_window.py:2112; src/windows/main_window.py:2113; src/windows/ui/main-window.ui#actionTimingTool.text; src/windows/ui/main-window.ui#actionTimingTool.toolTip
fi,fi,Enter caption text...,Kirjoita tekstitysteksti...,translated,src/windows/main_window.py:3659
fi,fi,Export Project,Vie projekti,translated,src/windows/ui/main-window.ui#menuExport.title
fi,fi,Export Video,Vie videoksi,translated,src/windows/ui/main-window.ui#actionExportVideo.text; src/windows/ui/main-window.ui#actionExportVideo.toolTip
fi,fi,Fast Forward,Pikakelaus eteenpäin,translated,src/windows/ui/main-window.ui#actionFastForward.text; src/windows/ui/main-window.ui#actionFastForward.toolTip
fi,fi,Filter,Suodatin,translated,src/windows/main_window.py:4191; src/windows/main_window.py:4208; src/windows/main_window.py:4227; src/windows/main_window.py:4238; src/windows/main_window.py:5483; src/windows/ui/main-window.ui#txtPropertyFilter.placeholderText
fi,fi,Fullscreen,Kokoruutu,translated,src/windows/ui/main-window.ui#actionFullscreen.text; src/windows/ui/main-window.ui#actionFullscreen.toolTip
fi,fi,Help,Ohje,translated,src/windows/ui/main-window.ui#menuHelp.title
fi,fi,Hide keyframes,Piilota avainkehykset,translated,src/windows/views/timeline_backend/qwidget/base.py:2832
fi,fi,Histogram,Histogrammi,translated,src/windows/main_window.py:5434
fi,fi,Image,Kuvat,translated,src/windows/ui/main-window.ui#actionFilesShowImage.text; src/windows/ui/main-window.ui#actionFilesShowImage.toolTip
fi,fi,Import Files,Tuo tiedostoja,translated,src/windows/ui/main-window.ui#actionImportFiles.toolTip
fi,fi,Import Files...,Tuo tiedostoja...,translated,src/windows/ui/main-window.ui#actionImportFiles.text
fi,fi,Import Project,Tuo projekti,translated,src/windows/ui/main-window.ui#menuImport_Project.title
fi,fi,Insert Caption,Lisää tekstitys,translated,src/windows/ui/main-window.ui#actionInsertTimestamp.text; src/windows/ui/main-window.ui#actionInsertTimestamp.toolTip
fi,fi,Join our Community...,Liity yhteisöömme...,translated,src/windows/ui/main-window.ui#actionDiscord.text
fi,fi,Jump To End,Hyppää loppuun,translated,src/windows/ui/main-window.ui#actionJumpEnd.text; src/windows/ui/main-window.ui#actionJumpEnd.toolTip
fi,fi,Jump To Start,Hyppää alkuun,translated,src/windows/ui/main-window.ui#actionJumpStart.text; src/windows/ui/main-window.ui#actionJumpStart.toolTip
fi,fi,Launch Tutorial,Käynnistä opaskierros,translated,src/windows/ui/main-window.ui#actionTutorial.toolTip
fi,fi,Lock track,Lukitse raita,translated,src/windows/views/timeline_backend/qwidget/base.py:2828
fi,fi,Luma Waveform,Luma-aaltomuoto,translated,src/windows/main_window.py:5424
fi,fi,My Views,Omat näkymät,translated,src/windows/main_window.py:3167
fi,fi,Name,Nimi,translated,src/windows/models/files_model.py:337
fi,fi,New Project,Uusi projekti,translated,src/windows/ui/main-window.ui#actionNew.text; src/windows/ui/main-window.ui#actionNew.toolTip
fi,fi,Next Marker,Seuraava merkki,translated,src/windows/ui/main-window.ui#actionNextMarker.text; src/windows/ui/main-window.ui#actionNextMarker.toolTip
fi,fi,Open Help Contents,Avaa ohjeen sisältö,translated,src/windows/ui/main-window.ui#actionHelpContents.toolTip
fi,fi,Open Project,Avaa projekti,translated,src/windows/ui/main-window.ui#actionOpen.toolTip
fi,fi,Open Project...,Avaa projekti...,translated,src/windows/ui/main-window.ui#actionOpen.text
fi,fi,Pan timeline,Selaa aikajanaa,translated,src/windows/views/zoom_slider.py:825
fi,fi,Pause,Tauko,translated,src/themes/base.py:480
fi,fi,Play,Toista,translated,src/themes/base.py:480; src/windows/ui/main-window.ui#actionPlay.text; src/windows/ui/main-window.ui#actionPlay.toolTip
fi,fi,Preferences,Asetukset,translated,src/windows/ui/main-window.ui#actionPreferences.toolTip
fi,fi,Previous Marker,Edellinen merkki,translated,src/windows/ui/main-window.ui#actionPreviousMarker.text; src/windows/ui/main-window.ui#actionPreviousMarker.toolTip
fi,fi,Project Files,Projektin tiedostot,translated,src/windows/ui/main-window.ui#dockFiles.windowTitle
fi,fi,Properties,Ominaisuudet,translated,src/windows/ui/main-window.ui#dockProperties.windowTitle
fi,fi,Property,Ominaisuus,translated,src/windows/models/properties_model.py:1666; src/windows/models/properties_model.py:1689
fi,fi,Quit,Lopeta,translated,src/windows/ui/main-window.ui#actionQuit.toolTip
fi,fi,Recent Projects,Viimeisimmät projektit,translated,src/windows/main_window.py:3989
fi,fi,Recording,Tallennus,translated,src/windows/main_window.py:5463
fi,fi,Recording View,Tallennusnäkymä,translated,src/windows/main_window.py:3175
fi,fi,Recovery,Palauta,translated,src/windows/main_window.py:4065
fi,fi,Redo,Tee uudelleen,translated,src/windows/ui/main-window.ui#actionRedo.text; src/windows/ui/main-window.ui#actionRedo.toolTip
fi,fi,Report a Bug...,Ilmoita virheestä,translated,src/windows/ui/main-window.ui#actionReportBug.text
fi,fi,Rewind,Kelaus taaksepäin,translated,src/windows/ui/main-window.ui#actionRewind.text; src/windows/ui/main-window.ui#actionRewind.toolTip
fi,fi,Save Current Frame,Tallenna kyseinen ruutu,translated,src/windows/ui/main-window.ui#actionSaveFrame.text; src/windows/ui/main-window.ui#actionSaveFrame.toolTip
fi,fi,Save Project,Tallenna projekti,translated,src/windows/ui/main-window.ui#actionSave.text; src/windows/ui/main-window.ui#actionSave.toolTip
fi,fi,Save Project As...,Tallenna projekti nimellä...,translated,src/windows/ui/main-window.ui#actionSaveAs.text; src/windows/ui/main-window.ui#actionSaveAs.toolTip
fi,fi,Scopes,Mittarit,translated,src/windows/main_window.py:3186
fi,fi,Show All,Näytä kaikki,translated,src/windows/ui/main-window.ui#actionEffectsShowAll.text; src/windows/ui/main-window.ui#actionEffectsShowAll.toolTip; src/windows/ui/main-window.ui#actionFilesShowAll.text; src/windows/ui/main-window.ui#actionFilesShowAll.toolTip; src/windows/ui/main-window.ui#actionTransitionsShowAll.text; src/windows/ui/main-window.ui#actionTransitionsShowAll.toolTip
fi,fi,Show keyframes,Näytä avainkehykset,translated,src/windows/views/timeline_backend/qwidget/base.py:2832
fi,fi,Simple View,Yksinkertainen näkymä,translated,src/windows/ui/main-window.ui#actionSimple_View.text
fi,fi,Tags,Merkinnät,translated,src/windows/models/files_model.py:337
fi,fi,Thumb,Esikatselu,translated,src/windows/models/files_model.py:337
fi,fi,Timeline,Aikajana,translated,src/windows/ui/main-window.ui#dockTimeline.windowTitle
fi,fi,Title,Otsikko,translated,src/windows/ui/main-window.ui#actionTitle.text; src/windows/ui/main-window.ui#actionTitle.toolTip; src/windows/ui/main-window.ui#menuTitle.title
fi,fi,Toolbar,Työkalupalkki,translated,src/windows/ui/main-window.ui#toolBar.windowTitle
fi,fi,Track %s,Raita %s,translated,src/windows/views/timeline_backend/qwidget/track.py:330
fi,fi,Transition,Siirtymä,translated,src/windows/views/timeline_backend/qwidget/base.py:2856
fi,fi,Transition: %s,Siirtymä: %s,translated,src/windows/views/timeline_backend/qwidget/base.py:2855
fi,fi,Transitions,Siirtymät,translated,src/windows/ui/main-window.ui#dockTransitions.windowTitle
fi,fi,Translate this Application...,Käännä tämä ohjelma...,translated,src/windows/ui/main-window.ui#actionTranslate.text
fi,fi,Tutorial,Opaskierros,translated,src/windows/ui/main-window.ui#actionTutorial.text; src/windows/ui/main-window.ui#dockTutorial.windowTitle
fi,fi,Undo,Kumoa,translated,src/windows/ui/main-window.ui#actionUndo.text; src/windows/ui/main-window.ui#actionUndo.toolTip
fi,fi,Unlock track,Avaa raita,translated,src/windows/views/timeline_backend/qwidget/base.py:2828
fi,fi,Untitled Project,Nimetön projekti,translated,src/windows/main_window.py:3787; src/windows/main_window.py:879; src/windows/main_window.py:944
fi,fi,Update Available,Päivitys saatavilla,translated,src/windows/ui/main-window.ui#actionUpdate.text; src/windows/ui/main-window.ui#actionUpdate.toolTip
fi,fi,Value,Arvo,translated,src/windows/models/properties_model.py:1666; src/windows/models/properties_model.py:1689
fi,fi,Vectorscope,Vektoriskooppi,translated,src/windows/main_window.py:5445
fi,fi,Video,Video,same-as-source,src/windows/ui/main-window.ui#actionEffectsShowVideo.text; src/windows/ui/main-window.ui#actionEffectsShowVideo.toolTip; src/windows/ui/main-window.ui#actionFilesShowVideo.text; src/windows/ui/main-window.ui#actionFilesShowVideo.toolTip
fi,fi,Video Preview,Videon esikatselu,translated,src/windows/ui/main-window.ui#dockVideo.windowTitle
fi,fi,View,Näytä,translated,src/windows/ui/main-window.ui#menuView.title
fi,fi,Window,Ikkuna,translated,src/windows/ui/main-window.ui#menuWindow.title
fi,fi,Zoom left edge,Suurennus vasempaan reunaan,translated,src/windows/views/zoom_slider.py:823
fi,fi,Zoom right edge,Suurennus oikeaan reunaan,translated,src/windows/views/zoom_slider.py:824
en,en,&Edit,&Edit,english-source,src/windows/ui/main-window.ui#menu_Edit.title
en,en,&File,&File,english-source,src/windows/ui/main-window.ui#menuFile.title
en,en,&Preferences,&Preferences,english-source,src/windows/ui/main-window.ui#actionPreferences.text
en,en,&Quit,&Quit,english-source,src/windows/ui/main-window.ui#actionQuit.text
en,en,About OpenShot,About OpenShot,english-source,src/windows/ui/main-window.ui#actionAbout.text; src/windows/ui/main-window.ui#actionAbout.toolTip
en,en,Add Marker,Add Marker,english-source,src/windows/ui/main-window.ui#actionAddMarker.text; src/windows/ui/main-window.ui#actionAddMarker.toolTip
en,en,Add Track,Add Track,english-source,src/windows/ui/main-window.ui#actionAddTrack.text; src/windows/ui/main-window.ui#actionAddTrack.toolTip
en,en,Animated Title,Animated Title,english-source,src/windows/ui/main-window.ui#actionAnimatedTitle.text; src/windows/ui/main-window.ui#actionAnimatedTitle.toolTip
en,en,Ask a Question...,Ask a Question...,english-source,src/windows/ui/main-window.ui#actionAskQuestion.text
en,en,Audio,Audio,english-source,src/windows/ui/main-window.ui#actionEffectsShowAudio.text; src/windows/ui/main-window.ui#actionEffectsShowAudio.toolTip; src/windows/ui/main-window.ui#actionFilesShowAudio.text; src/windows/ui/main-window.ui#actionFilesShowAudio.toolTip
en,en,Audio Levels,Audio Levels,english-source,src/windows/main_window.py:5454
en,en,Caption Toolbar,Caption Toolbar,english-source,src/windows/main_window.py:4254
en,en,Captions,Captions,english-source,src/windows/ui/main-window.ui#dockCaptionEditor.windowTitle
en,en,Center on Playhead,Center on Playhead,english-source,src/windows/ui/main-window.ui#actionCenterOnPlayhead.text
en,en,Center the timeline on the Playhead,Center the timeline on the Playhead,english-source,src/windows/ui/main-window.ui#actionCenterOnPlayhead.toolTip
en,en,Choose Profile,Choose Profile,english-source,src/windows/ui/main-window.ui#actionProfile.text; src/windows/ui/main-window.ui#actionProfile.toolTip
en,en,Clear,Clear,english-source,src/windows/ui/main-window.ui#menuClear.title
en,en,Click: center · Drag: zoom,Click: center · Drag: zoom,english-source,src/windows/views/zoom_slider.py:826
en,en,Clip,Clip,english-source,src/windows/views/timeline_backend/qwidget/base.py:2867
en,en,Clip: %s,Clip: %s,english-source,src/windows/views/timeline_backend/qwidget/base.py:2868
en,en,Color View,Color View,english-source,src/windows/main_window.py:5352; src/windows/ui/main-window.ui#actionColor_Grade_View.text
en,en,Common,Common,english-source,src/windows/ui/main-window.ui#actionTransitionsShowCommon.text; src/windows/ui/main-window.ui#actionTransitionsShowCommon.toolTip
en,en,Contents,Contents,english-source,src/windows/ui/main-window.ui#actionHelpContents.text
en,en,Disable Razor,Disable Razor,english-source,src/windows/main_window.py:2095; src/windows/main_window.py:2096
en,en,Disable Snapping,Disable Snapping,english-source,src/windows/main_window.py:2081; src/windows/main_window.py:2082; src/windows/ui/main-window.ui#actionSnappingTool.text; src/windows/ui/main-window.ui#actionSnappingTool.toolTip
en,en,Disable Timing,Disable Timing,english-source,src/windows/main_window.py:2109; src/windows/main_window.py:2110
en,en,Docks,Docks,english-source,src/windows/main_window.py:3183
en,en,Donate,Donate,english-source,src/windows/ui/main-window.ui#actionDonate.text
en,en,Effect,Effect,english-source,src/windows/views/timeline_backend/qwidget/base.py:2849
en,en,Effect: %s,Effect: %s,english-source,src/windows/views/timeline_backend/qwidget/base.py:2848
en,en,Effects,Effects,english-source,src/windows/ui/main-window.ui#dockEffects.windowTitle
en,en,Emojis,Emojis,english-source,src/windows/ui/main-window.ui#dockEmojis.windowTitle
en,en,Enable Razor,Enable Razor,english-source,src/windows/main_window.py:2098; src/windows/main_window.py:2099; src/windows/ui/main-window.ui#actionRazorTool.text; src/windows/ui/main-window.ui#actionRazorTool.toolTip
en,en,Enable Snapping,Enable Snapping,english-source,src/windows/main_window.py:2084; src/windows/main_window.py:2085
en,en,Enable Timing,Enable Timing,english-source,src/windows/main_window.py:2112; src/windows/main_window.py:2113; src/windows/ui/main-window.ui#actionTimingTool.text; src/windows/ui/main-window.ui#actionTimingTool.toolTip
en,en,Enter caption text...,Enter caption text...,english-source,src/windows/main_window.py:3659
en,en,Export Project,Export Project,english-source,src/windows/ui/main-window.ui#menuExport.title
en,en,Export Video,Export Video,english-source,src/windows/ui/main-window.ui#actionExportVideo.text; src/windows/ui/main-window.ui#actionExportVideo.toolTip
en,en,Fast Forward,Fast Forward,english-source,src/windows/ui/main-window.ui#actionFastForward.text; src/windows/ui/main-window.ui#actionFastForward.toolTip
en,en,Filter,Filter,english-source,src/windows/main_window.py:4191; src/windows/main_window.py:4208; src/windows/main_window.py:4227; src/windows/main_window.py:4238; src/windows/main_window.py:5483; src/windows/ui/main-window.ui#txtPropertyFilter.placeholderText
en,en,Fullscreen,Fullscreen,english-source,src/windows/ui/main-window.ui#actionFullscreen.text; src/windows/ui/main-window.ui#actionFullscreen.toolTip
en,en,Help,Help,english-source,src/windows/ui/main-window.ui#menuHelp.title
en,en,Hide keyframes,Hide keyframes,english-source,src/windows/views/timeline_backend/qwidget/base.py:2832
en,en,Histogram,Histogram,english-source,src/windows/main_window.py:5434
en,en,Image,Image,english-source,src/windows/ui/main-window.ui#actionFilesShowImage.text; src/windows/ui/main-window.ui#actionFilesShowImage.toolTip
en,en,Import Files,Import Files,english-source,src/windows/ui/main-window.ui#actionImportFiles.toolTip
en,en,Import Files...,Import Files...,english-source,src/windows/ui/main-window.ui#actionImportFiles.text
en,en,Import Project,Import Project,english-source,src/windows/ui/main-window.ui#menuImport_Project.title
en,en,Insert Caption,Insert Caption,english-source,src/windows/ui/main-window.ui#actionInsertTimestamp.text; src/windows/ui/main-window.ui#actionInsertTimestamp.toolTip
en,en,Join our Community...,Join our Community...,english-source,src/windows/ui/main-window.ui#actionDiscord.text
en,en,Jump To End,Jump To End,english-source,src/windows/ui/main-window.ui#actionJumpEnd.text; src/windows/ui/main-window.ui#actionJumpEnd.toolTip
en,en,Jump To Start,Jump To Start,english-source,src/windows/ui/main-window.ui#actionJumpStart.text; src/windows/ui/main-window.ui#actionJumpStart.toolTip
en,en,Launch Tutorial,Launch Tutorial,english-source,src/windows/ui/main-window.ui#actionTutorial.toolTip
en,en,Lock track,Lock track,english-source,src/windows/views/timeline_backend/qwidget/base.py:2828
en,en,Luma Waveform,Luma Waveform,english-source,src/windows/main_window.py:5424
en,en,My Views,My Views,english-source,src/windows/main_window.py:3167
en,en,Name,Name,english-source,src/windows/models/files_model.py:337
en,en,New Project,New Project,english-source,src/windows/ui/main-window.ui#actionNew.text; src/windows/ui/main-window.ui#actionNew.toolTip
en,en,Next Marker,Next Marker,english-source,src/windows/ui/main-window.ui#actionNextMarker.text; src/windows/ui/main-window.ui#actionNextMarker.toolTip
en,en,Open Help Contents,Open Help Contents,english-source,src/windows/ui/main-window.ui#actionHelpContents.toolTip
en,en,Open Project,Open Project,english-source,src/windows/ui/main-window.ui#actionOpen.toolTip
en,en,Open Project...,Open Project...,english-source,src/windows/ui/main-window.ui#actionOpen.text
en,en,Pan timeline,Pan timeline,english-source,src/windows/views/zoom_slider.py:825
en,en,Pause,Pause,english-source,src/themes/base.py:480
en,en,Play,Play,english-source,src/themes/base.py:480; src/windows/ui/main-window.ui#actionPlay.text; src/windows/ui/main-window.ui#actionPlay.toolTip
en,en,Preferences,Preferences,english-source,src/windows/ui/main-window.ui#actionPreferences.toolTip
en,en,Previous Marker,Previous Marker,english-source,src/windows/ui/main-window.ui#actionPreviousMarker.text; src/windows/ui/main-window.ui#actionPreviousMarker.toolTip
en,en,Project Files,Project Files,english-source,src/windows/ui/main-window.ui#dockFiles.windowTitle
en,en,Properties,Properties,english-source,src/windows/ui/main-window.ui#dockProperties.windowTitle
en,en,Property,Property,english-source,src/windows/models/properties_model.py:1666; src/windows/models/properties_model.py:1689
en,en,Quit,Quit,english-source,src/windows/ui/main-window.ui#actionQuit.toolTip
en,en,Recent Projects,Recent Projects,english-source,src/windows/main_window.py:3989
en,en,Recording,Recording,english-source,src/windows/main_window.py:5463
en,en,Recording View,Recording View,english-source,src/windows/main_window.py:3175
en,en,Recovery,Recovery,english-source,src/windows/main_window.py:4065
en,en,Redo,Redo,english-source,src/windows/ui/main-window.ui#actionRedo.text; src/windows/ui/main-window.ui#actionRedo.toolTip
en,en,Report a Bug...,Report a Bug...,english-source,src/windows/ui/main-window.ui#actionReportBug.text
en,en,Rewind,Rewind,english-source,src/windows/ui/main-window.ui#actionRewind.text; src/windows/ui/main-window.ui#actionRewind.toolTip
en,en,Save Current Frame,Save Current Frame,english-source,src/windows/ui/main-window.ui#actionSaveFrame.text; src/windows/ui/main-window.ui#actionSaveFrame.toolTip
en,en,Save Project,Save Project,english-source,src/windows/ui/main-window.ui#actionSave.text; src/windows/ui/main-window.ui#actionSave.toolTip
en,en,Save Project As...,Save Project As...,english-source,src/windows/ui/main-window.ui#actionSaveAs.text; src/windows/ui/main-window.ui#actionSaveAs.toolTip
en,en,Scopes,Scopes,english-source,src/windows/main_window.py:3186
en,en,Show All,Show All,english-source,src/windows/ui/main-window.ui#actionEffectsShowAll.text; src/windows/ui/main-window.ui#actionEffectsShowAll.toolTip; src/windows/ui/main-window.ui#actionFilesShowAll.text; src/windows/ui/main-window.ui#actionFilesShowAll.toolTip; src/windows/ui/main-window.ui#actionTransitionsShowAll.text; src/windows/ui/main-window.ui#actionTransitionsShowAll.toolTip
en,en,Show keyframes,Show keyframes,english-source,src/windows/views/timeline_backend/qwidget/base.py:2832
en,en,Simple View,Simple View,english-source,src/windows/ui/main-window.ui#actionSimple_View.text
en,en,Tags,Tags,english-source,src/windows/models/files_model.py:337
en,en,Thumb,Thumb,english-source,src/windows/models/files_model.py:337
en,en,Timeline,Timeline,english-source,src/windows/ui/main-window.ui#dockTimeline.windowTitle
en,en,Title,Title,english-source,src/windows/ui/main-window.ui#actionTitle.text; src/windows/ui/main-window.ui#actionTitle.toolTip; src/windows/ui/main-window.ui#menuTitle.title
en,en,Toolbar,Toolbar,english-source,src/windows/ui/main-window.ui#toolBar.windowTitle
en,en,Track %s,Track %s,english-source,src/windows/views/timeline_backend/qwidget/track.py:330
en,en,Transition,Transition,english-source,src/windows/views/timeline_backend/qwidget/base.py:2856
en,en,Transition: %s,Transition: %s,english-source,src/windows/views/timeline_backend/qwidget/base.py:2855
en,en,Transitions,Transitions,english-source,src/windows/ui/main-window.ui#dockTransitions.windowTitle
en,en,Translate this Application...,Translate this Application...,english-source,src/windows/ui/main-window.ui#actionTranslate.text
en,en,Tutorial,Tutorial,english-source,src/windows/ui/main-window.ui#actionTutorial.text; src/windows/ui/main-window.ui#dockTutorial.windowTitle
en,en,Undo,Undo,english-source,src/windows/ui/main-window.ui#actionUndo.text; src/windows/ui/main-window.ui#actionUndo.toolTip
en,en,Unlock track,Unlock track,english-source,src/windows/views/timeline_backend/qwidget/base.py:2828
en,en,Untitled Project,Untitled Project,english-source,src/windows/main_window.py:3787; src/windows/main_window.py:879; src/windows/main_window.py:944
en,en,Update Available,Update Available,english-source,src/windows/ui/main-window.ui#actionUpdate.text; src/windows/ui/main-window.ui#actionUpdate.toolTip
en,en,Value,Value,english-source,src/windows/models/properties_model.py:1666; src/windows/models/properties_model.py:1689
en,en,Vectorscope,Vectorscope,english-source,src/windows/main_window.py:5445
en,en,Video,Video,english-source,src/windows/ui/main-window.ui#actionEffectsShowVideo.text; src/windows/ui/main-window.ui#actionEffectsShowVideo.toolTip; src/windows/ui/main-window.ui#actionFilesShowVideo.text; src/windows/ui/main-window.ui#actionFilesShowVideo.toolTip
en,en,Video Preview,Video Preview,english-source,src/windows/ui/main-window.ui#dockVideo.windowTitle
en,en,View,View,english-source,src/windows/ui/main-window.ui#menuView.title
en,en,Window,Window,english-source,src/windows/ui/main-window.ui#menuWindow.title
en,en,Zoom left edge,Zoom left edge,english-source,src/windows/views/zoom_slider.py:823
en,en,Zoom right edge,Zoom right edge,english-source,src/windows/views/zoom_slider.py:824
de,de,&Edit,&Bearbeiten,translated,src/windows/ui/main-window.ui#menu_Edit.title
de,de,&File,&Datei,translated,src/windows/ui/main-window.ui#menuFile.title
de,de,&Preferences,&Einstellungen,translated,src/windows/ui/main-window.ui#actionPreferences.text
de,de,&Quit,&Beenden,translated,src/windows/ui/main-window.ui#actionQuit.text
de,de,About OpenShot,Über OpenShot,translated,src/windows/ui/main-window.ui#actionAbout.text; src/windows/ui/main-window.ui#actionAbout.toolTip
de,de,Add Marker,Marker hinzufügen,translated,src/windows/ui/main-window.ui#actionAddMarker.text; src/windows/ui/main-window.ui#actionAddMarker.toolTip
de,de,Add Track,Spur hinzufügen,translated,src/windows/ui/main-window.ui#actionAddTrack.text; src/windows/ui/main-window.ui#actionAddTrack.toolTip
de,de,Animated Title,Animierter Titel,translated,src/windows/ui/main-window.ui#actionAnimatedTitle.text; src/windows/ui/main-window.ui#actionAnimatedTitle.toolTip
de,de,Ask a Question...,Eine Frage stellen …,translated,src/windows/ui/main-window.ui#actionAskQuestion.text
de,de,Audio,Ton,translated,src/windows/ui/main-window.ui#actionEffectsShowAudio.text; src/windows/ui/main-window.ui#actionEffectsShowAudio.toolTip; src/windows/ui/main-window.ui#actionFilesShowAudio.text; src/windows/ui/main-window.ui#actionFilesShowAudio.toolTip
de,de,Audio Levels,Audiopegel,translated,src/windows/main_window.py:5454
de,de,Caption Toolbar,Untertitel-Werkzeugleiste,translated,src/windows/main_window.py:4254
de,de,Captions,Untertitel,translated,src/windows/ui/main-window.ui#dockCaptionEditor.windowTitle
de,de,Center on Playhead,Auf Abspielkopf zentrieren,translated,src/windows/ui/main-window.ui#actionCenterOnPlayhead.text
de,de,Center the timeline on the Playhead,Zeitleiste auf Abspielkopf zentrieren,translated,src/windows/ui/main-window.ui#actionCenterOnPlayhead.toolTip
de,de,Choose Profile,Profil auswählen,translated,src/windows/ui/main-window.ui#actionProfile.text; src/windows/ui/main-window.ui#actionProfile.toolTip
de,de,Clear,Löschen,translated,src/windows/ui/main-window.ui#menuClear.title
de,de,Click: center · Drag: zoom,Klicken: zentrieren · Ziehen: zoomen,translated,src/windows/views/zoom_slider.py:826
de,de,Clip,Clip,same-as-source,src/windows/views/timeline_backend/qwidget/base.py:2867
de,de,Clip: %s,Clip: %s,same-as-source,src/windows/views/timeline_backend/qwidget/base.py:2868
de,de,Color View,Farbansicht,translated,src/windows/main_window.py:5352; src/windows/ui/main-window.ui#actionColor_Grade_View.text
de,de,Common,Allgemein,translated,src/windows/ui/main-window.ui#actionTransitionsShowCommon.text; src/windows/ui/main-window.ui#actionTransitionsShowCommon.toolTip
de,de,Contents,Inhalt,translated,src/windows/ui/main-window.ui#actionHelpContents.text
de,de,Disable Razor,Rasierklinge deaktivieren,translated,src/windows/main_window.py:2095; src/windows/main_window.py:2096
de,de,Disable Snapping,Einrasten deaktivieren,translated,src/windows/main_window.py:2081; src/windows/main_window.py:2082; src/windows/ui/main-window.ui#actionSnappingTool.text; src/windows/ui/main-window.ui#actionSnappingTool.toolTip
de,de,Disable Timing,Timing deaktivieren,translated,src/windows/main_window.py:2109; src/windows/main_window.py:2110
de,de,Docks,Andockbereiche,translated,src/windows/main_window.py:3183
de,de,Donate,Spenden,translated,src/windows/ui/main-window.ui#actionDonate.text
de,de,Effect,Effekt,translated,src/windows/views/timeline_backend/qwidget/base.py:2849
de,de,Effect: %s,Effekt: %s,translated,src/windows/views/timeline_backend/qwidget/base.py:2848
de,de,Effects,Effekte,translated,src/windows/ui/main-window.ui#dockEffects.windowTitle
de,de,Emojis,Emojis,same-as-source,src/windows/ui/main-window.ui#dockEmojis.windowTitle
de,de,Enable Razor,Rasierklinge aktivieren,translated,src/windows/main_window.py:2098; src/windows/main_window.py:2099; src/windows/ui/main-window.ui#actionRazorTool.text; src/windows/ui/main-window.ui#actionRazorTool.toolTip
de,de,Enable Snapping,Einrasten aktivieren,translated,src/windows/main_window.py:2084; src/windows/main_window.py:2085
de,de,Enable Timing,Timing aktivieren,translated,src/windows/main_window.py:2112; src/windows/main_window.py:2113; src/windows/ui/main-window.ui#actionTimingTool.text; src/windows/ui/main-window.ui#actionTimingTool.toolTip
de,de,Enter caption text...,Untertiteltext eingeben …,translated,src/windows/main_window.py:3659
de,de,Export Project,Projekt exportieren,translated,src/windows/ui/main-window.ui#menuExport.title
de,de,Export Video,Video exportieren,translated,src/windows/ui/main-window.ui#actionExportVideo.text; src/windows/ui/main-window.ui#actionExportVideo.toolTip
de,de,Fast Forward,Schnelles Vorspulen,translated,src/windows/ui/main-window.ui#actionFastForward.text; src/windows/ui/main-window.ui#actionFastForward.toolTip
de,de,Filter,Filter,same-as-source,src/windows/main_window.py:4191; src/windows/main_window.py:4208; src/windows/main_window.py:4227; src/windows/main_window.py:4238; src/windows/main_window.py:5483; src/windows/ui/main-window.ui#txtPropertyFilter.placeholderText
de,de,Fullscreen,Vollbild,translated,src/windows/ui/main-window.ui#actionFullscreen.text; src/windows/ui/main-window.ui#actionFullscreen.toolTip
de,de,Help,Hilfe,translated,src/windows/ui/main-window.ui#menuHelp.title
de,de,Hide keyframes,Keyframes ausblenden,translated,src/windows/views/timeline_backend/qwidget/base.py:2832
de,de,Histogram,Histogramm,translated,src/windows/main_window.py:5434
de,de,Image,Bild,translated,src/windows/ui/main-window.ui#actionFilesShowImage.text; src/windows/ui/main-window.ui#actionFilesShowImage.toolTip
de,de,Import Files,Dateien importieren,translated,src/windows/ui/main-window.ui#actionImportFiles.toolTip
de,de,Import Files...,Dateien importieren …,translated,src/windows/ui/main-window.ui#actionImportFiles.text
de,de,Import Project,Projekt importieren,translated,src/windows/ui/main-window.ui#menuImport_Project.title
de,de,Insert Caption,Untertitel einfügen,translated,src/windows/ui/main-window.ui#actionInsertTimestamp.text; src/windows/ui/main-window.ui#actionInsertTimestamp.toolTip
de,de,Join our Community...,Community beitreten …,translated,src/windows/ui/main-window.ui#actionDiscord.text
de,de,Jump To End,Zum Ende springen,translated,src/windows/ui/main-window.ui#actionJumpEnd.text; src/windows/ui/main-window.ui#actionJumpEnd.toolTip
de,de,Jump To Start,Zum Anfang springen,translated,src/windows/ui/main-window.ui#actionJumpStart.text; src/windows/ui/main-window.ui#actionJumpStart.toolTip
de,de,Launch Tutorial,Einführung starten,translated,src/windows/ui/main-window.ui#actionTutorial.toolTip
de,de,Lock track,Spur sperren,translated,src/windows/views/timeline_backend/qwidget/base.py:2828
de,de,Luma Waveform,Luma-Wellenform,translated,src/windows/main_window.py:5424
de,de,My Views,Meine Ansichten,translated,src/windows/main_window.py:3167
de,de,Name,Name,same-as-source,src/windows/models/files_model.py:337
de,de,New Project,Neues Projekt,translated,src/windows/ui/main-window.ui#actionNew.text; src/windows/ui/main-window.ui#actionNew.toolTip
de,de,Next Marker,Nächster Marker,translated,src/windows/ui/main-window.ui#actionNextMarker.text; src/windows/ui/main-window.ui#actionNextMarker.toolTip
de,de,Open Help Contents,Inhalt der Hilfe anzeigen,translated,src/windows/ui/main-window.ui#actionHelpContents.toolTip
de,de,Open Project,Projekt öffnen,translated,src/windows/ui/main-window.ui#actionOpen.toolTip
de,de,Open Project...,Projekt öffnen …,translated,src/windows/ui/main-window.ui#actionOpen.text
de,de,Pan timeline,Zeitleiste verschieben,translated,src/windows/views/zoom_slider.py:825
de,de,Pause,Pause,same-as-source,src/themes/base.py:480
de,de,Play,Wiedergabe,translated,src/themes/base.py:480; src/windows/ui/main-window.ui#actionPlay.text; src/windows/ui/main-window.ui#actionPlay.toolTip
de,de,Preferences,Einstellungen,translated,src/windows/ui/main-window.ui#actionPreferences.toolTip
de,de,Previous Marker,Vorheriger Marker,translated,src/windows/ui/main-window.ui#actionPreviousMarker.text; src/windows/ui/main-window.ui#actionPreviousMarker.toolTip
de,de,Project Files,Projektdateien,translated,src/windows/ui/main-window.ui#dockFiles.windowTitle
de,de,Properties,Eigenschaften,translated,src/windows/ui/main-window.ui#dockProperties.windowTitle
de,de,Property,Eigenschaft,translated,src/windows/models/properties_model.py:1666; src/windows/models/properties_model.py:1689
de,de,Quit,Beenden,translated,src/windows/ui/main-window.ui#actionQuit.toolTip
de,de,Recent Projects,Zuletzt geöffnete Projekte,translated,src/windows/main_window.py:3989
de,de,Recording,Aufnahme,translated,src/windows/main_window.py:5463
de,de,Recording View,Aufnahmeansicht,translated,src/windows/main_window.py:3175
de,de,Recovery,Wiederherstellung,translated,src/windows/main_window.py:4065
de,de,Redo,Wiederholen,translated,src/windows/ui/main-window.ui#actionRedo.text; src/windows/ui/main-window.ui#actionRedo.toolTip
de,de,Report a Bug...,Einen Fehler melden …,translated,src/windows/ui/main-window.ui#actionReportBug.text
de,de,Rewind,Zurückspulen,translated,src/windows/ui/main-window.ui#actionRewind.text; src/windows/ui/main-window.ui#actionRewind.toolTip
de,de,Save Current Frame,Aktuelles Einzelbild speichern,translated,src/windows/ui/main-window.ui#actionSaveFrame.text; src/windows/ui/main-window.ui#actionSaveFrame.toolTip
de,de,Save Project,Projekt speichern,translated,src/windows/ui/main-window.ui#actionSave.text; src/windows/ui/main-window.ui#actionSave.toolTip
de,de,Save Project As...,Projekt speichern unter …,translated,src/windows/ui/main-window.ui#actionSaveAs.text; src/windows/ui/main-window.ui#actionSaveAs.toolTip
de,de,Scopes,Scopes,same-as-source,src/windows/main_window.py:3186
de,de,Show All,Alles anzeigen,translated,src/windows/ui/main-window.ui#actionEffectsShowAll.text; src/windows/ui/main-window.ui#actionEffectsShowAll.toolTip; src/windows/ui/main-window.ui#actionFilesShowAll.text; src/windows/ui/main-window.ui#actionFilesShowAll.toolTip; src/windows/ui/main-window.ui#actionTransitionsShowAll.text; src/windows/ui/main-window.ui#actionTransitionsShowAll.toolTip
de,de,Show keyframes,Keyframes anzeigen,translated,src/windows/views/timeline_backend/qwidget/base.py:2832
de,de,Simple View,Einfache Ansicht,translated,src/windows/ui/main-window.ui#actionSimple_View.text
de,de,Tags,Schlagwörter,translated,src/windows/models/files_model.py:337
de,de,Thumb,Vorschau,translated,src/windows/models/files_model.py:337
de,de,Timeline,Zeitleiste,translated,src/windows/ui/main-window.ui#dockTimeline.windowTitle
de,de,Title,Titel,translated,src/windows/ui/main-window.ui#actionTitle.text; src/windows/ui/main-window.ui#actionTitle.toolTip; src/windows/ui/main-window.ui#menuTitle.title
de,de,Toolbar,Werkzeugleiste,translated,src/windows/ui/main-window.ui#toolBar.windowTitle
de,de,Track %s,Spur %s,translated,src/windows/views/timeline_backend/qwidget/track.py:330
de,de,Transition,Übergang,translated,src/windows/views/timeline_backend/qwidget/base.py:2856
de,de,Transition: %s,Übergang: %s,translated,src/windows/views/timeline_backend/qwidget/base.py:2855
de,de,Transitions,Übergänge,translated,src/windows/ui/main-window.ui#dockTransitions.windowTitle
de,de,Translate this Application...,Diese Anwendung übersetzen …,translated,src/windows/ui/main-window.ui#actionTranslate.text
de,de,Tutorial,Einführung,translated,src/windows/ui/main-window.ui#actionTutorial.text; src/windows/ui/main-window.ui#dockTutorial.windowTitle
de,de,Undo,Rückgängig,translated,src/windows/ui/main-window.ui#actionUndo.text; src/windows/ui/main-window.ui#actionUndo.toolTip
de,de,Unlock track,Spur freigeben,translated,src/windows/views/timeline_backend/qwidget/base.py:2828
de,de,Untitled Project,Unbenanntes Projekt,translated,src/windows/main_window.py:3787; src/windows/main_window.py:879; src/windows/main_window.py:944
de,de,Update Available,Update verfügbar,translated,src/windows/ui/main-window.ui#actionUpdate.text; src/windows/ui/main-window.ui#actionUpdate.toolTip
de,de,Value,Wert,translated,src/windows/models/properties_model.py:1666; src/windows/models/properties_model.py:1689
de,de,Vectorscope,Vectorscope,same-as-source,src/windows/main_window.py:5445
de,de,Video,Video,same-as-source,src/windows/ui/main-window.ui#actionEffectsShowVideo.text; src/windows/ui/main-window.ui#actionEffectsShowVideo.toolTip; src/windows/ui/main-window.ui#actionFilesShowVideo.text; src/windows/ui/main-window.ui#actionFilesShowVideo.toolTip
de,de,Video Preview,Videovorschau,translated,src/windows/ui/main-window.ui#dockVideo.windowTitle
de,de,View,Ansicht,translated,src/windows/ui/main-window.ui#menuView.title
de,de,Window,Fenster,translated,src/windows/ui/main-window.ui#menuWindow.title
de,de,Zoom left edge,Linken Rand zoomen,translated,src/windows/views/zoom_slider.py:823
de,de,Zoom right edge,Rechten Rand zoomen,translated,src/windows/views/zoom_slider.py:824
hi,hi,&Edit,&संपादित करें,translated,src/windows/ui/main-window.ui#menu_Edit.title
hi,hi,&File,&फ़ाइल,translated,src/windows/ui/main-window.ui#menuFile.title
hi,hi,&Preferences,&पसंदें,translated,src/windows/ui/main-window.ui#actionPreferences.text
hi,hi,&Quit,&बाहर निकलें,translated,src/windows/ui/main-window.ui#actionQuit.text
hi,hi,About OpenShot,ओपेनशॉट के बारे में,translated,src/windows/ui/main-window.ui#actionAbout.text; src/windows/ui/main-window.ui#actionAbout.toolTip
hi,hi,Add Marker,मार्कर जोड़ें,translated,src/windows/ui/main-window.ui#actionAddMarker.text; src/windows/ui/main-window.ui#actionAddMarker.toolTip
hi,hi,Add Track,ट्रैक जोड़ें,translated,src/windows/ui/main-window.ui#actionAddTrack.text; src/windows/ui/main-window.ui#actionAddTrack.toolTip
hi,hi,Animated Title,एनिमेटेड शीर्षक,translated,src/windows/ui/main-window.ui#actionAnimatedTitle.text; src/windows/ui/main-window.ui#actionAnimatedTitle.toolTip
hi,hi,Ask a Question...,प्रश्न पूछें...,translated,src/windows/ui/main-window.ui#actionAskQuestion.text
hi,hi,Audio,ऑडियो,translated,src/windows/ui/main-window.ui#actionEffectsShowAudio.text; src/windows/ui/main-window.ui#actionEffectsShowAudio.toolTip; src/windows/ui/main-window.ui#actionFilesShowAudio.text; src/windows/ui/main-window.ui#actionFilesShowAudio.toolTip
hi,hi,Audio Levels,ऑडियो स्तर,translated,src/windows/main_window.py:5454
hi,hi,Caption Toolbar,कैप्शन टूलबार,translated,src/windows/main_window.py:4254
hi,hi,Captions,कैप्शन्स,translated,src/windows/ui/main-window.ui#dockCaptionEditor.windowTitle
hi,hi,Center on Playhead,प्लेहेड पर केंद्रित करें,translated,src/windows/ui/main-window.ui#actionCenterOnPlayhead.text
hi,hi,Center the timeline on the Playhead,प्लेहेड पर टाइमलाइन केंद्रित करें,translated,src/windows/ui/main-window.ui#actionCenterOnPlayhead.toolTip
hi,hi,Choose Profile,प्रोफ़ाइल चुनें,translated,src/windows/ui/main-window.ui#actionProfile.text; src/windows/ui/main-window.ui#actionProfile.toolTip
hi,hi,Clear,साफ़ करें,translated,src/windows/ui/main-window.ui#menuClear.title
hi,hi,Click: center · Drag: zoom,क्लिक: केंद्र · खींचें: ज़ूम,translated,src/windows/views/zoom_slider.py:826
hi,hi,Clip,क्लिप,translated,src/windows/views/timeline_backend/qwidget/base.py:2867
hi,hi,Clip: %s,क्लिप: %s,translated,src/windows/views/timeline_backend/qwidget/base.py:2868
hi,hi,Color View,रंग दृश्य,translated,src/windows/main_window.py:5352; src/windows/ui/main-window.ui#actionColor_Grade_View.text
hi,hi,Common,सामान्य,translated,src/windows/ui/main-window.ui#actionTransitionsShowCommon.text; src/windows/ui/main-window.ui#actionTransitionsShowCommon.toolTip
hi,hi,Contents,सामग्री,translated,src/windows/ui/main-window.ui#actionHelpContents.text
hi,hi,Disable Razor,रेज़र अक्षम करें,translated,src/windows/main_window.py:2095; src/windows/main_window.py:2096
hi,hi,Disable Snapping,स्नैपिंग अक्षम करें,translated,src/windows/main_window.py:2081; src/windows/main_window.py:2082; src/windows/ui/main-window.ui#actionSnappingTool.text; src/windows/ui/main-window.ui#actionSnappingTool.toolTip
hi,hi,Disable Timing,टाइमिंग अक्षम करें,translated,src/windows/main_window.py:2109; src/windows/main_window.py:2110
hi,hi,Docks,डॉक्स,translated,src/windows/main_window.py:3183
hi,hi,Donate,दान करें,translated,src/windows/ui/main-window.ui#actionDonate.text
hi,hi,Effect,इफेक्ट,translated,src/windows/views/timeline_backend/qwidget/base.py:2849
hi,hi,Effect: %s,इफेक्ट: %s,translated,src/windows/views/timeline_backend/qwidget/base.py:2848
hi,hi,Effects,प्रभाव,translated,src/windows/ui/main-window.ui#dockEffects.windowTitle
hi,hi,Emojis,इमोजी,translated,src/windows/ui/main-window.ui#dockEmojis.windowTitle
hi,hi,Enable Razor,रेज़र सक्षम करें,translated,src/windows/main_window.py:2098; src/windows/main_window.py:2099; src/windows/ui/main-window.ui#actionRazorTool.text; src/windows/ui/main-window.ui#actionRazorTool.toolTip
hi,hi,Enable Snapping,स्नैपिंग सक्षम करें,translated,src/windows/main_window.py:2084; src/windows/main_window.py:2085
hi,hi,Enable Timing,टाइमिंग सक्षम करें,translated,src/windows/main_window.py:2112; src/windows/main_window.py:2113; src/windows/ui/main-window.ui#actionTimingTool.text; src/windows/ui/main-window.ui#actionTimingTool.toolTip
hi,hi,Enter caption text...,कैप्शन टेक्स्ट डालें...,translated,src/windows/main_window.py:3659
hi,hi,Export Project,प्रोजेक्ट निर्यात करें,translated,src/windows/ui/main-window.ui#menuExport.title
hi,hi,Export Video,वीडियो निर्यात करें,translated,src/windows/ui/main-window.ui#actionExportVideo.text; src/windows/ui/main-window.ui#actionExportVideo.toolTip
hi,hi,Fast Forward,फास्ट फॉरवर्ड,translated,src/windows/ui/main-window.ui#actionFastForward.text; src/windows/ui/main-window.ui#actionFastForward.toolTip
hi,hi,Filter,फ़िल्टर,translated,src/windows/main_window.py:4191; src/windows/main_window.py:4208; src/windows/main_window.py:4227; src/windows/main_window.py:4238; src/windows/main_window.py:5483; src/windows/ui/main-window.ui#txtPropertyFilter.placeholderText
hi,hi,Fullscreen,पूर्ण स्क्रीन,translated,src/windows/ui/main-window.ui#actionFullscreen.text; src/windows/ui/main-window.ui#actionFullscreen.toolTip
hi,hi,Help,मदद,translated,src/windows/ui/main-window.ui#menuHelp.title
hi,hi,Hide keyframes,कीफ्रेम छुपाएं,translated,src/windows/views/timeline_backend/qwidget/base.py:2832
hi,hi,Histogram,हिस्टोग्राम,translated,src/windows/main_window.py:5434
hi,hi,Image,छवि,translated,src/windows/ui/main-window.ui#actionFilesShowImage.text; src/windows/ui/main-window.ui#actionFilesShowImage.toolTip
hi,hi,Import Files,फ़ाइलें आयात करें,translated,src/windows/ui/main-window.ui#actionImportFiles.toolTip
hi,hi,Import Files...,फ़ाइलें आयात करें...,translated,src/windows/ui/main-window.ui#actionImportFiles.text
hi,hi,Import Project,प्रोजेक्ट आयात करें,translated,src/windows/ui/main-window.ui#menuImport_Project.title
hi,hi,Insert Caption,कैप्शन डालें,translated,src/windows/ui/main-window.ui#actionInsertTimestamp.text; src/windows/ui/main-window.ui#actionInsertTimestamp.toolTip
hi,hi,Join our Community...,हमारे समुदाय में शामिल हों...,translated,src/windows/ui/main-window.ui#actionDiscord.text
hi,hi,Jump To End,अंत में जाएँ,translated,src/windows/ui/main-window.ui#actionJumpEnd.text; src/windows/ui/main-window.ui#actionJumpEnd.toolTip
hi,hi,Jump To Start,शुरुआत में जाएँ,translated,src/windows/ui/main-window.ui#actionJumpStart.text; src/windows/ui/main-window.ui#actionJumpStart.toolTip
hi,hi,Launch Tutorial,प्रशिक्षण आरंभ करें,translated,src/windows/ui/main-window.ui#actionTutorial.toolTip
hi,hi,Lock track,ट्रैक लॉक करें,translated,src/windows/views/timeline_backend/qwidget/base.py:2828
hi,hi,Luma Waveform,ल्यूमा वेवफ़ॉर्म,translated,src/windows/main_window.py:5424
hi,hi,My Views,मेरे दृश्य,translated,src/windows/main_window.py:3167
hi,hi,Name,नाम,translated,src/windows/models/files_model.py:337
hi,hi,New Project,नया प्रोजेक्ट,translated,src/windows/ui/main-window.ui#actionNew.text; src/windows/ui/main-window.ui#actionNew.toolTip
hi,hi,Next Marker,अगला मार्कर,translated,src/windows/ui/main-window.ui#actionNextMarker.text; src/windows/ui/main-window.ui#actionNextMarker.toolTip
hi,hi,Open Help Contents,सहायता सामग्री खोलें,translated,src/windows/ui/main-window.ui#actionHelpContents.toolTip
hi,hi,Open Project,प्रोजेक्ट खोलें,translated,src/windows/ui/main-window.ui#actionOpen.toolTip
hi,hi,Open Project...,प्रोजेक्ट खोलें...,translated,src/windows/ui/main-window.ui#actionOpen.text
hi,hi,Pan timeline,टाइमलाइन पैन करें,translated,src/windows/views/zoom_slider.py:825
hi,hi,Pause,विराम दें,translated,src/themes/base.py:480
hi,hi,Play,चलाएँ,translated,src/themes/base.py:480; src/windows/ui/main-window.ui#actionPlay.text; src/windows/ui/main-window.ui#actionPlay.toolTip
hi,hi,Preferences,पसंदें,translated,src/windows/ui/main-window.ui#actionPreferences.toolTip
hi,hi,Previous Marker,पिछला मार्कर,translated,src/windows/ui/main-window.ui#actionPreviousMarker.text; src/windows/ui/main-window.ui#actionPreviousMarker.toolTip
hi,hi,Project Files,प्रोजेक्ट फाइलें,translated,src/windows/ui/main-window.ui#dockFiles.windowTitle
hi,hi,Properties,विशेषताएँ,translated,src/windows/ui/main-window.ui#dockProperties.windowTitle
hi,hi,Property,विशेषता,translated,src/windows/models/properties_model.py:1666; src/windows/models/properties_model.py:1689
hi,hi,Quit,बाहर निकलें,translated,src/windows/ui/main-window.ui#actionQuit.toolTip
hi,hi,Recent Projects,हाल के प्रोजेक्ट,translated,src/windows/main_window.py:3989
hi,hi,Recording,रिकॉर्डिंग,translated,src/windows/main_window.py:5463
hi,hi,Recording View,रिकॉर्डिंग दृश्य,translated,src/windows/main_window.py:3175
hi,hi,Recovery,पुनर्प्राप्ति,translated,src/windows/main_window.py:4065
hi,hi,Redo,पुनः करें,translated,src/windows/ui/main-window.ui#actionRedo.text; src/windows/ui/main-window.ui#actionRedo.toolTip
hi,hi,Report a Bug...,गलती सूचित करें...,translated,src/windows/ui/main-window.ui#actionReportBug.text
hi,hi,Rewind,रिवाइंड करें,translated,src/windows/ui/main-window.ui#actionRewind.text; src/windows/ui/main-window.ui#actionRewind.toolTip
hi,hi,Save Current Frame,वर्तमान फ्रेम को सहेजें,translated,src/windows/ui/main-window.ui#actionSaveFrame.text; src/windows/ui/main-window.ui#actionSaveFrame.toolTip
hi,hi,Save Project,प्रोजेक्ट सहेजें,translated,src/windows/ui/main-window.ui#actionSave.text; src/windows/ui/main-window.ui#actionSave.toolTip
hi,hi,Save Project As...,प्रोजेक्ट इस नाम से सहेजें...,translated,src/windows/ui/main-window.ui#actionSaveAs.text; src/windows/ui/main-window.ui#actionSaveAs.toolTip
hi,hi,Scopes,स्कोप,translated,src/windows/main_window.py:3186
hi,hi,Show All,सभी दिखाएँ,translated,src/windows/ui/main-window.ui#actionEffectsShowAll.text; src/windows/ui/main-window.ui#actionEffectsShowAll.toolTip; src/windows/ui/main-window.ui#actionFilesShowAll.text; src/windows/ui/main-window.ui#actionFilesShowAll.toolTip; src/windows/ui/main-window.ui#actionTransitionsShowAll.text; src/windows/ui/main-window.ui#actionTransitionsShowAll.toolTip
hi,hi,Show keyframes,कीफ्रेम दिखाएं,translated,src/windows/views/timeline_backend/qwidget/base.py:2832
hi,hi,Simple View,सरल दृश्य,translated,src/windows/ui/main-window.ui#actionSimple_View.text
hi,hi,Tags,टैग्स,translated,src/windows/models/files_model.py:337
hi,hi,Thumb,थंबनेल,translated,src/windows/models/files_model.py:337
hi,hi,Timeline,टाइम-लाइन,translated,src/windows/ui/main-window.ui#dockTimeline.windowTitle
hi,hi,Title,शीर्षक,translated,src/windows/ui/main-window.ui#actionTitle.text; src/windows/ui/main-window.ui#actionTitle.toolTip; src/windows/ui/main-window.ui#menuTitle.title
hi,hi,Toolbar,औजारपट्टी,translated,src/windows/ui/main-window.ui#toolBar.windowTitle
hi,hi,Track %s,ट्रैक %s,translated,src/windows/views/timeline_backend/qwidget/track.py:330
hi,hi,Transition,ट्रांज़िशन,translated,src/windows/views/timeline_backend/qwidget/base.py:2856
hi,hi,Transition: %s,ट्रांज़िशन: %s,translated,src/windows/views/timeline_backend/qwidget/base.py:2855
hi,hi,Transitions,संक्रमण,translated,src/windows/ui/main-window.ui#dockTransitions.windowTitle
hi,hi,Translate this Application...,इस अनुप्रयोग का अनुवाद करें...,translated,src/windows/ui/main-window.ui#actionTranslate.text
hi,hi,Tutorial,शिक्षण,translated,src/windows/ui/main-window.ui#actionTutorial.text; src/windows/ui/main-window.ui#dockTutorial.windowTitle
hi,hi,Undo,पहले जैसा,translated,src/windows/ui/main-window.ui#actionUndo.text; src/windows/ui/main-window.ui#actionUndo.toolTip
hi,hi,Unlock track,ट्रैक अनलॉक करें,translated,src/windows/views/timeline_backend/qwidget/base.py:2828
hi,hi,Untitled Project,बिना शीर्षक वाला प्रोजेक्ट,translated,src/windows/main_window.py:3787; src/windows/main_window.py:879; src/windows/main_window.py:944
hi,hi,Update Available,अपडेट उपलब्ध है,translated,src/windows/ui/main-window.ui#actionUpdate.text; src/windows/ui/main-window.ui#actionUpdate.toolTip
hi,hi,Value,मान,translated,src/windows/models/properties_model.py:1666; src/windows/models/properties_model.py:1689
hi,hi,Vectorscope,वेक्टरस्कोप,translated,src/windows/main_window.py:5445
hi,hi,Video,वीडियो,translated,src/windows/ui/main-window.ui#actionEffectsShowVideo.text; src/windows/ui/main-window.ui#actionEffectsShowVideo.toolTip; src/windows/ui/main-window.ui#actionFilesShowVideo.text; src/windows/ui/main-window.ui#actionFilesShowVideo.toolTip
hi,hi,Video Preview,वीडियो पूर्वावलोखन,translated,src/windows/ui/main-window.ui#dockVideo.windowTitle
hi,hi,View,देखें,translated,src/windows/ui/main-window.ui#menuView.title
hi,hi,Window,विंडो,translated,src/windows/ui/main-window.ui#menuWindow.title
hi,hi,Zoom left edge,बाएं किनारे को ज़ूम करें,translated,src/windows/views/zoom_slider.py:823
hi,hi,Zoom right edge,दाएं किनारे को ज़ूम करें,translated,src/windows/views/zoom_slider.py:824
is,is,&Edit,Br&eyta,translated,src/windows/ui/main-window.ui#menu_Edit.title
is,is,&File,&Skrá,translated,src/windows/ui/main-window.ui#menuFile.title
is,is,&Preferences,&Kjörstillingar,translated,src/windows/ui/main-window.ui#actionPreferences.text
is,is,&Quit,&Hætta,translated,src/windows/ui/main-window.ui#actionQuit.text
is,is,About OpenShot,Um OpenShot,translated,src/windows/ui/main-window.ui#actionAbout.text; src/windows/ui/main-window.ui#actionAbout.toolTip
is,is,Add Marker,Bæta við merki,translated,src/windows/ui/main-window.ui#actionAddMarker.text; src/windows/ui/main-window.ui#actionAddMarker.toolTip
is,is,Add Track,Bæta við spori,translated,src/windows/ui/main-window.ui#actionAddTrack.text; src/windows/ui/main-window.ui#actionAddTrack.toolTip
is,is,Animated Title,Skjátitill með hreyfingum,translated,src/windows/ui/main-window.ui#actionAnimatedTitle.text; src/windows/ui/main-window.ui#actionAnimatedTitle.toolTip
is,is,Ask a Question...,Spyrja spurninga...,translated,src/windows/ui/main-window.ui#actionAskQuestion.text
is,is,Audio,Hljóð,translated,src/windows/ui/main-window.ui#actionEffectsShowAudio.text; src/windows/ui/main-window.ui#actionEffectsShowAudio.toolTip; src/windows/ui/main-window.ui#actionFilesShowAudio.text; src/windows/ui/main-window.ui#actionFilesShowAudio.toolTip
is,is,Audio Levels,Hljóðstig,translated,src/windows/main_window.py:5454
is,is,Caption Toolbar,Skýringatextastika,translated,src/windows/main_window.py:4254
is,is,Captions,Skýringatextar,translated,src/windows/ui/main-window.ui#dockCaptionEditor.windowTitle
is,is,Center on Playhead,Miðja á afspilunarstaðinn,translated,src/windows/ui/main-window.ui#actionCenterOnPlayhead.text
is,is,Center the timeline on the Playhead,Miðja tímalínuna á afspilunarstaðinn,translated,src/windows/ui/main-window.ui#actionCenterOnPlayhead.toolTip
is,is,Choose Profile,Velja snið,translated,src/windows/ui/main-window.ui#actionProfile.text; src/windows/ui/main-window.ui#actionProfile.toolTip
is,is,Clear,Hreinsa,translated,src/windows/ui/main-window.ui#menuClear.title
is,is,Click: center · Drag: zoom,Smelltu: miðja · Dragðu: aðdráttur,translated,src/windows/views/zoom_slider.py:826
is,is,Clip,Myndbútur,translated,src/windows/views/timeline_backend/qwidget/base.py:2867
is,is,Clip: %s,Myndbútur: %s,translated,src/windows/views/timeline_backend/qwidget/base.py:2868
is,is,Color View,Litasýn,translated,src/windows/main_window.py:5352; src/windows/ui/main-window.ui#actionColor_Grade_View.text
is,is,Common,Algengt,translated,src/windows/ui/main-window.ui#actionTransitionsShowCommon.text; src/windows/ui/main-window.ui#actionTransitionsShowCommon.toolTip
is,is,Contents,Efnisyfirlit,translated,src/windows/ui/main-window.ui#actionHelpContents.text
is,is,Disable Razor,Slökkva á rakvél,translated,src/windows/main_window.py:2095; src/windows/main_window.py:2096
is,is,Disable Snapping,Slökkva á festingu,translated,src/windows/main_window.py:2081; src/windows/main_window.py:2082; src/windows/ui/main-window.ui#actionSnappingTool.text; src/windows/ui/main-window.ui#actionSnappingTool.toolTip
is,is,Disable Timing,Slökkva á tímasetningu,translated,src/windows/main_window.py:2109; src/windows/main_window.py:2110
is,is,Docks,Spjöld,translated,src/windows/main_window.py:3183
is,is,Donate,Styrkja,translated,src/windows/ui/main-window.ui#actionDonate.text
is,is,Effect,Áhrif,translated,src/windows/views/timeline_backend/qwidget/base.py:2849
is,is,Effect: %s,Áhrif: %s,translated,src/windows/views/timeline_backend/qwidget/base.py:2848
is,is,Effects,Sjónhverfingar,translated,src/windows/ui/main-window.ui#dockEffects.windowTitle
is,is,Emojis,Emoji-tjáningartákn,translated,src/windows/ui/main-window.ui#dockEmojis.windowTitle
is,is,Enable Razor,Kveikja á rakvél,translated,src/windows/main_window.py:2098; src/windows/main_window.py:2099; src/windows/ui/main-window.ui#actionRazorTool.text; src/windows/ui/main-window.ui#actionRazorTool.toolTip
is,is,Enable Snapping,Kveikja á festingu,translated,src/windows/main_window.py:2084; src/windows/main_window.py:2085
is,is,Enable Timing,Kveikja á tímasetningu,translated,src/windows/main_window.py:2112; src/windows/main_window.py:2113; src/windows/ui/main-window.ui#actionTimingTool.text; src/windows/ui/main-window.ui#actionTimingTool.toolTip
is,is,Enter caption text...,Settu inn skýringatexta...,translated,src/windows/main_window.py:3659
is,is,Export Project,Flytja út verkefni,translated,src/windows/ui/main-window.ui#menuExport.title
is,is,Export Video,Flytja út myndskeið,translated,src/windows/ui/main-window.ui#actionExportVideo.text; src/windows/ui/main-window.ui#actionExportVideo.toolTip
is,is,Fast Forward,Spóla áfram,translated,src/windows/ui/main-window.ui#actionFastForward.text; src/windows/ui/main-window.ui#actionFastForward.toolTip
is,is,Filter,Sía,translated,src/windows/main_window.py:4191; src/windows/main_window.py:4208; src/windows/main_window.py:4227; src/windows/main_window.py:4238; src/windows/main_window.py:5483; src/windows/ui/main-window.ui#txtPropertyFilter.placeholderText
is,is,Fullscreen,Fylla skjá,translated,src/windows/ui/main-window.ui#actionFullscreen.text; src/windows/ui/main-window.ui#actionFullscreen.toolTip
is,is,Help,Hjálp,translated,src/windows/ui/main-window.ui#menuHelp.title
is,is,Hide keyframes,Fela lykilramma,translated,src/windows/views/timeline_backend/qwidget/base.py:2832
is,is,Histogram,Dreifirit,translated,src/windows/main_window.py:5434
is,is,Image,Mynd,translated,src/windows/ui/main-window.ui#actionFilesShowImage.text; src/windows/ui/main-window.ui#actionFilesShowImage.toolTip
is,is,Import Files,Flytja inn skrár,translated,src/windows/ui/main-window.ui#actionImportFiles.toolTip
is,is,Import Files...,Flytja inn skrár...,translated,src/windows/ui/main-window.ui#actionImportFiles.text
is,is,Import Project,Flytja inn verkefni,translated,src/windows/ui/main-window.ui#menuImport_Project.title
is,is,Insert Caption,Setja inn texta,translated,src/windows/ui/main-window.ui#actionInsertTimestamp.text; src/windows/ui/main-window.ui#actionInsertTimestamp.toolTip
is,is,Join our Community...,Taktu þátt í samfélagi okkar...,translated,src/windows/ui/main-window.ui#actionDiscord.text
is,is,Jump To End,Hoppa á enda,translated,src/windows/ui/main-window.ui#actionJumpEnd.text; src/windows/ui/main-window.ui#actionJumpEnd.toolTip
is,is,Jump To Start,Hoppa á byrjun,translated,src/windows/ui/main-window.ui#actionJumpStart.text; src/windows/ui/main-window.ui#actionJumpStart.toolTip
is,is,Launch Tutorial,Ræsa kennsluleiðbeiningar,translated,src/windows/ui/main-window.ui#actionTutorial.toolTip
is,is,Lock track,Læsa spori,translated,src/windows/views/timeline_backend/qwidget/base.py:2828
is,is,Luma Waveform,Luma-bylgjuform,translated,src/windows/main_window.py:5424
is,is,My Views,Mínar sýnir,translated,src/windows/main_window.py:3167
is,is,Name,Heiti,translated,src/windows/models/files_model.py:337
is,is,New Project,Nýtt verkefni,translated,src/windows/ui/main-window.ui#actionNew.text; src/windows/ui/main-window.ui#actionNew.toolTip
is,is,Next Marker,Næsta merki,translated,src/windows/ui/main-window.ui#actionNextMarker.text; src/windows/ui/main-window.ui#actionNextMarker.toolTip
is,is,Open Help Contents,Opna hjálparyfirlit,translated,src/windows/ui/main-window.ui#actionHelpContents.toolTip
is,is,Open Project,Opna verkefni,translated,src/windows/ui/main-window.ui#actionOpen.toolTip
is,is,Open Project...,Opna verkefni...,translated,src/windows/ui/main-window.ui#actionOpen.text
is,is,Pan timeline,Færa tímalínu,translated,src/windows/views/zoom_slider.py:825
is,is,Pause,Gera hlé,translated,src/themes/base.py:480
is,is,Play,Spila,translated,src/themes/base.py:480; src/windows/ui/main-window.ui#actionPlay.text; src/windows/ui/main-window.ui#actionPlay.toolTip
is,is,Preferences,Kjörstillingar,translated,src/windows/ui/main-window.ui#actionPreferences.toolTip
is,is,Previous Marker,Fyrra merki,translated,src/windows/ui/main-window.ui#actionPreviousMarker.text; src/windows/ui/main-window.ui#actionPreviousMarker.toolTip
is,is,Project Files,Verkefnaskrár,translated,src/windows/ui/main-window.ui#dockFiles.windowTitle
is,is,Properties,Eiginleikar,translated,src/windows/ui/main-window.ui#dockProperties.windowTitle
is,is,Property,Eiginleiki,translated,src/windows/models/properties_model.py:1666; src/windows/models/properties_model.py:1689
is,is,Quit,Hætta,translated,src/windows/ui/main-window.ui#actionQuit.toolTip
is,is,Recent Projects,Nýleg verkefni,translated,src/windows/main_window.py:3989
is,is,Recording,Upptaka,translated,src/windows/main_window.py:5463
is,is,Recording View,Upptökusýn,translated,src/windows/main_window.py:3175
is,is,Recovery,Endurheimt,translated,src/windows/main_window.py:4065
is,is,Redo,Endurtaka,translated,src/windows/ui/main-window.ui#actionRedo.text; src/windows/ui/main-window.ui#actionRedo.toolTip
is,is,Report a Bug...,Tilkynna villu...,translated,src/windows/ui/main-window.ui#actionReportBug.text
is,is,Rewind,Spóla til baka,translated,src/windows/ui/main-window.ui#actionRewind.text; src/windows/ui/main-window.ui#actionRewind.toolTip
is,is,Save Current Frame,Vista núverandi ramma,translated,src/windows/ui/main-window.ui#actionSaveFrame.text; src/windows/ui/main-window.ui#actionSaveFrame.toolTip
is,is,Save Project,Vista verkefni,translated,src/windows/ui/main-window.ui#actionSave.text; src/windows/ui/main-window.ui#actionSave.toolTip
is,is,Save Project As...,Vista verkefni sem...,translated,src/windows/ui/main-window.ui#actionSaveAs.text; src/windows/ui/main-window.ui#actionSaveAs.toolTip
is,is,Scopes,Mælar,translated,src/windows/main_window.py:3186
is,is,Show All,Sýna allt,translated,src/windows/ui/main-window.ui#actionEffectsShowAll.text; src/windows/ui/main-window.ui#actionEffectsShowAll.toolTip; src/windows/ui/main-window.ui#actionFilesShowAll.text; src/windows/ui/main-window.ui#actionFilesShowAll.toolTip; src/windows/ui/main-window.ui#actionTransitionsShowAll.text; src/windows/ui/main-window.ui#actionTransitionsShowAll.toolTip
is,is,Show keyframes,Sýna lykilramma,translated,src/windows/views/timeline_backend/qwidget/base.py:2832
is,is,Simple View,Einföld sýn,translated,src/windows/ui/main-window.ui#actionSimple_View.text
is,is,Tags,Merki,translated,src/windows/models/files_model.py:337
is,is,Thumb,Smámynd,translated,src/windows/models/files_model.py:337
is,is,Timeline,Tímalína,translated,src/windows/ui/main-window.ui#dockTimeline.windowTitle
is,is,Title,Skjátitill,translated,src/windows/ui/main-window.ui#actionTitle.text; src/windows/ui/main-window.ui#actionTitle.toolTip; src/windows/ui/main-window.ui#menuTitle.title
is,is,Toolbar,Verkfærastika,translated,src/windows/ui/main-window.ui#toolBar.windowTitle
is,is,Track %s,Spor %s,translated,src/windows/views/timeline_backend/qwidget/track.py:330
is,is,Transition,Millifærsla,translated,src/windows/views/timeline_backend/qwidget/base.py:2856
is,is,Transition: %s,Millifærsla: %s,translated,src/windows/views/timeline_backend/qwidget/base.py:2855
is,is,Transitions,Millifærslur,translated,src/windows/ui/main-window.ui#dockTransitions.windowTitle
is,is,Translate this Application...,Þýða þetta forrit...,translated,src/windows/ui/main-window.ui#actionTranslate.text
is,is,Tutorial,Leiðbeiningar,translated,src/windows/ui/main-window.ui#actionTutorial.text; src/windows/ui/main-window.ui#dockTutorial.windowTitle
is,is,Undo,Afturkalla,translated,src/windows/ui/main-window.ui#actionUndo.text; src/windows/ui/main-window.ui#actionUndo.toolTip
is,is,Unlock track,Aflæsa spori,translated,src/windows/views/timeline_backend/qwidget/base.py:2828
is,is,Untitled Project,Ónefnt verkefni,translated,src/windows/main_window.py:3787; src/windows/main_window.py:879; src/windows/main_window.py:944
is,is,Update Available,Uppfærsla tiltæk,translated,src/windows/ui/main-window.ui#actionUpdate.text; src/windows/ui/main-window.ui#actionUpdate.toolTip
is,is,Value,Gildi,translated,src/windows/models/properties_model.py:1666; src/windows/models/properties_model.py:1689
is,is,Vectorscope,Vektorrit,translated,src/windows/main_window.py:5445
is,is,Video,Myndskeið,translated,src/windows/ui/main-window.ui#actionEffectsShowVideo.text; src/windows/ui/main-window.ui#actionEffectsShowVideo.toolTip; src/windows/ui/main-window.ui#actionFilesShowVideo.text; src/windows/ui/main-window.ui#actionFilesShowVideo.toolTip
is,is,Video Preview,Sýnishorn af myndskeiði,translated,src/windows/ui/main-window.ui#dockVideo.windowTitle
is,is,View,Skoða,translated,src/windows/ui/main-window.ui#menuView.title
is,is,Window,Gluggi,translated,src/windows/ui/main-window.ui#menuWindow.title
is,is,Zoom left edge,Aðdráttur vinstri brúnar,translated,src/windows/views/zoom_slider.py:823
is,is,Zoom right edge,Aðdráttur hægri brúnar,translated,src/windows/views/zoom_slider.py:824
id,id,&Edit,&Sunting,translated,src/windows/ui/main-window.ui#menu_Edit.title
id,id,&File,&Berkas,translated,src/windows/ui/main-window.ui#menuFile.title
id,id,&Preferences,&Preferensi,translated,src/windows/ui/main-window.ui#actionPreferences.text
id,id,&Quit,&Keluar,translated,src/windows/ui/main-window.ui#actionQuit.text
id,id,About OpenShot,Tentang OpenShot,translated,src/windows/ui/main-window.ui#actionAbout.text; src/windows/ui/main-window.ui#actionAbout.toolTip
id,id,Add Marker,Tambahkan Penanda,translated,src/windows/ui/main-window.ui#actionAddMarker.text; src/windows/ui/main-window.ui#actionAddMarker.toolTip
id,id,Add Track,Tambah Trek,translated,src/windows/ui/main-window.ui#actionAddTrack.text; src/windows/ui/main-window.ui#actionAddTrack.toolTip
id,id,Animated Title,Judul Teranimasi,translated,src/windows/ui/main-window.ui#actionAnimatedTitle.text; src/windows/ui/main-window.ui#actionAnimatedTitle.toolTip
id,id,Ask a Question...,Tanyakan Pertanyaan...,translated,src/windows/ui/main-window.ui#actionAskQuestion.text
id,id,Audio,Suara,translated,src/windows/ui/main-window.ui#actionEffectsShowAudio.text; src/windows/ui/main-window.ui#actionEffectsShowAudio.toolTip; src/windows/ui/main-window.ui#actionFilesShowAudio.text; src/windows/ui/main-window.ui#actionFilesShowAudio.toolTip
id,id,Audio Levels,Level Audio,translated,src/windows/main_window.py:5454
id,id,Caption Toolbar,Bilah Alat Kapsi,translated,src/windows/main_window.py:4254
id,id,Captions,Kapsi,translated,src/windows/ui/main-window.ui#dockCaptionEditor.windowTitle
id,id,Center on Playhead,Pusatkan pada Playhead,translated,src/windows/ui/main-window.ui#actionCenterOnPlayhead.text
id,id,Center the timeline on the Playhead,Pusatkan Garis Waktu pada Playhead,translated,src/windows/ui/main-window.ui#actionCenterOnPlayhead.toolTip
id,id,Choose Profile,Pilih Profil,translated,src/windows/ui/main-window.ui#actionProfile.text; src/windows/ui/main-window.ui#actionProfile.toolTip
id,id,Clear,Bersihkan,translated,src/windows/ui/main-window.ui#menuClear.title
id,id,Click: center · Drag: zoom,Klik: pusatkan · Seret: zoom,translated,src/windows/views/zoom_slider.py:826
id,id,Clip,Klip,translated,src/windows/views/timeline_backend/qwidget/base.py:2867
id,id,Clip: %s,Klip: %s,translated,src/windows/views/timeline_backend/qwidget/base.py:2868
id,id,Color View,Tampilan Warna,translated,src/windows/main_window.py:5352; src/windows/ui/main-window.ui#actionColor_Grade_View.text
id,id,Common,Umum,translated,src/windows/ui/main-window.ui#actionTransitionsShowCommon.text; src/windows/ui/main-window.ui#actionTransitionsShowCommon.toolTip
id,id,Contents,Isi,translated,src/windows/ui/main-window.ui#actionHelpContents.text
id,id,Disable Razor,Nonaktifkan Pisau,translated,src/windows/main_window.py:2095; src/windows/main_window.py:2096
id,id,Disable Snapping,Nonaktifkan Penempelan,translated,src/windows/main_window.py:2081; src/windows/main_window.py:2082; src/windows/ui/main-window.ui#actionSnappingTool.text; src/windows/ui/main-window.ui#actionSnappingTool.toolTip
id,id,Disable Timing,Nonaktifkan Pengaturan Kecepatan,translated,src/windows/main_window.py:2109; src/windows/main_window.py:2110
id,id,Docks,Dok,translated,src/windows/main_window.py:3183
id,id,Donate,Donasi,translated,src/windows/ui/main-window.ui#actionDonate.text
id,id,Effect,Efek,translated,src/windows/views/timeline_backend/qwidget/base.py:2849
id,id,Effect: %s,Efek: %s,translated,src/windows/views/timeline_backend/qwidget/base.py:2848
id,id,Effects,Efek,translated,src/windows/ui/main-window.ui#dockEffects.windowTitle
id,id,Emojis,Emoji,translated,src/windows/ui/main-window.ui#dockEmojis.windowTitle
id,id,Enable Razor,Aktifkan Pisau,translated,src/windows/main_window.py:2098; src/windows/main_window.py:2099; src/windows/ui/main-window.ui#actionRazorTool.text; src/windows/ui/main-window.ui#actionRazorTool.toolTip
id,id,Enable Snapping,Aktifkan Penempelan,translated,src/windows/main_window.py:2084; src/windows/main_window.py:2085
id,id,Enable Timing,Aktifkan Pengaturan Kecepatan,translated,src/windows/main_window.py:2112; src/windows/main_window.py:2113; src/windows/ui/main-window.ui#actionTimingTool.text; src/windows/ui/main-window.ui#actionTimingTool.toolTip
id,id,Enter caption text...,Masukkan teks kapsi...,translated,src/windows/main_window.py:3659
id,id,Export Project,Ekspor Proyek,translated,src/windows/ui/main-window.ui#menuExport.title
id,id,Export Video,Ekspor Video,translated,src/windows/ui/main-window.ui#actionExportVideo.text; src/windows/ui/main-window.ui#actionExportVideo.toolTip
id,id,Fast Forward,Maju Cepat,translated,src/windows/ui/main-window.ui#actionFastForward.text; src/windows/ui/main-window.ui#actionFastForward.toolTip
id,id,Filter,Penyaring,translated,src/windows/main_window.py:4191; src/windows/main_window.py:4208; src/windows/main_window.py:4227; src/windows/main_window.py:4238; src/windows/main_window.py:5483; src/windows/ui/main-window.ui#txtPropertyFilter.placeholderText
id,id,Fullscreen,Layar penuh,translated,src/windows/ui/main-window.ui#actionFullscreen.text; src/windows/ui/main-window.ui#actionFullscreen.toolTip
id,id,Help,Bantuan,translated,src/windows/ui/main-window.ui#menuHelp.title
id,id,Hide keyframes,Sembunyikan keyframe,translated,src/windows/views/timeline_backend/qwidget/base.py:2832
id,id,Histogram,Histogram,same-as-source,src/windows/main_window.py:5434
id,id,Image,Gambar,translated,src/windows/ui/main-window.ui#actionFilesShowImage.text; src/windows/ui/main-window.ui#actionFilesShowImage.toolTip
id,id,Import Files,Impor Berkas,translated,src/windows/ui/main-window.ui#actionImportFiles.toolTip
id,id,Import Files...,Impor Berkas...,translated,src/windows/ui/main-window.ui#actionImportFiles.text
id,id,Import Project,Impor Proyek,translated,src/windows/ui/main-window.ui#menuImport_Project.title
id,id,Insert Caption,Sisipkan Kapsi,translated,src/windows/ui/main-window.ui#actionInsertTimestamp.text; src/windows/ui/main-window.ui#actionInsertTimestamp.toolTip
id,id,Join our Community...,Bergabung dengan Komunitas Kami...,translated,src/windows/ui/main-window.ui#actionDiscord.text
id,id,Jump To End,Lompat ke Akhir,translated,src/windows/ui/main-window.ui#actionJumpEnd.text; src/windows/ui/main-window.ui#actionJumpEnd.toolTip
id,id,Jump To Start,Lompat ke Awal,translated,src/windows/ui/main-window.ui#actionJumpStart.text; src/windows/ui/main-window.ui#actionJumpStart.toolTip
id,id,Launch Tutorial,Jalankan Tutorial,translated,src/windows/ui/main-window.ui#actionTutorial.toolTip
id,id,Lock track,Kunci trek,translated,src/windows/views/timeline_backend/qwidget/base.py:2828
id,id,Luma Waveform,Gelombang Luma,translated,src/windows/main_window.py:5424
id,id,My Views,Tampilan Saya,translated,src/windows/main_window.py:3167
id,id,Name,Nama,translated,src/windows/models/files_model.py:337
id,id,New Project,Proyek Baru,translated,src/windows/ui/main-window.ui#actionNew.text; src/windows/ui/main-window.ui#actionNew.toolTip
id,id,Next Marker,Penanda Berikutnya,translated,src/windows/ui/main-window.ui#actionNextMarker.text; src/windows/ui/main-window.ui#actionNextMarker.toolTip
id,id,Open Help Contents,Buka Isi Bantuan,translated,src/windows/ui/main-window.ui#actionHelpContents.toolTip
id,id,Open Project,Buka Proyek,translated,src/windows/ui/main-window.ui#actionOpen.toolTip
id,id,Open Project...,Buka Proyek...,translated,src/windows/ui/main-window.ui#actionOpen.text
id,id,Pan timeline,Geser Garis Waktu,translated,src/windows/views/zoom_slider.py:825
id,id,Pause,Jeda,translated,src/themes/base.py:480
id,id,Play,Mainkan,translated,src/themes/base.py:480; src/windows/ui/main-window.ui#actionPlay.text; src/windows/ui/main-window.ui#actionPlay.toolTip
id,id,Preferences,Preferensi,translated,src/windows/ui/main-window.ui#actionPreferences.toolTip
id,id,Previous Marker,Penanda Sebelumnya,translated,src/windows/ui/main-window.ui#actionPreviousMarker.text; src/windows/ui/main-window.ui#actionPreviousMarker.toolTip
id,id,Project Files,Berkas Proyek,translated,src/windows/ui/main-window.ui#dockFiles.windowTitle
id,id,Properties,Properti,translated,src/windows/ui/main-window.ui#dockProperties.windowTitle
id,id,Property,Properti,translated,src/windows/models/properties_model.py:1666; src/windows/models/properties_model.py:1689
id,id,Quit,Keluar,translated,src/windows/ui/main-window.ui#actionQuit.toolTip
id,id,Recent Projects,Proyek Terakhir,translated,src/windows/main_window.py:3989
id,id,Recording,Perekaman,translated,src/windows/main_window.py:5463
id,id,Recording View,Tampilan Perekaman,translated,src/windows/main_window.py:3175
id,id,Recovery,Pemulihan,translated,src/windows/main_window.py:4065
id,id,Redo,Redo,same-as-source,src/windows/ui/main-window.ui#actionRedo.text; src/windows/ui/main-window.ui#actionRedo.toolTip
id,id,Report a Bug...,Laporkan Bug...,translated,src/windows/ui/main-window.ui#actionReportBug.text
id,id,Rewind,Mundur,translated,src/windows/ui/main-window.ui#actionRewind.text; src/windows/ui/main-window.ui#actionRewind.toolTip
id,id,Save Current Frame,Simpan Bingkai Saat ini,translated,src/windows/ui/main-window.ui#actionSaveFrame.text; src/windows/ui/main-window.ui#actionSaveFrame.toolTip
id,id,Save Project,Simpan Proyek,translated,src/windows/ui/main-window.ui#actionSave.text; src/windows/ui/main-window.ui#actionSave.toolTip
id,id,Save Project As...,Simpan Proyek Sebagai...,translated,src/windows/ui/main-window.ui#actionSaveAs.text; src/windows/ui/main-window.ui#actionSaveAs.toolTip
id,id,Scopes,Cakupan,translated,src/windows/main_window.py:3186
id,id,Show All,Tampilkan Semua,translated,src/windows/ui/main-window.ui#actionEffectsShowAll.text; src/windows/ui/main-window.ui#actionEffectsShowAll.toolTip; src/windows/ui/main-window.ui#actionFilesShowAll.text; src/windows/ui/main-window.ui#actionFilesShowAll.toolTip; src/windows/ui/main-window.ui#actionTransitionsShowAll.text; src/windows/ui/main-window.ui#actionTransitionsShowAll.toolTip
id,id,Show keyframes,Tampilkan keyframe,translated,src/windows/views/timeline_backend/qwidget/base.py:2832
id,id,Simple View,Tampilan Sederhana,translated,src/windows/ui/main-window.ui#actionSimple_View.text
id,id,Tags,Tag,translated,src/windows/models/files_model.py:337
id,id,Thumb,Gambar Mini,translated,src/windows/models/files_model.py:337
id,id,Timeline,Garis Waktu,translated,src/windows/ui/main-window.ui#dockTimeline.windowTitle
id,id,Title,Judul,translated,src/windows/ui/main-window.ui#actionTitle.text; src/windows/ui/main-window.ui#actionTitle.toolTip; src/windows/ui/main-window.ui#menuTitle.title
id,id,Toolbar,Toolbar,same-as-source,src/windows/ui/main-window.ui#toolBar.windowTitle
id,id,Track %s,Trek %s,translated,src/windows/views/timeline_backend/qwidget/track.py:330
id,id,Transition,Transisi,translated,src/windows/views/timeline_backend/qwidget/base.py:2856
id,id,Transition: %s,Transisi: %s,translated,src/windows/views/timeline_backend/qwidget/base.py:2855
id,id,Transitions,Transisi,translated,src/windows/ui/main-window.ui#dockTransitions.windowTitle
id,id,Translate this Application...,Terjemahkan Aplikasi Ini...,translated,src/windows/ui/main-window.ui#actionTranslate.text
id,id,Tutorial,Tutorial,same-as-source,src/windows/ui/main-window.ui#actionTutorial.text; src/windows/ui/main-window.ui#dockTutorial.windowTitle
id,id,Undo,Undo,same-as-source,src/windows/ui/main-window.ui#actionUndo.text; src/windows/ui/main-window.ui#actionUndo.toolTip
id,id,Unlock track,Buka kunci trek,translated,src/windows/views/timeline_backend/qwidget/base.py:2828
id,id,Untitled Project,Proyek Tanpa Judul,translated,src/windows/main_window.py:3787; src/windows/main_window.py:879; src/windows/main_window.py:944
id,id,Update Available,Pemutakhiran Tersedia,translated,src/windows/ui/main-window.ui#actionUpdate.text; src/windows/ui/main-window.ui#actionUpdate.toolTip
id,id,Value,Nilai,translated,src/windows/models/properties_model.py:1666; src/windows/models/properties_model.py:1689
id,id,Vectorscope,Vectorscope,same-as-source,src/windows/main_window.py:5445
id,id,Video,Video,same-as-source,src/windows/ui/main-window.ui#actionEffectsShowVideo.text; src/windows/ui/main-window.ui#actionEffectsShowVideo.toolTip; src/windows/ui/main-window.ui#actionFilesShowVideo.text; src/windows/ui/main-window.ui#actionFilesShowVideo.toolTip
id,id,Video Preview,Pratinjau Video,translated,src/windows/ui/main-window.ui#dockVideo.windowTitle
id,id,View,Lihat,translated,src/windows/ui/main-window.ui#menuView.title
id,id,Window,Jendela,translated,src/windows/ui/main-window.ui#menuWindow.title
id,id,Zoom left edge,Perbesar tepi kiri,translated,src/windows/views/zoom_slider.py:823
id,id,Zoom right edge,Perbesar tepi kanan,translated,src/windows/views/zoom_slider.py:824
it,it,&Edit,&Modifica,translated,src/windows/ui/main-window.ui#menu_Edit.title
it,it,&File,&File,same-as-source,src/windows/ui/main-window.ui#menuFile.title
it,it,&Preferences,&Preferenze,translated,src/windows/ui/main-window.ui#actionPreferences.text
it,it,&Quit,&Esci,translated,src/windows/ui/main-window.ui#actionQuit.text
it,it,About OpenShot,Informazioni su OpenShot,translated,src/windows/ui/main-window.ui#actionAbout.text; src/windows/ui/main-window.ui#actionAbout.toolTip
it,it,Add Marker,Aggiungi marcatore,translated,src/windows/ui/main-window.ui#actionAddMarker.text; src/windows/ui/main-window.ui#actionAddMarker.toolTip
it,it,Add Track,Aggiungi traccia,translated,src/windows/ui/main-window.ui#actionAddTrack.text; src/windows/ui/main-window.ui#actionAddTrack.toolTip
it,it,Animated Title,Titolo animato,translated,src/windows/ui/main-window.ui#actionAnimatedTitle.text; src/windows/ui/main-window.ui#actionAnimatedTitle.toolTip
it,it,Ask a Question...,Fai una domanda...,translated,src/windows/ui/main-window.ui#actionAskQuestion.text
it,it,Audio,Audio,same-as-source,src/windows/ui/main-window.ui#actionEffectsShowAudio.text; src/windows/ui/main-window.ui#actionEffectsShowAudio.toolTip; src/windows/ui/main-window.ui#actionFilesShowAudio.text; src/windows/ui/main-window.ui#actionFilesShowAudio.toolTip
it,it,Audio Levels,Livelli Audio,translated,src/windows/main_window.py:5454
it,it,Caption Toolbar,Barra degli strumenti dei sottotitoli,translated,src/windows/main_window.py:4254
it,it,Captions,Sottotitoli,translated,src/windows/ui/main-window.ui#dockCaptionEditor.windowTitle
it,it,Center on Playhead,Centra sul cursore di riproduzione,translated,src/windows/ui/main-window.ui#actionCenterOnPlayhead.text
it,it,Center the timeline on the Playhead,Centra la timeline sul cursore di riproduzione,translated,src/windows/ui/main-window.ui#actionCenterOnPlayhead.toolTip
it,it,Choose Profile,Seleziona profilo,translated,src/windows/ui/main-window.ui#actionProfile.text; src/windows/ui/main-window.ui#actionProfile.toolTip
it,it,Clear,Cancella,translated,src/windows/ui/main-window.ui#menuClear.title
it,it,Click: center · Drag: zoom,Clicca: centra · Trascina: zoom,translated,src/windows/views/zoom_slider.py:826
it,it,Clip,Clip,same-as-source,src/windows/views/timeline_backend/qwidget/base.py:2867
it,it,Clip: %s,Clip: %s,same-as-source,src/windows/views/timeline_backend/qwidget/base.py:2868
it,it,Color View,Vista Colore,translated,src/windows/main_window.py:5352; src/windows/ui/main-window.ui#actionColor_Grade_View.text
it,it,Common,Comune,translated,src/windows/ui/main-window.ui#actionTransitionsShowCommon.text; src/windows/ui/main-window.ui#actionTransitionsShowCommon.toolTip
it,it,Contents,Contenuti,translated,src/windows/ui/main-window.ui#actionHelpContents.text
it,it,Disable Razor,Disabilita taglierina,translated,src/windows/main_window.py:2095; src/windows/main_window.py:2096
it,it,Disable Snapping,Disabilita ancoraggio,translated,src/windows/main_window.py:2081; src/windows/main_window.py:2082; src/windows/ui/main-window.ui#actionSnappingTool.text; src/windows/ui/main-window.ui#actionSnappingTool.toolTip
it,it,Disable Timing,Disabilita temporizzazione,translated,src/windows/main_window.py:2109; src/windows/main_window.py:2110
it,it,Docks,Dock,translated,src/windows/main_window.py:3183
it,it,Donate,Fai una donazione,translated,src/windows/ui/main-window.ui#actionDonate.text
it,it,Effect,Effetto,translated,src/windows/views/timeline_backend/qwidget/base.py:2849
it,it,Effect: %s,Effetto: %s,translated,src/windows/views/timeline_backend/qwidget/base.py:2848
it,it,Effects,Effetti,translated,src/windows/ui/main-window.ui#dockEffects.windowTitle
it,it,Emojis,Emoji,translated,src/windows/ui/main-window.ui#dockEmojis.windowTitle
it,it,Enable Razor,Abilita taglierina,translated,src/windows/main_window.py:2098; src/windows/main_window.py:2099; src/windows/ui/main-window.ui#actionRazorTool.text; src/windows/ui/main-window.ui#actionRazorTool.toolTip
it,it,Enable Snapping,Abilita ancoraggio,translated,src/windows/main_window.py:2084; src/windows/main_window.py:2085
it,it,Enable Timing,Abilita temporizzazione,translated,src/windows/main_window.py:2112; src/windows/main_window.py:2113; src/windows/ui/main-window.ui#actionTimingTool.text; src/windows/ui/main-window.ui#actionTimingTool.toolTip
it,it,Enter caption text...,Inserisci il testo del sottotitolo...,translated,src/windows/main_window.py:3659
it,it,Export Project,Esporta progetto,translated,src/windows/ui/main-window.ui#menuExport.title
it,it,Export Video,Esporta video,translated,src/windows/ui/main-window.ui#actionExportVideo.text; src/windows/ui/main-window.ui#actionExportVideo.toolTip
it,it,Fast Forward,Avanti veloce,translated,src/windows/ui/main-window.ui#actionFastForward.text; src/windows/ui/main-window.ui#actionFastForward.toolTip
it,it,Filter,Filtro,translated,src/windows/main_window.py:4191; src/windows/main_window.py:4208; src/windows/main_window.py:4227; src/windows/main_window.py:4238; src/windows/main_window.py:5483; src/windows/ui/main-window.ui#txtPropertyFilter.placeholderText
it,it,Fullscreen,Schermo intero,translated,src/windows/ui/main-window.ui#actionFullscreen.text; src/windows/ui/main-window.ui#actionFullscreen.toolTip
it,it,Help,Aiuto,translated,src/windows/ui/main-window.ui#menuHelp.title
it,it,Hide keyframes,Nascondi fotogrammi chiave,translated,src/windows/views/timeline_backend/qwidget/base.py:2832
it,it,Histogram,Istogramma,translated,src/windows/main_window.py:5434
it,it,Image,Immagine,translated,src/windows/ui/main-window.ui#actionFilesShowImage.text; src/windows/ui/main-window.ui#actionFilesShowImage.toolTip
it,it,Import Files,Importa file,translated,src/windows/ui/main-window.ui#actionImportFiles.toolTip
it,it,Import Files...,Importa file...,translated,src/windows/ui/main-window.ui#actionImportFiles.text
it,it,Import Project,Importa progetto,translated,src/windows/ui/main-window.ui#menuImport_Project.title
it,it,Insert Caption,Inserisci sottotitolo,translated,src/windows/ui/main-window.ui#actionInsertTimestamp.text; src/windows/ui/main-window.ui#actionInsertTimestamp.toolTip
it,it,Join our Community...,Unisciti alla nostra community...,translated,src/windows/ui/main-window.ui#actionDiscord.text
it,it,Jump To End,Vai alla fine,translated,src/windows/ui/main-window.ui#actionJumpEnd.text; src/windows/ui/main-window.ui#actionJumpEnd.toolTip
it,it,Jump To Start,Vai all’inizio,translated,src/windows/ui/main-window.ui#actionJumpStart.text; src/windows/ui/main-window.ui#actionJumpStart.toolTip
it,it,Launch Tutorial,Avvia il tutorial,translated,src/windows/ui/main-window.ui#actionTutorial.toolTip
it,it,Lock track,Blocca traccia,translated,src/windows/views/timeline_backend/qwidget/base.py:2828
it,it,Luma Waveform,Forma d'Onda Luma,translated,src/windows/main_window.py:5424
it,it,My Views,Le Mie Visualizzazioni,translated,src/windows/main_window.py:3167
it,it,Name,Nome,translated,src/windows/models/files_model.py:337
it,it,New Project,Nuovo progetto,translated,src/windows/ui/main-window.ui#actionNew.text; src/windows/ui/main-window.ui#actionNew.toolTip
it,it,Next Marker,Marcatore successivo,translated,src/windows/ui/main-window.ui#actionNextMarker.text; src/windows/ui/main-window.ui#actionNextMarker.toolTip
it,it,Open Help Contents,Apri la guida,translated,src/windows/ui/main-window.ui#actionHelpContents.toolTip
it,it,Open Project,Apri progetto,translated,src/windows/ui/main-window.ui#actionOpen.toolTip
it,it,Open Project...,Apri progetto...,translated,src/windows/ui/main-window.ui#actionOpen.text
it,it,Pan timeline,Muovi timeline,translated,src/windows/views/zoom_slider.py:825
it,it,Pause,Pausa,translated,src/themes/base.py:480
it,it,Play,Riproduci,translated,src/themes/base.py:480; src/windows/ui/main-window.ui#actionPlay.text; src/windows/ui/main-window.ui#actionPlay.toolTip
it,it,Preferences,Preferenze,translated,src/windows/ui/main-window.ui#actionPreferences.toolTip
it,it,Previous Marker,Marcatore precedente,translated,src/windows/ui/main-window.ui#actionPreviousMarker.text; src/windows/ui/main-window.ui#actionPreviousMarker.toolTip
it,it,Project Files,File di progetto,translated,src/windows/ui/main-window.ui#dockFiles.windowTitle
it,it,Properties,Proprietà,translated,src/windows/ui/main-window.ui#dockProperties.windowTitle
it,it,Property,Proprietà,translated,src/windows/models/properties_model.py:1666; src/windows/models/properties_model.py:1689
it,it,Quit,Esci,translated,src/windows/ui/main-window.ui#actionQuit.toolTip
it,it,Recent Projects,Progetti recenti,translated,src/windows/main_window.py:3989
it,it,Recording,Registrazione,translated,src/windows/main_window.py:5463
it,it,Recording View,Vista registrazione,translated,src/windows/main_window.py:3175
it,it,Recovery,Ripristino,translated,src/windows/main_window.py:4065
it,it,Redo,Ripristina,translated,src/windows/ui/main-window.ui#actionRedo.text; src/windows/ui/main-window.ui#actionRedo.toolTip
it,it,Report a Bug...,Segnala un problema...,translated,src/windows/ui/main-window.ui#actionReportBug.text
it,it,Rewind,Riavvolgi,translated,src/windows/ui/main-window.ui#actionRewind.text; src/windows/ui/main-window.ui#actionRewind.toolTip
it,it,Save Current Frame,Salva fotogramma corrente,translated,src/windows/ui/main-window.ui#actionSaveFrame.text; src/windows/ui/main-window.ui#actionSaveFrame.toolTip
it,it,Save Project,Salva progetto,translated,src/windows/ui/main-window.ui#actionSave.text; src/windows/ui/main-window.ui#actionSave.toolTip
it,it,Save Project As...,Salva progetto con nome...,translated,src/windows/ui/main-window.ui#actionSaveAs.text; src/windows/ui/main-window.ui#actionSaveAs.toolTip
it,it,Scopes,Scope,translated,src/windows/main_window.py:3186
it,it,Show All,Mostra tutto,translated,src/windows/ui/main-window.ui#actionEffectsShowAll.text; src/windows/ui/main-window.ui#actionEffectsShowAll.toolTip; src/windows/ui/main-window.ui#actionFilesShowAll.text; src/windows/ui/main-window.ui#actionFilesShowAll.toolTip; src/windows/ui/main-window.ui#actionTransitionsShowAll.text; src/windows/ui/main-window.ui#actionTransitionsShowAll.toolTip
it,it,Show keyframes,Mostra fotogrammi chiave,translated,src/windows/views/timeline_backend/qwidget/base.py:2832
it,it,Simple View,Vista semplice,translated,src/windows/ui/main-window.ui#actionSimple_View.text
it,it,Tags,Etichette,translated,src/windows/models/files_model.py:337
it,it,Thumb,Miniatura,translated,src/windows/models/files_model.py:337
it,it,Timeline,Timeline,same-as-source,src/windows/ui/main-window.ui#dockTimeline.windowTitle
it,it,Title,Titolo,translated,src/windows/ui/main-window.ui#actionTitle.text; src/windows/ui/main-window.ui#actionTitle.toolTip; src/windows/ui/main-window.ui#menuTitle.title
it,it,Toolbar,Barra degli strumenti,translated,src/windows/ui/main-window.ui#toolBar.windowTitle
it,it,Track %s,Traccia %s,translated,src/windows/views/timeline_backend/qwidget/track.py:330
it,it,Transition,Transizione,translated,src/windows/views/timeline_backend/qwidget/base.py:2856
it,it,Transition: %s,Transizione: %s,translated,src/windows/views/timeline_backend/qwidget/base.py:2855
it,it,Transitions,Transizioni,translated,src/windows/ui/main-window.ui#dockTransitions.windowTitle
it,it,Translate this Application...,Traduci questa applicazione...,translated,src/windows/ui/main-window.ui#actionTranslate.text
it,it,Tutorial,Tutorial,same-as-source,src/windows/ui/main-window.ui#actionTutorial.text; src/windows/ui/main-window.ui#dockTutorial.windowTitle
it,it,Undo,Annulla,translated,src/windows/ui/main-window.ui#actionUndo.text; src/windows/ui/main-window.ui#actionUndo.toolTip
it,it,Unlock track,Sblocca traccia,translated,src/windows/views/timeline_backend/qwidget/base.py:2828
it,it,Untitled Project,Progetto senza titolo,translated,src/windows/main_window.py:3787; src/windows/main_window.py:879; src/windows/main_window.py:944
it,it,Update Available,Aggiornamento disponibile,translated,src/windows/ui/main-window.ui#actionUpdate.text; src/windows/ui/main-window.ui#actionUpdate.toolTip
it,it,Value,Valore,translated,src/windows/models/properties_model.py:1666; src/windows/models/properties_model.py:1689
it,it,Vectorscope,Vectorscope,same-as-source,src/windows/main_window.py:5445
it,it,Video,Video,same-as-source,src/windows/ui/main-window.ui#actionEffectsShowVideo.text; src/windows/ui/main-window.ui#actionEffectsShowVideo.toolTip; src/windows/ui/main-window.ui#actionFilesShowVideo.text; src/windows/ui/main-window.ui#actionFilesShowVideo.toolTip
it,it,Video Preview,Anteprima video,translated,src/windows/ui/main-window.ui#dockVideo.windowTitle
it,it,View,Vista,translated,src/windows/ui/main-window.ui#menuView.title
it,it,Window,Finestra,translated,src/windows/ui/main-window.ui#menuWindow.title
it,it,Zoom left edge,Zoom bordo sinistro,translated,src/windows/views/zoom_slider.py:823
it,it,Zoom right edge,Zoom bordo destro,translated,src/windows/views/zoom_slider.py:824
ja,ja,&Edit,編集(&E),translated,src/windows/ui/main-window.ui#menu_Edit.title
ja,ja,&File,ファイル(&F),translated,src/windows/ui/main-window.ui#menuFile.title
ja,ja,&Preferences,設定(&P),translated,src/windows/ui/main-window.ui#actionPreferences.text
ja,ja,&Quit,終了(&Q),translated,src/windows/ui/main-window.ui#actionQuit.text
ja,ja,About OpenShot,OpenShot について,translated,src/windows/ui/main-window.ui#actionAbout.text; src/windows/ui/main-window.ui#actionAbout.toolTip
ja,ja,Add Marker,マーカーを追加,translated,src/windows/ui/main-window.ui#actionAddMarker.text; src/windows/ui/main-window.ui#actionAddMarker.toolTip
ja,ja,Add Track,トラックを追加,translated,src/windows/ui/main-window.ui#actionAddTrack.text; src/windows/ui/main-window.ui#actionAddTrack.toolTip
ja,ja,Animated Title,アニメーションタイトル,translated,src/windows/ui/main-window.ui#actionAnimatedTitle.text; src/windows/ui/main-window.ui#actionAnimatedTitle.toolTip
ja,ja,Ask a Question...,質問する...,translated,src/windows/ui/main-window.ui#actionAskQuestion.text
ja,ja,Audio,音声,translated,src/windows/ui/main-window.ui#actionEffectsShowAudio.text; src/windows/ui/main-window.ui#actionEffectsShowAudio.toolTip; src/windows/ui/main-window.ui#actionFilesShowAudio.text; src/windows/ui/main-window.ui#actionFilesShowAudio.toolTip
ja,ja,Audio Levels,オーディオレベル,translated,src/windows/main_window.py:5454
ja,ja,Caption Toolbar,キャプションツールバー,translated,src/windows/main_window.py:4254
ja,ja,Captions,キャプション,translated,src/windows/ui/main-window.ui#dockCaptionEditor.windowTitle
ja,ja,Center on Playhead,再生ヘッドを中心に表示,translated,src/windows/ui/main-window.ui#actionCenterOnPlayhead.text
ja,ja,Center the timeline on the Playhead,再生ヘッドを中心にタイムラインを表示,translated,src/windows/ui/main-window.ui#actionCenterOnPlayhead.toolTip
ja,ja,Choose Profile,プロファイルを選択,translated,src/windows/ui/main-window.ui#actionProfile.text; src/windows/ui/main-window.ui#actionProfile.toolTip
ja,ja,Clear,消去,translated,src/windows/ui/main-window.ui#menuClear.title
ja,ja,Click: center · Drag: zoom,クリック：中央 · ドラッグ：ズーム,translated,src/windows/views/zoom_slider.py:826
ja,ja,Clip,クリップ,translated,src/windows/views/timeline_backend/qwidget/base.py:2867
ja,ja,Clip: %s,クリップ: %s,translated,src/windows/views/timeline_backend/qwidget/base.py:2868
ja,ja,Color View,カラー表示,translated,src/windows/main_window.py:5352; src/windows/ui/main-window.ui#actionColor_Grade_View.text
ja,ja,Common,基本,translated,src/windows/ui/main-window.ui#actionTransitionsShowCommon.text; src/windows/ui/main-window.ui#actionTransitionsShowCommon.toolTip
ja,ja,Contents,内容,translated,src/windows/ui/main-window.ui#actionHelpContents.text
ja,ja,Disable Razor,レイザーを無効にする,translated,src/windows/main_window.py:2095; src/windows/main_window.py:2096
ja,ja,Disable Snapping,スナッピングを無効にする,translated,src/windows/main_window.py:2081; src/windows/main_window.py:2082; src/windows/ui/main-window.ui#actionSnappingTool.text; src/windows/ui/main-window.ui#actionSnappingTool.toolTip
ja,ja,Disable Timing,タイミングを無効にする,translated,src/windows/main_window.py:2109; src/windows/main_window.py:2110
ja,ja,Docks,ドック,translated,src/windows/main_window.py:3183
ja,ja,Donate,寄付する,translated,src/windows/ui/main-window.ui#actionDonate.text
ja,ja,Effect,エフェクト,translated,src/windows/views/timeline_backend/qwidget/base.py:2849
ja,ja,Effect: %s,エフェクト: %s,translated,src/windows/views/timeline_backend/qwidget/base.py:2848
ja,ja,Effects,エフェクト,translated,src/windows/ui/main-window.ui#dockEffects.windowTitle
ja,ja,Emojis,絵文字,translated,src/windows/ui/main-window.ui#dockEmojis.windowTitle
ja,ja,Enable Razor,レイザーを有効にする,translated,src/windows/main_window.py:2098; src/windows/main_window.py:2099; src/windows/ui/main-window.ui#actionRazorTool.text; src/windows/ui/main-window.ui#actionRazorTool.toolTip
ja,ja,Enable Snapping,スナッピングを有効にする,translated,src/windows/main_window.py:2084; src/windows/main_window.py:2085
ja,ja,Enable Timing,タイミングを有効にする,translated,src/windows/main_window.py:2112; src/windows/main_window.py:2113; src/windows/ui/main-window.ui#actionTimingTool.text; src/windows/ui/main-window.ui#actionTimingTool.toolTip
ja,ja,Enter caption text...,キャプションを入力してください,translated,src/windows/main_window.py:3659
ja,ja,Export Project,プロジェクトをエクスポート,translated,src/windows/ui/main-window.ui#menuExport.title
ja,ja,Export Video,動画をエクスポート,translated,src/windows/ui/main-window.ui#actionExportVideo.text; src/windows/ui/main-window.ui#actionExportVideo.toolTip
ja,ja,Fast Forward,早送り,translated,src/windows/ui/main-window.ui#actionFastForward.text; src/windows/ui/main-window.ui#actionFastForward.toolTip
ja,ja,Filter,フィルター,translated,src/windows/main_window.py:4191; src/windows/main_window.py:4208; src/windows/main_window.py:4227; src/windows/main_window.py:4238; src/windows/main_window.py:5483; src/windows/ui/main-window.ui#txtPropertyFilter.placeholderText
ja,ja,Fullscreen,全画面表示,translated,src/windows/ui/main-window.ui#actionFullscreen.text; src/windows/ui/main-window.ui#actionFullscreen.toolTip
ja,ja,Help,ヘルプ,translated,src/windows/ui/main-window.ui#menuHelp.title
ja,ja,Hide keyframes,キーフレームを非表示,translated,src/windows/views/timeline_backend/qwidget/base.py:2832
ja,ja,Histogram,ヒストグラム,translated,src/windows/main_window.py:5434
ja,ja,Image,画像,translated,src/windows/ui/main-window.ui#actionFilesShowImage.text; src/windows/ui/main-window.ui#actionFilesShowImage.toolTip
ja,ja,Import Files,ファイルをインポート,translated,src/windows/ui/main-window.ui#actionImportFiles.toolTip
ja,ja,Import Files...,ファイルをインポート...,translated,src/windows/ui/main-window.ui#actionImportFiles.text
ja,ja,Import Project,プロジェクトをインポート,translated,src/windows/ui/main-window.ui#menuImport_Project.title
ja,ja,Insert Caption,キャプションを挿入,translated,src/windows/ui/main-window.ui#actionInsertTimestamp.text; src/windows/ui/main-window.ui#actionInsertTimestamp.toolTip
ja,ja,Join our Community...,コミュニティに参加する...,translated,src/windows/ui/main-window.ui#actionDiscord.text
ja,ja,Jump To End,最後尾に跳ぶ,translated,src/windows/ui/main-window.ui#actionJumpEnd.text; src/windows/ui/main-window.ui#actionJumpEnd.toolTip
ja,ja,Jump To Start,先頭に戻る,translated,src/windows/ui/main-window.ui#actionJumpStart.text; src/windows/ui/main-window.ui#actionJumpStart.toolTip
ja,ja,Launch Tutorial,チュートリアルを起動,translated,src/windows/ui/main-window.ui#actionTutorial.toolTip
ja,ja,Lock track,トラックをロック,translated,src/windows/views/timeline_backend/qwidget/base.py:2828
ja,ja,Luma Waveform,ルマ波形,translated,src/windows/main_window.py:5424
ja,ja,My Views,マイビュー,translated,src/windows/main_window.py:3167
ja,ja,Name,名前,translated,src/windows/models/files_model.py:337
ja,ja,New Project,新規プロジェクト,translated,src/windows/ui/main-window.ui#actionNew.text; src/windows/ui/main-window.ui#actionNew.toolTip
ja,ja,Next Marker,次のマーカー,translated,src/windows/ui/main-window.ui#actionNextMarker.text; src/windows/ui/main-window.ui#actionNextMarker.toolTip
ja,ja,Open Help Contents,ヘルプ内容を開く,translated,src/windows/ui/main-window.ui#actionHelpContents.toolTip
ja,ja,Open Project,プロジェクトを開く,translated,src/windows/ui/main-window.ui#actionOpen.toolTip
ja,ja,Open Project...,プロジェクトを開く...,translated,src/windows/ui/main-window.ui#actionOpen.text
ja,ja,Pan timeline,タイムラインをパン,translated,src/windows/views/zoom_slider.py:825
ja,ja,Pause,一時停止,translated,src/themes/base.py:480
ja,ja,Play,再生,translated,src/themes/base.py:480; src/windows/ui/main-window.ui#actionPlay.text; src/windows/ui/main-window.ui#actionPlay.toolTip
ja,ja,Preferences,設定,translated,src/windows/ui/main-window.ui#actionPreferences.toolTip
ja,ja,Previous Marker,前のマーカー,translated,src/windows/ui/main-window.ui#actionPreviousMarker.text; src/windows/ui/main-window.ui#actionPreviousMarker.toolTip
ja,ja,Project Files,プロジェクトファイル,translated,src/windows/ui/main-window.ui#dockFiles.windowTitle
ja,ja,Properties,プロパティ,translated,src/windows/ui/main-window.ui#dockProperties.windowTitle
ja,ja,Property,設定項目,translated,src/windows/models/properties_model.py:1666; src/windows/models/properties_model.py:1689
ja,ja,Quit,終了,translated,src/windows/ui/main-window.ui#actionQuit.toolTip
ja,ja,Recent Projects,最近開いたプロジェクト,translated,src/windows/main_window.py:3989
ja,ja,Recording,録音・録画,translated,src/windows/main_window.py:5463
ja,ja,Recording View,録音・録画ビュー,translated,src/windows/main_window.py:3175
ja,ja,Recovery,復元,translated,src/windows/main_window.py:4065
ja,ja,Redo,やり直す,translated,src/windows/ui/main-window.ui#actionRedo.text; src/windows/ui/main-window.ui#actionRedo.toolTip
ja,ja,Report a Bug...,バグを報告...,translated,src/windows/ui/main-window.ui#actionReportBug.text
ja,ja,Rewind,巻き戻し,translated,src/windows/ui/main-window.ui#actionRewind.text; src/windows/ui/main-window.ui#actionRewind.toolTip
ja,ja,Save Current Frame,現在のフレームを保存,translated,src/windows/ui/main-window.ui#actionSaveFrame.text; src/windows/ui/main-window.ui#actionSaveFrame.toolTip
ja,ja,Save Project,プロジェクトを保存,translated,src/windows/ui/main-window.ui#actionSave.text; src/windows/ui/main-window.ui#actionSave.toolTip
ja,ja,Save Project As...,プロジェクトを別名で保存...,translated,src/windows/ui/main-window.ui#actionSaveAs.text; src/windows/ui/main-window.ui#actionSaveAs.toolTip
ja,ja,Scopes,スコープ,translated,src/windows/main_window.py:3186
ja,ja,Show All,全て表示,translated,src/windows/ui/main-window.ui#actionEffectsShowAll.text; src/windows/ui/main-window.ui#actionEffectsShowAll.toolTip; src/windows/ui/main-window.ui#actionFilesShowAll.text; src/windows/ui/main-window.ui#actionFilesShowAll.toolTip; src/windows/ui/main-window.ui#actionTransitionsShowAll.text; src/windows/ui/main-window.ui#actionTransitionsShowAll.toolTip
ja,ja,Show keyframes,キーフレームを表示,translated,src/windows/views/timeline_backend/qwidget/base.py:2832
ja,ja,Simple View,簡単表示,translated,src/windows/ui/main-window.ui#actionSimple_View.text
ja,ja,Tags,タグ,translated,src/windows/models/files_model.py:337
ja,ja,Thumb,サムネイル,translated,src/windows/models/files_model.py:337
ja,ja,Timeline,タイムライン,translated,src/windows/ui/main-window.ui#dockTimeline.windowTitle
ja,ja,Title,タイトル,translated,src/windows/ui/main-window.ui#actionTitle.text; src/windows/ui/main-window.ui#actionTitle.toolTip; src/windows/ui/main-window.ui#menuTitle.title
ja,ja,Toolbar,ツールバー,translated,src/windows/ui/main-window.ui#toolBar.windowTitle
ja,ja,Track %s,トラック %s,translated,src/windows/views/timeline_backend/qwidget/track.py:330
ja,ja,Transition,トランジション,translated,src/windows/views/timeline_backend/qwidget/base.py:2856
ja,ja,Transition: %s,トランジション: %s,translated,src/windows/views/timeline_backend/qwidget/base.py:2855
ja,ja,Transitions,トランジション,translated,src/windows/ui/main-window.ui#dockTransitions.windowTitle
ja,ja,Translate this Application...,このソフトを翻訳する...,translated,src/windows/ui/main-window.ui#actionTranslate.text
ja,ja,Tutorial,チュートリアル,translated,src/windows/ui/main-window.ui#actionTutorial.text; src/windows/ui/main-window.ui#dockTutorial.windowTitle
ja,ja,Undo,元に戻す,translated,src/windows/ui/main-window.ui#actionUndo.text; src/windows/ui/main-window.ui#actionUndo.toolTip
ja,ja,Unlock track,トラックのロックを解除,translated,src/windows/views/timeline_backend/qwidget/base.py:2828
ja,ja,Untitled Project,無名のプロジェクト,translated,src/windows/main_window.py:3787; src/windows/main_window.py:879; src/windows/main_window.py:944
ja,ja,Update Available,更新があります,translated,src/windows/ui/main-window.ui#actionUpdate.text; src/windows/ui/main-window.ui#actionUpdate.toolTip
ja,ja,Value,設定値,translated,src/windows/models/properties_model.py:1666; src/windows/models/properties_model.py:1689
ja,ja,Vectorscope,ベクトルスコープ,translated,src/windows/main_window.py:5445
ja,ja,Video,映像,translated,src/windows/ui/main-window.ui#actionEffectsShowVideo.text; src/windows/ui/main-window.ui#actionEffectsShowVideo.toolTip; src/windows/ui/main-window.ui#actionFilesShowVideo.text; src/windows/ui/main-window.ui#actionFilesShowVideo.toolTip
ja,ja,Video Preview,動画のプレビュー,translated,src/windows/ui/main-window.ui#dockVideo.windowTitle
ja,ja,View,表示,translated,src/windows/ui/main-window.ui#menuView.title
ja,ja,Window,ウィンドウ,translated,src/windows/ui/main-window.ui#menuWindow.title
ja,ja,Zoom left edge,左端をズーム,translated,src/windows/views/zoom_slider.py:823
ja,ja,Zoom right edge,右端をズーム,translated,src/windows/views/zoom_slider.py:824
ko,ko,&Edit,편집(&E),translated,src/windows/ui/main-window.ui#menu_Edit.title
ko,ko,&File,파일(&F),translated,src/windows/ui/main-window.ui#menuFile.title
ko,ko,&Preferences,환경설정(&P),translated,src/windows/ui/main-window.ui#actionPreferences.text
ko,ko,&Quit,종료(&Q),translated,src/windows/ui/main-window.ui#actionQuit.text
ko,ko,About OpenShot,오픈샷 정보,translated,src/windows/ui/main-window.ui#actionAbout.text; src/windows/ui/main-window.ui#actionAbout.toolTip
ko,ko,Add Marker,표식 추가,translated,src/windows/ui/main-window.ui#actionAddMarker.text; src/windows/ui/main-window.ui#actionAddMarker.toolTip
ko,ko,Add Track,트랙 추가하기,translated,src/windows/ui/main-window.ui#actionAddTrack.text; src/windows/ui/main-window.ui#actionAddTrack.toolTip
ko,ko,Animated Title,제목 애니메이션,translated,src/windows/ui/main-window.ui#actionAnimatedTitle.text; src/windows/ui/main-window.ui#actionAnimatedTitle.toolTip
ko,ko,Ask a Question...,질문 하기...,translated,src/windows/ui/main-window.ui#actionAskQuestion.text
ko,ko,Audio,오디오,translated,src/windows/ui/main-window.ui#actionEffectsShowAudio.text; src/windows/ui/main-window.ui#actionEffectsShowAudio.toolTip; src/windows/ui/main-window.ui#actionFilesShowAudio.text; src/windows/ui/main-window.ui#actionFilesShowAudio.toolTip
ko,ko,Audio Levels,오디오 레벨,translated,src/windows/main_window.py:5454
ko,ko,Caption Toolbar,자막 도구 모음,translated,src/windows/main_window.py:4254
ko,ko,Captions,자막,translated,src/windows/ui/main-window.ui#dockCaptionEditor.windowTitle
ko,ko,Center on Playhead,재생 헤드를 중심으로 보기,translated,src/windows/ui/main-window.ui#actionCenterOnPlayhead.text
ko,ko,Center the timeline on the Playhead,타임라인을 재생 헤드 중앙에 맞추기,translated,src/windows/ui/main-window.ui#actionCenterOnPlayhead.toolTip
ko,ko,Choose Profile,프로파일 선택,translated,src/windows/ui/main-window.ui#actionProfile.text; src/windows/ui/main-window.ui#actionProfile.toolTip
ko,ko,Clear,지우기,translated,src/windows/ui/main-window.ui#menuClear.title
ko,ko,Click: center · Drag: zoom,클릭: 중앙 · 드래그: 확대/축소,translated,src/windows/views/zoom_slider.py:826
ko,ko,Clip,클립,translated,src/windows/views/timeline_backend/qwidget/base.py:2867
ko,ko,Clip: %s,클립: %s,translated,src/windows/views/timeline_backend/qwidget/base.py:2868
ko,ko,Color View,색상 보기,translated,src/windows/main_window.py:5352; src/windows/ui/main-window.ui#actionColor_Grade_View.text
ko,ko,Common,자주 사용,translated,src/windows/ui/main-window.ui#actionTransitionsShowCommon.text; src/windows/ui/main-window.ui#actionTransitionsShowCommon.toolTip
ko,ko,Contents,내용,translated,src/windows/ui/main-window.ui#actionHelpContents.text
ko,ko,Disable Razor,레이저 끄기,translated,src/windows/main_window.py:2095; src/windows/main_window.py:2096
ko,ko,Disable Snapping,스냅 끄기,translated,src/windows/main_window.py:2081; src/windows/main_window.py:2082; src/windows/ui/main-window.ui#actionSnappingTool.text; src/windows/ui/main-window.ui#actionSnappingTool.toolTip
ko,ko,Disable Timing,타이밍 비활성화,translated,src/windows/main_window.py:2109; src/windows/main_window.py:2110
ko,ko,Docks,도크,translated,src/windows/main_window.py:3183
ko,ko,Donate,기부하기,translated,src/windows/ui/main-window.ui#actionDonate.text
ko,ko,Effect,효과,translated,src/windows/views/timeline_backend/qwidget/base.py:2849
ko,ko,Effect: %s,효과: %s,translated,src/windows/views/timeline_backend/qwidget/base.py:2848
ko,ko,Effects,효과,translated,src/windows/ui/main-window.ui#dockEffects.windowTitle
ko,ko,Emojis,이모지,translated,src/windows/ui/main-window.ui#dockEmojis.windowTitle
ko,ko,Enable Razor,레이저 켜기,translated,src/windows/main_window.py:2098; src/windows/main_window.py:2099; src/windows/ui/main-window.ui#actionRazorTool.text; src/windows/ui/main-window.ui#actionRazorTool.toolTip
ko,ko,Enable Snapping,스냅 켜기,translated,src/windows/main_window.py:2084; src/windows/main_window.py:2085
ko,ko,Enable Timing,타이밍 활성화,translated,src/windows/main_window.py:2112; src/windows/main_window.py:2113; src/windows/ui/main-window.ui#actionTimingTool.text; src/windows/ui/main-window.ui#actionTimingTool.toolTip
ko,ko,Enter caption text...,자막 텍스트 입력...,translated,src/windows/main_window.py:3659
ko,ko,Export Project,프로젝트 내보내기,translated,src/windows/ui/main-window.ui#menuExport.title
ko,ko,Export Video,비디오 내보내기,translated,src/windows/ui/main-window.ui#actionExportVideo.text; src/windows/ui/main-window.ui#actionExportVideo.toolTip
ko,ko,Fast Forward,빨리 감기,translated,src/windows/ui/main-window.ui#actionFastForward.text; src/windows/ui/main-window.ui#actionFastForward.toolTip
ko,ko,Filter,필터,translated,src/windows/main_window.py:4191; src/windows/main_window.py:4208; src/windows/main_window.py:4227; src/windows/main_window.py:4238; src/windows/main_window.py:5483; src/windows/ui/main-window.ui#txtPropertyFilter.placeholderText
ko,ko,Fullscreen,전체화면,translated,src/windows/ui/main-window.ui#actionFullscreen.text; src/windows/ui/main-window.ui#actionFullscreen.toolTip
ko,ko,Help,도움,translated,src/windows/ui/main-window.ui#menuHelp.title
ko,ko,Hide keyframes,키프레임 숨기기,translated,src/windows/views/timeline_backend/qwidget/base.py:2832
ko,ko,Histogram,히스토그램,translated,src/windows/main_window.py:5434
ko,ko,Image,이미지,translated,src/windows/ui/main-window.ui#actionFilesShowImage.text; src/windows/ui/main-window.ui#actionFilesShowImage.toolTip
ko,ko,Import Files,파일 가져오기,translated,src/windows/ui/main-window.ui#actionImportFiles.toolTip
ko,ko,Import Files...,파일 가져오기...,translated,src/windows/ui/main-window.ui#actionImportFiles.text
ko,ko,Import Project,프로젝트 불러오기,translated,src/windows/ui/main-window.ui#menuImport_Project.title
ko,ko,Insert Caption,자막 삽입,translated,src/windows/ui/main-window.ui#actionInsertTimestamp.text; src/windows/ui/main-window.ui#actionInsertTimestamp.toolTip
ko,ko,Join our Community...,커뮤니티 참여...,translated,src/windows/ui/main-window.ui#actionDiscord.text
ko,ko,Jump To End,끝점으로 이동,translated,src/windows/ui/main-window.ui#actionJumpEnd.text; src/windows/ui/main-window.ui#actionJumpEnd.toolTip
ko,ko,Jump To Start,시작점으로 이동,translated,src/windows/ui/main-window.ui#actionJumpStart.text; src/windows/ui/main-window.ui#actionJumpStart.toolTip
ko,ko,Launch Tutorial,튜토리얼 열기,translated,src/windows/ui/main-window.ui#actionTutorial.toolTip
ko,ko,Lock track,트랙 잠금,translated,src/windows/views/timeline_backend/qwidget/base.py:2828
ko,ko,Luma Waveform,루마 파형,translated,src/windows/main_window.py:5424
ko,ko,My Views,내 뷰,translated,src/windows/main_window.py:3167
ko,ko,Name,이름,translated,src/windows/models/files_model.py:337
ko,ko,New Project,새 프로젝트,translated,src/windows/ui/main-window.ui#actionNew.text; src/windows/ui/main-window.ui#actionNew.toolTip
ko,ko,Next Marker,다음 표식,translated,src/windows/ui/main-window.ui#actionNextMarker.text; src/windows/ui/main-window.ui#actionNextMarker.toolTip
ko,ko,Open Help Contents,도움말 내용 열기,translated,src/windows/ui/main-window.ui#actionHelpContents.toolTip
ko,ko,Open Project,프로젝트 열기,translated,src/windows/ui/main-window.ui#actionOpen.toolTip
ko,ko,Open Project...,프로젝트 열기...,translated,src/windows/ui/main-window.ui#actionOpen.text
ko,ko,Pan timeline,타임라인 이동,translated,src/windows/views/zoom_slider.py:825
ko,ko,Pause,일시 정지,translated,src/themes/base.py:480
ko,ko,Play,재생,translated,src/themes/base.py:480; src/windows/ui/main-window.ui#actionPlay.text; src/windows/ui/main-window.ui#actionPlay.toolTip
ko,ko,Preferences,환경설정,translated,src/windows/ui/main-window.ui#actionPreferences.toolTip
ko,ko,Previous Marker,이전 표식,translated,src/windows/ui/main-window.ui#actionPreviousMarker.text; src/windows/ui/main-window.ui#actionPreviousMarker.toolTip
ko,ko,Project Files,프로젝트 파일,translated,src/windows/ui/main-window.ui#dockFiles.windowTitle
ko,ko,Properties,속성,translated,src/windows/ui/main-window.ui#dockProperties.windowTitle
ko,ko,Property,속성,translated,src/windows/models/properties_model.py:1666; src/windows/models/properties_model.py:1689
ko,ko,Quit,종료,translated,src/windows/ui/main-window.ui#actionQuit.toolTip
ko,ko,Recent Projects,최근 프로젝트,translated,src/windows/main_window.py:3989
ko,ko,Recording,녹음/녹화,translated,src/windows/main_window.py:5463
ko,ko,Recording View,녹음/녹화 보기,translated,src/windows/main_window.py:3175
ko,ko,Recovery,복구,translated,src/windows/main_window.py:4065
ko,ko,Redo,다시 실행,translated,src/windows/ui/main-window.ui#actionRedo.text; src/windows/ui/main-window.ui#actionRedo.toolTip
ko,ko,Report a Bug...,버그 리포트...,translated,src/windows/ui/main-window.ui#actionReportBug.text
ko,ko,Rewind,되감기,translated,src/windows/ui/main-window.ui#actionRewind.text; src/windows/ui/main-window.ui#actionRewind.toolTip
ko,ko,Save Current Frame,현재 프레임 저장,translated,src/windows/ui/main-window.ui#actionSaveFrame.text; src/windows/ui/main-window.ui#actionSaveFrame.toolTip
ko,ko,Save Project,프로젝트 저장하기,translated,src/windows/ui/main-window.ui#actionSave.text; src/windows/ui/main-window.ui#actionSave.toolTip
ko,ko,Save Project As...,프로젝트를 다른 이름으로 저장하기...,translated,src/windows/ui/main-window.ui#actionSaveAs.text; src/windows/ui/main-window.ui#actionSaveAs.toolTip
ko,ko,Scopes,스코프,translated,src/windows/main_window.py:3186
ko,ko,Show All,모두 보기,translated,src/windows/ui/main-window.ui#actionEffectsShowAll.text; src/windows/ui/main-window.ui#actionEffectsShowAll.toolTip; src/windows/ui/main-window.ui#actionFilesShowAll.text; src/windows/ui/main-window.ui#actionFilesShowAll.toolTip; src/windows/ui/main-window.ui#actionTransitionsShowAll.text; src/windows/ui/main-window.ui#actionTransitionsShowAll.toolTip
ko,ko,Show keyframes,키프레임 표시,translated,src/windows/views/timeline_backend/qwidget/base.py:2832
ko,ko,Simple View,간단 보기,translated,src/windows/ui/main-window.ui#actionSimple_View.text
ko,ko,Tags,태그,translated,src/windows/models/files_model.py:337
ko,ko,Thumb,작은 그림,translated,src/windows/models/files_model.py:337
ko,ko,Timeline,타임라인,translated,src/windows/ui/main-window.ui#dockTimeline.windowTitle
ko,ko,Title,제목,translated,src/windows/ui/main-window.ui#actionTitle.text; src/windows/ui/main-window.ui#actionTitle.toolTip; src/windows/ui/main-window.ui#menuTitle.title
ko,ko,Toolbar,도구모음,translated,src/windows/ui/main-window.ui#toolBar.windowTitle
ko,ko,Track %s,트랙 %s,translated,src/windows/views/timeline_backend/qwidget/track.py:330
ko,ko,Transition,전환효과,translated,src/windows/views/timeline_backend/qwidget/base.py:2856
ko,ko,Transition: %s,전환효과: %s,translated,src/windows/views/timeline_backend/qwidget/base.py:2855
ko,ko,Transitions,전환효과,translated,src/windows/ui/main-window.ui#dockTransitions.windowTitle
ko,ko,Translate this Application...,이 응용 프로그램 번역...,translated,src/windows/ui/main-window.ui#actionTranslate.text
ko,ko,Tutorial,튜토리얼,translated,src/windows/ui/main-window.ui#actionTutorial.text; src/windows/ui/main-window.ui#dockTutorial.windowTitle
ko,ko,Undo,되돌리기,translated,src/windows/ui/main-window.ui#actionUndo.text; src/windows/ui/main-window.ui#actionUndo.toolTip
ko,ko,Unlock track,트랙 잠금 해제,translated,src/windows/views/timeline_backend/qwidget/base.py:2828
ko,ko,Untitled Project,제목 없는 프로젝트,translated,src/windows/main_window.py:3787; src/windows/main_window.py:879; src/windows/main_window.py:944
ko,ko,Update Available,업데이트할 항목 있음,translated,src/windows/ui/main-window.ui#actionUpdate.text; src/windows/ui/main-window.ui#actionUpdate.toolTip
ko,ko,Value,값,translated,src/windows/models/properties_model.py:1666; src/windows/models/properties_model.py:1689
ko,ko,Vectorscope,벡터스코프,translated,src/windows/main_window.py:5445
ko,ko,Video,비디오,translated,src/windows/ui/main-window.ui#actionEffectsShowVideo.text; src/windows/ui/main-window.ui#actionEffectsShowVideo.toolTip; src/windows/ui/main-window.ui#actionFilesShowVideo.text; src/windows/ui/main-window.ui#actionFilesShowVideo.toolTip
ko,ko,Video Preview,비디오 미리 보기,translated,src/windows/ui/main-window.ui#dockVideo.windowTitle
ko,ko,View,보기(&V),translated,src/windows/ui/main-window.ui#menuView.title
ko,ko,Window,창,translated,src/windows/ui/main-window.ui#menuWindow.title
ko,ko,Zoom left edge,왼쪽 가장자리 확대,translated,src/windows/views/zoom_slider.py:823
ko,ko,Zoom right edge,오른쪽 가장자리 확대,translated,src/windows/views/zoom_slider.py:824
nb,nb,&Edit,&Rediger,translated,src/windows/ui/main-window.ui#menu_Edit.title
nb,nb,&File,&Fil,translated,src/windows/ui/main-window.ui#menuFile.title
nb,nb,&Preferences,&Innstillinger,translated,src/windows/ui/main-window.ui#actionPreferences.text
nb,nb,&Quit,&Avslutt,translated,src/windows/ui/main-window.ui#actionQuit.text
nb,nb,About OpenShot,Om OpenShot,translated,src/windows/ui/main-window.ui#actionAbout.text; src/windows/ui/main-window.ui#actionAbout.toolTip
nb,nb,Add Marker,Legg til merke,translated,src/windows/ui/main-window.ui#actionAddMarker.text; src/windows/ui/main-window.ui#actionAddMarker.toolTip
nb,nb,Add Track,Legg til spor,translated,src/windows/ui/main-window.ui#actionAddTrack.text; src/windows/ui/main-window.ui#actionAddTrack.toolTip
nb,nb,Animated Title,Animert tittel,translated,src/windows/ui/main-window.ui#actionAnimatedTitle.text; src/windows/ui/main-window.ui#actionAnimatedTitle.toolTip
nb,nb,Ask a Question...,Still et spørsmål...,translated,src/windows/ui/main-window.ui#actionAskQuestion.text
nb,nb,Audio,Lyd,translated,src/windows/ui/main-window.ui#actionEffectsShowAudio.text; src/windows/ui/main-window.ui#actionEffectsShowAudio.toolTip; src/windows/ui/main-window.ui#actionFilesShowAudio.text; src/windows/ui/main-window.ui#actionFilesShowAudio.toolTip
nb,nb,Audio Levels,Lydnivåer,translated,src/windows/main_window.py:5454
nb,nb,Caption Toolbar,Verktøylinje for undertekster,translated,src/windows/main_window.py:4254
nb,nb,Captions,Undertekster,translated,src/windows/ui/main-window.ui#dockCaptionEditor.windowTitle
nb,nb,Center on Playhead,Sentrer på avspillingshode,translated,src/windows/ui/main-window.ui#actionCenterOnPlayhead.text
nb,nb,Center the timeline on the Playhead,Sentrer tidslinjen på avspillingshodet,translated,src/windows/ui/main-window.ui#actionCenterOnPlayhead.toolTip
nb,nb,Choose Profile,Velg profil,translated,src/windows/ui/main-window.ui#actionProfile.text; src/windows/ui/main-window.ui#actionProfile.toolTip
nb,nb,Clear,Tøm,translated,src/windows/ui/main-window.ui#menuClear.title
nb,nb,Click: center · Drag: zoom,Klikk: sentrer · Dra: zoom,translated,src/windows/views/zoom_slider.py:826
nb,nb,Clip,Klipp,translated,src/windows/views/timeline_backend/qwidget/base.py:2867
nb,nb,Clip: %s,Klipp: %s,translated,src/windows/views/timeline_backend/qwidget/base.py:2868
nb,nb,Color View,Fargevisning,translated,src/windows/main_window.py:5352; src/windows/ui/main-window.ui#actionColor_Grade_View.text
nb,nb,Common,Vanlig,translated,src/windows/ui/main-window.ui#actionTransitionsShowCommon.text; src/windows/ui/main-window.ui#actionTransitionsShowCommon.toolTip
nb,nb,Contents,Innhold,translated,src/windows/ui/main-window.ui#actionHelpContents.text
nb,nb,Disable Razor,Deaktiver barberblad,translated,src/windows/main_window.py:2095; src/windows/main_window.py:2096
nb,nb,Disable Snapping,Deaktiver magnetfunksjon,translated,src/windows/main_window.py:2081; src/windows/main_window.py:2082; src/windows/ui/main-window.ui#actionSnappingTool.text; src/windows/ui/main-window.ui#actionSnappingTool.toolTip
nb,nb,Disable Timing,Deaktiver timing,translated,src/windows/main_window.py:2109; src/windows/main_window.py:2110
nb,nb,Docks,Dokker,translated,src/windows/main_window.py:3183
nb,nb,Donate,Donér,translated,src/windows/ui/main-window.ui#actionDonate.text
nb,nb,Effect,Effekt,translated,src/windows/views/timeline_backend/qwidget/base.py:2849
nb,nb,Effect: %s,Effekt: %s,translated,src/windows/views/timeline_backend/qwidget/base.py:2848
nb,nb,Effects,Effekter,translated,src/windows/ui/main-window.ui#dockEffects.windowTitle
nb,nb,Emojis,Emojier,translated,src/windows/ui/main-window.ui#dockEmojis.windowTitle
nb,nb,Enable Razor,Aktiver barberblad,translated,src/windows/main_window.py:2098; src/windows/main_window.py:2099; src/windows/ui/main-window.ui#actionRazorTool.text; src/windows/ui/main-window.ui#actionRazorTool.toolTip
nb,nb,Enable Snapping,Aktiver magnetfunksjon,translated,src/windows/main_window.py:2084; src/windows/main_window.py:2085
nb,nb,Enable Timing,Aktiver timing,translated,src/windows/main_window.py:2112; src/windows/main_window.py:2113; src/windows/ui/main-window.ui#actionTimingTool.text; src/windows/ui/main-window.ui#actionTimingTool.toolTip
nb,nb,Enter caption text...,Skriv inn undertekst...,translated,src/windows/main_window.py:3659
nb,nb,Export Project,Eksporter prosjekt,translated,src/windows/ui/main-window.ui#menuExport.title
nb,nb,Export Video,Eksporter video,translated,src/windows/ui/main-window.ui#actionExportVideo.text; src/windows/ui/main-window.ui#actionExportVideo.toolTip
nb,nb,Fast Forward,Hurtigspoling forover,translated,src/windows/ui/main-window.ui#actionFastForward.text; src/windows/ui/main-window.ui#actionFastForward.toolTip
nb,nb,Filter,Filtrer,translated,src/windows/main_window.py:4191; src/windows/main_window.py:4208; src/windows/main_window.py:4227; src/windows/main_window.py:4238; src/windows/main_window.py:5483; src/windows/ui/main-window.ui#txtPropertyFilter.placeholderText
nb,nb,Fullscreen,Fullskjerm,translated,src/windows/ui/main-window.ui#actionFullscreen.text; src/windows/ui/main-window.ui#actionFullscreen.toolTip
nb,nb,Help,Hjelp,translated,src/windows/ui/main-window.ui#menuHelp.title
nb,nb,Hide keyframes,Skjul nøkkelbilder,translated,src/windows/views/timeline_backend/qwidget/base.py:2832
nb,nb,Histogram,Histogram,same-as-source,src/windows/main_window.py:5434
nb,nb,Image,Bilde,translated,src/windows/ui/main-window.ui#actionFilesShowImage.text; src/windows/ui/main-window.ui#actionFilesShowImage.toolTip
nb,nb,Import Files,Importer filer,translated,src/windows/ui/main-window.ui#actionImportFiles.toolTip
nb,nb,Import Files...,Importer filer...,translated,src/windows/ui/main-window.ui#actionImportFiles.text
nb,nb,Import Project,Importer prosjekt,translated,src/windows/ui/main-window.ui#menuImport_Project.title
nb,nb,Insert Caption,Sett inn undertekst,translated,src/windows/ui/main-window.ui#actionInsertTimestamp.text; src/windows/ui/main-window.ui#actionInsertTimestamp.toolTip
nb,nb,Join our Community...,Bli med i fellesskapet vårt...,translated,src/windows/ui/main-window.ui#actionDiscord.text
nb,nb,Jump To End,Hopp til slutten,translated,src/windows/ui/main-window.ui#actionJumpEnd.text; src/windows/ui/main-window.ui#actionJumpEnd.toolTip
nb,nb,Jump To Start,Hopp til start,translated,src/windows/ui/main-window.ui#actionJumpStart.text; src/windows/ui/main-window.ui#actionJumpStart.toolTip
nb,nb,Launch Tutorial,Start veiledning,translated,src/windows/ui/main-window.ui#actionTutorial.toolTip
nb,nb,Lock track,Lås spor,translated,src/windows/views/timeline_backend/qwidget/base.py:2828
nb,nb,Luma Waveform,Luma-bølgeform,translated,src/windows/main_window.py:5424
nb,nb,My Views,Mine visninger,translated,src/windows/main_window.py:3167
nb,nb,Name,Navn,translated,src/windows/models/files_model.py:337
nb,nb,New Project,Nytt prosjekt,translated,src/windows/ui/main-window.ui#actionNew.text; src/windows/ui/main-window.ui#actionNew.toolTip
nb,nb,Next Marker,Neste merke,translated,src/windows/ui/main-window.ui#actionNextMarker.text; src/windows/ui/main-window.ui#actionNextMarker.toolTip
nb,nb,Open Help Contents,Åpne hjelp,translated,src/windows/ui/main-window.ui#actionHelpContents.toolTip
nb,nb,Open Project,Åpne prosjekt,translated,src/windows/ui/main-window.ui#actionOpen.toolTip
nb,nb,Open Project...,Åpne prosjekt...,translated,src/windows/ui/main-window.ui#actionOpen.text
nb,nb,Pan timeline,Panorer tidslinje,translated,src/windows/views/zoom_slider.py:825
nb,nb,Pause,Pause,same-as-source,src/themes/base.py:480
nb,nb,Play,Spill av,translated,src/themes/base.py:480; src/windows/ui/main-window.ui#actionPlay.text; src/windows/ui/main-window.ui#actionPlay.toolTip
nb,nb,Preferences,Innstillinger,translated,src/windows/ui/main-window.ui#actionPreferences.toolTip
nb,nb,Previous Marker,Forrige merke,translated,src/windows/ui/main-window.ui#actionPreviousMarker.text; src/windows/ui/main-window.ui#actionPreviousMarker.toolTip
nb,nb,Project Files,Prosjektfiler,translated,src/windows/ui/main-window.ui#dockFiles.windowTitle
nb,nb,Properties,Egenskaper,translated,src/windows/ui/main-window.ui#dockProperties.windowTitle
nb,nb,Property,Egenskap,translated,src/windows/models/properties_model.py:1666; src/windows/models/properties_model.py:1689
nb,nb,Quit,Avslutt,translated,src/windows/ui/main-window.ui#actionQuit.toolTip
nb,nb,Recent Projects,Nylige prosjekter...,translated,src/windows/main_window.py:3989
nb,nb,Recording,Opptak,translated,src/windows/main_window.py:5463
nb,nb,Recording View,Opptaksvisning,translated,src/windows/main_window.py:3175
nb,nb,Recovery,Gjenoppretting,translated,src/windows/main_window.py:4065
nb,nb,Redo,Gjør om,translated,src/windows/ui/main-window.ui#actionRedo.text; src/windows/ui/main-window.ui#actionRedo.toolTip
nb,nb,Report a Bug...,Send feilmelding...,translated,src/windows/ui/main-window.ui#actionReportBug.text
nb,nb,Rewind,Spol tilbake,translated,src/windows/ui/main-window.ui#actionRewind.text; src/windows/ui/main-window.ui#actionRewind.toolTip
nb,nb,Save Current Frame,Lagre gjeldende bilde,translated,src/windows/ui/main-window.ui#actionSaveFrame.text; src/windows/ui/main-window.ui#actionSaveFrame.toolTip
nb,nb,Save Project,Lagre prosjekt,translated,src/windows/ui/main-window.ui#actionSave.text; src/windows/ui/main-window.ui#actionSave.toolTip
nb,nb,Save Project As...,Lagre prosjektet som...,translated,src/windows/ui/main-window.ui#actionSaveAs.text; src/windows/ui/main-window.ui#actionSaveAs.toolTip
nb,nb,Scopes,Områder,translated,src/windows/main_window.py:3186
nb,nb,Show All,Vis alle,translated,src/windows/ui/main-window.ui#actionEffectsShowAll.text; src/windows/ui/main-window.ui#actionEffectsShowAll.toolTip; src/windows/ui/main-window.ui#actionFilesShowAll.text; src/windows/ui/main-window.ui#actionFilesShowAll.toolTip; src/windows/ui/main-window.ui#actionTransitionsShowAll.text; src/windows/ui/main-window.ui#actionTransitionsShowAll.toolTip
nb,nb,Show keyframes,Vis nøkkelbilder,translated,src/windows/views/timeline_backend/qwidget/base.py:2832
nb,nb,Simple View,Enkel visning,translated,src/windows/ui/main-window.ui#actionSimple_View.text
nb,nb,Tags,Stikkord,translated,src/windows/models/files_model.py:337
nb,nb,Thumb,Miniatyrbilde,translated,src/windows/models/files_model.py:337
nb,nb,Timeline,Tidslinje,translated,src/windows/ui/main-window.ui#dockTimeline.windowTitle
nb,nb,Title,Tittel,translated,src/windows/ui/main-window.ui#actionTitle.text; src/windows/ui/main-window.ui#actionTitle.toolTip; src/windows/ui/main-window.ui#menuTitle.title
nb,nb,Toolbar,Verktøylinje,translated,src/windows/ui/main-window.ui#toolBar.windowTitle
nb,nb,Track %s,Spor %s,translated,src/windows/views/timeline_backend/qwidget/track.py:330
nb,nb,Transition,Overgang,translated,src/windows/views/timeline_backend/qwidget/base.py:2856
nb,nb,Transition: %s,Overgang: %s,translated,src/windows/views/timeline_backend/qwidget/base.py:2855
nb,nb,Transitions,Overganger,translated,src/windows/ui/main-window.ui#dockTransitions.windowTitle
nb,nb,Translate this Application...,Oversett dette programmet…,translated,src/windows/ui/main-window.ui#actionTranslate.text
nb,nb,Tutorial,Veiledning,translated,src/windows/ui/main-window.ui#actionTutorial.text; src/windows/ui/main-window.ui#dockTutorial.windowTitle
nb,nb,Undo,Angre,translated,src/windows/ui/main-window.ui#actionUndo.text; src/windows/ui/main-window.ui#actionUndo.toolTip
nb,nb,Unlock track,Lås opp spor,translated,src/windows/views/timeline_backend/qwidget/base.py:2828
nb,nb,Untitled Project,Prosjekt uten navn,translated,src/windows/main_window.py:3787; src/windows/main_window.py:879; src/windows/main_window.py:944
nb,nb,Update Available,Oppdatering tilgjengelig,translated,src/windows/ui/main-window.ui#actionUpdate.text; src/windows/ui/main-window.ui#actionUpdate.toolTip
nb,nb,Value,Verdi,translated,src/windows/models/properties_model.py:1666; src/windows/models/properties_model.py:1689
nb,nb,Vectorscope,Vektorskop,translated,src/windows/main_window.py:5445
nb,nb,Video,Video,same-as-source,src/windows/ui/main-window.ui#actionEffectsShowVideo.text; src/windows/ui/main-window.ui#actionEffectsShowVideo.toolTip; src/windows/ui/main-window.ui#actionFilesShowVideo.text; src/windows/ui/main-window.ui#actionFilesShowVideo.toolTip
nb,nb,Video Preview,Videoforhåndsvisning,translated,src/windows/ui/main-window.ui#dockVideo.windowTitle
nb,nb,View,Vis,translated,src/windows/ui/main-window.ui#menuView.title
nb,nb,Window,Vindu,translated,src/windows/ui/main-window.ui#menuWindow.title
nb,nb,Zoom left edge,Zoom venstre kant,translated,src/windows/views/zoom_slider.py:823
nb,nb,Zoom right edge,Zoom høyre kant,translated,src/windows/views/zoom_slider.py:824
fa,fa,&Edit,&ویرایش,translated,src/windows/ui/main-window.ui#menu_Edit.title
fa,fa,&File,&فایل,translated,src/windows/ui/main-window.ui#menuFile.title
fa,fa,&Preferences,&تنظیمات,translated,src/windows/ui/main-window.ui#actionPreferences.text
fa,fa,&Quit,&خروج,translated,src/windows/ui/main-window.ui#actionQuit.text
fa,fa,About OpenShot,درباره OpenShot,translated,src/windows/ui/main-window.ui#actionAbout.text; src/windows/ui/main-window.ui#actionAbout.toolTip
fa,fa,Add Marker,افزودن نشانگر,translated,src/windows/ui/main-window.ui#actionAddMarker.text; src/windows/ui/main-window.ui#actionAddMarker.toolTip
fa,fa,Add Track,افزودن ترک,translated,src/windows/ui/main-window.ui#actionAddTrack.text; src/windows/ui/main-window.ui#actionAddTrack.toolTip
fa,fa,Animated Title,عنوان متحرک,translated,src/windows/ui/main-window.ui#actionAnimatedTitle.text; src/windows/ui/main-window.ui#actionAnimatedTitle.toolTip
fa,fa,Ask a Question...,پرسیدن یک سوال...,translated,src/windows/ui/main-window.ui#actionAskQuestion.text
fa,fa,Audio,صوت,translated,src/windows/ui/main-window.ui#actionEffectsShowAudio.text; src/windows/ui/main-window.ui#actionEffectsShowAudio.toolTip; src/windows/ui/main-window.ui#actionFilesShowAudio.text; src/windows/ui/main-window.ui#actionFilesShowAudio.toolTip
fa,fa,Audio Levels,سطوح صدا,translated,src/windows/main_window.py:5454
fa,fa,Caption Toolbar,نوار ابزار زیرنویس,translated,src/windows/main_window.py:4254
fa,fa,Captions,زیرنویس‌ها,translated,src/windows/ui/main-window.ui#dockCaptionEditor.windowTitle
fa,fa,Center on Playhead,مرکز کردن روی نشانگر پخش,translated,src/windows/ui/main-window.ui#actionCenterOnPlayhead.text
fa,fa,Center the timeline on the Playhead,مرکز کردن خط زمان روی نشانگر پخش,translated,src/windows/ui/main-window.ui#actionCenterOnPlayhead.toolTip
fa,fa,Choose Profile,انتخاب پروفایل,translated,src/windows/ui/main-window.ui#actionProfile.text; src/windows/ui/main-window.ui#actionProfile.toolTip
fa,fa,Clear,پاک کردن,translated,src/windows/ui/main-window.ui#menuClear.title
fa,fa,Click: center · Drag: zoom,کلیک: مرکز · کشیدن: بزرگ‌نمایی,translated,src/windows/views/zoom_slider.py:826
fa,fa,Clip,کلیپ,translated,src/windows/views/timeline_backend/qwidget/base.py:2867
fa,fa,Clip: %s,کلیپ: %s,translated,src/windows/views/timeline_backend/qwidget/base.py:2868
fa,fa,Color View,نمایش رنگ,translated,src/windows/main_window.py:5352; src/windows/ui/main-window.ui#actionColor_Grade_View.text
fa,fa,Common,عمومی,translated,src/windows/ui/main-window.ui#actionTransitionsShowCommon.text; src/windows/ui/main-window.ui#actionTransitionsShowCommon.toolTip
fa,fa,Contents,محتویات,translated,src/windows/ui/main-window.ui#actionHelpContents.text
fa,fa,Disable Razor,غیرفعال کردن تیغ,translated,src/windows/main_window.py:2095; src/windows/main_window.py:2096
fa,fa,Disable Snapping,غیرفعال کردن چسبندگی,translated,src/windows/main_window.py:2081; src/windows/main_window.py:2082; src/windows/ui/main-window.ui#actionSnappingTool.text; src/windows/ui/main-window.ui#actionSnappingTool.toolTip
fa,fa,Disable Timing,غیرفعال کردن زمان‌بندی,translated,src/windows/main_window.py:2109; src/windows/main_window.py:2110
fa,fa,Docks,داک‌ها,translated,src/windows/main_window.py:3183
fa,fa,Donate,اهدا,translated,src/windows/ui/main-window.ui#actionDonate.text
fa,fa,Effect,جلوه,translated,src/windows/views/timeline_backend/qwidget/base.py:2849
fa,fa,Effect: %s,جلوه: %s,translated,src/windows/views/timeline_backend/qwidget/base.py:2848
fa,fa,Effects,جلوه‌ها,translated,src/windows/ui/main-window.ui#dockEffects.windowTitle
fa,fa,Emojis,ایموجی‌ها,translated,src/windows/ui/main-window.ui#dockEmojis.windowTitle
fa,fa,Enable Razor,فعال کردن تیغ,translated,src/windows/main_window.py:2098; src/windows/main_window.py:2099; src/windows/ui/main-window.ui#actionRazorTool.text; src/windows/ui/main-window.ui#actionRazorTool.toolTip
fa,fa,Enable Snapping,فعال کردن چسبندگی,translated,src/windows/main_window.py:2084; src/windows/main_window.py:2085
fa,fa,Enable Timing,فعال کردن زمان‌بندی,translated,src/windows/main_window.py:2112; src/windows/main_window.py:2113; src/windows/ui/main-window.ui#actionTimingTool.text; src/windows/ui/main-window.ui#actionTimingTool.toolTip
fa,fa,Enter caption text...,متن زیرنویس را وارد کنید...,translated,src/windows/main_window.py:3659
fa,fa,Export Project,برون‌ریزی پروژه,translated,src/windows/ui/main-window.ui#menuExport.title
fa,fa,Export Video,برون‌ریزی ویدیو,translated,src/windows/ui/main-window.ui#actionExportVideo.text; src/windows/ui/main-window.ui#actionExportVideo.toolTip
fa,fa,Fast Forward,پخش سریع,translated,src/windows/ui/main-window.ui#actionFastForward.text; src/windows/ui/main-window.ui#actionFastForward.toolTip
fa,fa,Filter,فیلتر,translated,src/windows/main_window.py:4191; src/windows/main_window.py:4208; src/windows/main_window.py:4227; src/windows/main_window.py:4238; src/windows/main_window.py:5483; src/windows/ui/main-window.ui#txtPropertyFilter.placeholderText
fa,fa,Fullscreen,تمام صفحه,translated,src/windows/ui/main-window.ui#actionFullscreen.text; src/windows/ui/main-window.ui#actionFullscreen.toolTip
fa,fa,Help,راهنما,translated,src/windows/ui/main-window.ui#menuHelp.title
fa,fa,Hide keyframes,مخفی کردن کی‌فریم‌ها,translated,src/windows/views/timeline_backend/qwidget/base.py:2832
fa,fa,Histogram,هیستوگرام,translated,src/windows/main_window.py:5434
fa,fa,Image,تصویر,translated,src/windows/ui/main-window.ui#actionFilesShowImage.text; src/windows/ui/main-window.ui#actionFilesShowImage.toolTip
fa,fa,Import Files,وارد کردن فایل‌ها,translated,src/windows/ui/main-window.ui#actionImportFiles.toolTip
fa,fa,Import Files...,وارد کردن فایل‌ها...,translated,src/windows/ui/main-window.ui#actionImportFiles.text
fa,fa,Import Project,وارد کردن پروژه,translated,src/windows/ui/main-window.ui#menuImport_Project.title
fa,fa,Insert Caption,درج زیرنویس,translated,src/windows/ui/main-window.ui#actionInsertTimestamp.text; src/windows/ui/main-window.ui#actionInsertTimestamp.toolTip
fa,fa,Join our Community...,به جامعه ما بپیوندید...,translated,src/windows/ui/main-window.ui#actionDiscord.text
fa,fa,Jump To End,پرش به انتها,translated,src/windows/ui/main-window.ui#actionJumpEnd.text; src/windows/ui/main-window.ui#actionJumpEnd.toolTip
fa,fa,Jump To Start,پرش به ابتدا,translated,src/windows/ui/main-window.ui#actionJumpStart.text; src/windows/ui/main-window.ui#actionJumpStart.toolTip
fa,fa,Launch Tutorial,شروع آموزش,translated,src/windows/ui/main-window.ui#actionTutorial.toolTip
fa,fa,Lock track,قفل کردن ترک,translated,src/windows/views/timeline_backend/qwidget/base.py:2828
fa,fa,Luma Waveform,شکل موج لوما,translated,src/windows/main_window.py:5424
fa,fa,My Views,نماهای من,translated,src/windows/main_window.py:3167
fa,fa,Name,نام,translated,src/windows/models/files_model.py:337
fa,fa,New Project,پروژه جدید,translated,src/windows/ui/main-window.ui#actionNew.text; src/windows/ui/main-window.ui#actionNew.toolTip
fa,fa,Next Marker,نشانگر بعدی,translated,src/windows/ui/main-window.ui#actionNextMarker.text; src/windows/ui/main-window.ui#actionNextMarker.toolTip
fa,fa,Open Help Contents,باز کردن محتوای راهنما,translated,src/windows/ui/main-window.ui#actionHelpContents.toolTip
fa,fa,Open Project,باز کردن پروژه,translated,src/windows/ui/main-window.ui#actionOpen.toolTip
fa,fa,Open Project...,بازکردن پروژه ...,translated,src/windows/ui/main-window.ui#actionOpen.text
fa,fa,Pan timeline,حرکت دادن خط زمان,translated,src/windows/views/zoom_slider.py:825
fa,fa,Pause,مکث,translated,src/themes/base.py:480
fa,fa,Play,پخش,translated,src/themes/base.py:480; src/windows/ui/main-window.ui#actionPlay.text; src/windows/ui/main-window.ui#actionPlay.toolTip
fa,fa,Preferences,تنظیمات,translated,src/windows/ui/main-window.ui#actionPreferences.toolTip
fa,fa,Previous Marker,نشانگر قبلی,translated,src/windows/ui/main-window.ui#actionPreviousMarker.text; src/windows/ui/main-window.ui#actionPreviousMarker.toolTip
fa,fa,Project Files,فایل‌های پروژه,translated,src/windows/ui/main-window.ui#dockFiles.windowTitle
fa,fa,Properties,ویژگی‌ها,translated,src/windows/ui/main-window.ui#dockProperties.windowTitle
fa,fa,Property,ویژگی,translated,src/windows/models/properties_model.py:1666; src/windows/models/properties_model.py:1689
fa,fa,Quit,خروج,translated,src/windows/ui/main-window.ui#actionQuit.toolTip
fa,fa,Recent Projects,پروژه های اخیر,translated,src/windows/main_window.py:3989
fa,fa,Recording,ضبط,translated,src/windows/main_window.py:5463
fa,fa,Recording View,نمای ضبط,translated,src/windows/main_window.py:3175
fa,fa,Recovery,بازیابی,translated,src/windows/main_window.py:4065
fa,fa,Redo,انجام دوباره,translated,src/windows/ui/main-window.ui#actionRedo.text; src/windows/ui/main-window.ui#actionRedo.toolTip
fa,fa,Report a Bug...,گزارش یک اشکال...,translated,src/windows/ui/main-window.ui#actionReportBug.text
fa,fa,Rewind,برگشت,translated,src/windows/ui/main-window.ui#actionRewind.text; src/windows/ui/main-window.ui#actionRewind.toolTip
fa,fa,Save Current Frame,ذخیره فریم فعلی,translated,src/windows/ui/main-window.ui#actionSaveFrame.text; src/windows/ui/main-window.ui#actionSaveFrame.toolTip
fa,fa,Save Project,ذخیره پروژه,translated,src/windows/ui/main-window.ui#actionSave.text; src/windows/ui/main-window.ui#actionSave.toolTip
fa,fa,Save Project As...,ذخیره پروژه به عنوان ...,translated,src/windows/ui/main-window.ui#actionSaveAs.text; src/windows/ui/main-window.ui#actionSaveAs.toolTip
fa,fa,Scopes,محدوده‌ها,translated,src/windows/main_window.py:3186
fa,fa,Show All,نمایش همه,translated,src/windows/ui/main-window.ui#actionEffectsShowAll.text; src/windows/ui/main-window.ui#actionEffectsShowAll.toolTip; src/windows/ui/main-window.ui#actionFilesShowAll.text; src/windows/ui/main-window.ui#actionFilesShowAll.toolTip; src/windows/ui/main-window.ui#actionTransitionsShowAll.text; src/windows/ui/main-window.ui#actionTransitionsShowAll.toolTip
fa,fa,Show keyframes,نمایش کی‌فریم‌ها,translated,src/windows/views/timeline_backend/qwidget/base.py:2832
fa,fa,Simple View,نمای ساده,translated,src/windows/ui/main-window.ui#actionSimple_View.text
fa,fa,Tags,برچسب‌ها,translated,src/windows/models/files_model.py:337
fa,fa,Thumb,تصویر بندانگشتی,translated,src/windows/models/files_model.py:337
fa,fa,Timeline,خط زمان,translated,src/windows/ui/main-window.ui#dockTimeline.windowTitle
fa,fa,Title,عنوان,translated,src/windows/ui/main-window.ui#actionTitle.text; src/windows/ui/main-window.ui#actionTitle.toolTip; src/windows/ui/main-window.ui#menuTitle.title
fa,fa,Toolbar,نوار ابزار,translated,src/windows/ui/main-window.ui#toolBar.windowTitle
fa,fa,Track %s,ترک %s,translated,src/windows/views/timeline_backend/qwidget/track.py:330
fa,fa,Transition,گذار,translated,src/windows/views/timeline_backend/qwidget/base.py:2856
fa,fa,Transition: %s,گذار: %s,translated,src/windows/views/timeline_backend/qwidget/base.py:2855
fa,fa,Transitions,گذارها,translated,src/windows/ui/main-window.ui#dockTransitions.windowTitle
fa,fa,Translate this Application...,ترجمه این برنامه...,translated,src/windows/ui/main-window.ui#actionTranslate.text
fa,fa,Tutorial,آموزش,translated,src/windows/ui/main-window.ui#actionTutorial.text; src/windows/ui/main-window.ui#dockTutorial.windowTitle
fa,fa,Undo,واگرد,translated,src/windows/ui/main-window.ui#actionUndo.text; src/windows/ui/main-window.ui#actionUndo.toolTip
fa,fa,Unlock track,بازکردن قفل ترک,translated,src/windows/views/timeline_backend/qwidget/base.py:2828
fa,fa,Untitled Project,پروژه بدون عنوان,translated,src/windows/main_window.py:3787; src/windows/main_window.py:879; src/windows/main_window.py:944
fa,fa,Update Available,بروز رسانی موجود است,translated,src/windows/ui/main-window.ui#actionUpdate.text; src/windows/ui/main-window.ui#actionUpdate.toolTip
fa,fa,Value,مقدار,translated,src/windows/models/properties_model.py:1666; src/windows/models/properties_model.py:1689
fa,fa,Vectorscope,وکتورسکوپ,translated,src/windows/main_window.py:5445
fa,fa,Video,ویدیو,translated,src/windows/ui/main-window.ui#actionEffectsShowVideo.text; src/windows/ui/main-window.ui#actionEffectsShowVideo.toolTip; src/windows/ui/main-window.ui#actionFilesShowVideo.text; src/windows/ui/main-window.ui#actionFilesShowVideo.toolTip
fa,fa,Video Preview,پیش‌نمایش ویدیو,translated,src/windows/ui/main-window.ui#dockVideo.windowTitle
fa,fa,View,نمایش,translated,src/windows/ui/main-window.ui#menuView.title
fa,fa,Window,پنجره,translated,src/windows/ui/main-window.ui#menuWindow.title
fa,fa,Zoom left edge,بزرگ‌نمایی لبه چپ,translated,src/windows/views/zoom_slider.py:823
fa,fa,Zoom right edge,بزرگ‌نمایی لبه راست,translated,src/windows/views/zoom_slider.py:824
pl,pl,&Edit,&Edytuj,translated,src/windows/ui/main-window.ui#menu_Edit.title
pl,pl,&File,&Plik,translated,src/windows/ui/main-window.ui#menuFile.title
pl,pl,&Preferences,&Preferencje,translated,src/windows/ui/main-window.ui#actionPreferences.text
pl,pl,&Quit,&Wyjdź,translated,src/windows/ui/main-window.ui#actionQuit.text
pl,pl,About OpenShot,O programie,translated,src/windows/ui/main-window.ui#actionAbout.text; src/windows/ui/main-window.ui#actionAbout.toolTip
pl,pl,Add Marker,Dodaj znacznik,translated,src/windows/ui/main-window.ui#actionAddMarker.text; src/windows/ui/main-window.ui#actionAddMarker.toolTip
pl,pl,Add Track,Dodaj ścieżkę,translated,src/windows/ui/main-window.ui#actionAddTrack.text; src/windows/ui/main-window.ui#actionAddTrack.toolTip
pl,pl,Animated Title,Tytuł animowany,translated,src/windows/ui/main-window.ui#actionAnimatedTitle.text; src/windows/ui/main-window.ui#actionAnimatedTitle.toolTip
pl,pl,Ask a Question...,Zadaj pytanie...,translated,src/windows/ui/main-window.ui#actionAskQuestion.text
pl,pl,Audio,Dźwięk,translated,src/windows/ui/main-window.ui#actionEffectsShowAudio.text; src/windows/ui/main-window.ui#actionEffectsShowAudio.toolTip; src/windows/ui/main-window.ui#actionFilesShowAudio.text; src/windows/ui/main-window.ui#actionFilesShowAudio.toolTip
pl,pl,Audio Levels,Poziomy dźwięku,translated,src/windows/main_window.py:5454
pl,pl,Caption Toolbar,Pasek narzędzi napisów,translated,src/windows/main_window.py:4254
pl,pl,Captions,Napisy,translated,src/windows/ui/main-window.ui#dockCaptionEditor.windowTitle
pl,pl,Center on Playhead,Wyśrodkuj na głowicy odtwarzania,translated,src/windows/ui/main-window.ui#actionCenterOnPlayhead.text
pl,pl,Center the timeline on the Playhead,Wyśrodkuj oś czasu na głowicy odtwarzania,translated,src/windows/ui/main-window.ui#actionCenterOnPlayhead.toolTip
pl,pl,Choose Profile,Wybierz profil,translated,src/windows/ui/main-window.ui#actionProfile.text; src/windows/ui/main-window.ui#actionProfile.toolTip
pl,pl,Clear,Wyczyść,translated,src/windows/ui/main-window.ui#menuClear.title
pl,pl,Click: center · Drag: zoom,Kliknij: wyśrodkuj · Przeciągnij: powiększ,translated,src/windows/views/zoom_slider.py:826
pl,pl,Clip,Klip,translated,src/windows/views/timeline_backend/qwidget/base.py:2867
pl,pl,Clip: %s,Klip: %s,translated,src/windows/views/timeline_backend/qwidget/base.py:2868
pl,pl,Color View,Widok kolorów,translated,src/windows/main_window.py:5352; src/windows/ui/main-window.ui#actionColor_Grade_View.text
pl,pl,Common,Typowe,translated,src/windows/ui/main-window.ui#actionTransitionsShowCommon.text; src/windows/ui/main-window.ui#actionTransitionsShowCommon.toolTip
pl,pl,Contents,Zawartość,translated,src/windows/ui/main-window.ui#actionHelpContents.text
pl,pl,Disable Razor,Wyłącz brzytwę,translated,src/windows/main_window.py:2095; src/windows/main_window.py:2096
pl,pl,Disable Snapping,Wyłącz przyciąganie,translated,src/windows/main_window.py:2081; src/windows/main_window.py:2082; src/windows/ui/main-window.ui#actionSnappingTool.text; src/windows/ui/main-window.ui#actionSnappingTool.toolTip
pl,pl,Disable Timing,Wyłącz zmianę prędkości,translated,src/windows/main_window.py:2109; src/windows/main_window.py:2110
pl,pl,Docks,Doki,translated,src/windows/main_window.py:3183
pl,pl,Donate,Wspomóż,translated,src/windows/ui/main-window.ui#actionDonate.text
pl,pl,Effect,Efekt,translated,src/windows/views/timeline_backend/qwidget/base.py:2849
pl,pl,Effect: %s,Efekt: %s,translated,src/windows/views/timeline_backend/qwidget/base.py:2848
pl,pl,Effects,Efekty,translated,src/windows/ui/main-window.ui#dockEffects.windowTitle
pl,pl,Emojis,Emoji,translated,src/windows/ui/main-window.ui#dockEmojis.windowTitle
pl,pl,Enable Razor,Włącz brzytwę,translated,src/windows/main_window.py:2098; src/windows/main_window.py:2099; src/windows/ui/main-window.ui#actionRazorTool.text; src/windows/ui/main-window.ui#actionRazorTool.toolTip
pl,pl,Enable Snapping,Włącz przyciąganie,translated,src/windows/main_window.py:2084; src/windows/main_window.py:2085
pl,pl,Enable Timing,Włącz zmianę prędkości,translated,src/windows/main_window.py:2112; src/windows/main_window.py:2113; src/windows/ui/main-window.ui#actionTimingTool.text; src/windows/ui/main-window.ui#actionTimingTool.toolTip
pl,pl,Enter caption text...,Wpisz tekst napisu...,translated,src/windows/main_window.py:3659
pl,pl,Export Project,Eksportuj projekt,translated,src/windows/ui/main-window.ui#menuExport.title
pl,pl,Export Video,Eksportuj wideo,translated,src/windows/ui/main-window.ui#actionExportVideo.text; src/windows/ui/main-window.ui#actionExportVideo.toolTip
pl,pl,Fast Forward,Przewiń do przodu,translated,src/windows/ui/main-window.ui#actionFastForward.text; src/windows/ui/main-window.ui#actionFastForward.toolTip
pl,pl,Filter,Filtr,translated,src/windows/main_window.py:4191; src/windows/main_window.py:4208; src/windows/main_window.py:4227; src/windows/main_window.py:4238; src/windows/main_window.py:5483; src/windows/ui/main-window.ui#txtPropertyFilter.placeholderText
pl,pl,Fullscreen,Tryb pełnoekranowy,translated,src/windows/ui/main-window.ui#actionFullscreen.text; src/windows/ui/main-window.ui#actionFullscreen.toolTip
pl,pl,Help,Pomoc,translated,src/windows/ui/main-window.ui#menuHelp.title
pl,pl,Hide keyframes,Ukryj klatki kluczowe,translated,src/windows/views/timeline_backend/qwidget/base.py:2832
pl,pl,Histogram,Histogram,same-as-source,src/windows/main_window.py:5434
pl,pl,Image,Obraz,translated,src/windows/ui/main-window.ui#actionFilesShowImage.text; src/windows/ui/main-window.ui#actionFilesShowImage.toolTip
pl,pl,Import Files,Importuj pliki,translated,src/windows/ui/main-window.ui#actionImportFiles.toolTip
pl,pl,Import Files...,Importuj pliki...,translated,src/windows/ui/main-window.ui#actionImportFiles.text
pl,pl,Import Project,Importuj projekt,translated,src/windows/ui/main-window.ui#menuImport_Project.title
pl,pl,Insert Caption,Wstaw napis,translated,src/windows/ui/main-window.ui#actionInsertTimestamp.text; src/windows/ui/main-window.ui#actionInsertTimestamp.toolTip
pl,pl,Join our Community...,Dołącz do naszej społeczności...,translated,src/windows/ui/main-window.ui#actionDiscord.text
pl,pl,Jump To End,Przejdź na koniec,translated,src/windows/ui/main-window.ui#actionJumpEnd.text; src/windows/ui/main-window.ui#actionJumpEnd.toolTip
pl,pl,Jump To Start,Przejdź do początku,translated,src/windows/ui/main-window.ui#actionJumpStart.text; src/windows/ui/main-window.ui#actionJumpStart.toolTip
pl,pl,Launch Tutorial,Uruchom samouczek,translated,src/windows/ui/main-window.ui#actionTutorial.toolTip
pl,pl,Lock track,Zablokuj ścieżkę,translated,src/windows/views/timeline_backend/qwidget/base.py:2828
pl,pl,Luma Waveform,Przebieg luminancji,translated,src/windows/main_window.py:5424
pl,pl,My Views,Moje widoki,translated,src/windows/main_window.py:3167
pl,pl,Name,Nazwa,translated,src/windows/models/files_model.py:337
pl,pl,New Project,Nowy projekt,translated,src/windows/ui/main-window.ui#actionNew.text; src/windows/ui/main-window.ui#actionNew.toolTip
pl,pl,Next Marker,Następny znacznik,translated,src/windows/ui/main-window.ui#actionNextMarker.text; src/windows/ui/main-window.ui#actionNextMarker.toolTip
pl,pl,Open Help Contents,Otwórz spis treści pomocy,translated,src/windows/ui/main-window.ui#actionHelpContents.toolTip
pl,pl,Open Project,Otwórz projekt,translated,src/windows/ui/main-window.ui#actionOpen.toolTip
pl,pl,Open Project...,Otwórz projekt...,translated,src/windows/ui/main-window.ui#actionOpen.text
pl,pl,Pan timeline,Przesuń oś czasu,translated,src/windows/views/zoom_slider.py:825
pl,pl,Pause,Wstrzymaj,translated,src/themes/base.py:480
pl,pl,Play,Odtwórz,translated,src/themes/base.py:480; src/windows/ui/main-window.ui#actionPlay.text; src/windows/ui/main-window.ui#actionPlay.toolTip
pl,pl,Preferences,Ustawienia,translated,src/windows/ui/main-window.ui#actionPreferences.toolTip
pl,pl,Previous Marker,Poprzedni znacznik,translated,src/windows/ui/main-window.ui#actionPreviousMarker.text; src/windows/ui/main-window.ui#actionPreviousMarker.toolTip
pl,pl,Project Files,Pliki projektu,translated,src/windows/ui/main-window.ui#dockFiles.windowTitle
pl,pl,Properties,Właściwości,translated,src/windows/ui/main-window.ui#dockProperties.windowTitle
pl,pl,Property,Właściwość,translated,src/windows/models/properties_model.py:1666; src/windows/models/properties_model.py:1689
pl,pl,Quit,Wyjście,translated,src/windows/ui/main-window.ui#actionQuit.toolTip
pl,pl,Recent Projects,Ostatnie projekty,translated,src/windows/main_window.py:3989
pl,pl,Recording,Nagrywanie,translated,src/windows/main_window.py:5463
pl,pl,Recording View,Widok nagrywania,translated,src/windows/main_window.py:3175
pl,pl,Recovery,Odzyskiwanie,translated,src/windows/main_window.py:4065
pl,pl,Redo,Ponów,translated,src/windows/ui/main-window.ui#actionRedo.text; src/windows/ui/main-window.ui#actionRedo.toolTip
pl,pl,Report a Bug...,Raportuj błąd...,translated,src/windows/ui/main-window.ui#actionReportBug.text
pl,pl,Rewind,Przewiń do tyłu,translated,src/windows/ui/main-window.ui#actionRewind.text; src/windows/ui/main-window.ui#actionRewind.toolTip
pl,pl,Save Current Frame,Zapisz bieżącą klatkę,translated,src/windows/ui/main-window.ui#actionSaveFrame.text; src/windows/ui/main-window.ui#actionSaveFrame.toolTip
pl,pl,Save Project,Zapisz projekt,translated,src/windows/ui/main-window.ui#actionSave.text; src/windows/ui/main-window.ui#actionSave.toolTip
pl,pl,Save Project As...,Zapisz projekt jako...,translated,src/windows/ui/main-window.ui#actionSaveAs.text; src/windows/ui/main-window.ui#actionSaveAs.toolTip
pl,pl,Scopes,Zakresy,translated,src/windows/main_window.py:3186
pl,pl,Show All,Pokaż wszystkie,translated,src/windows/ui/main-window.ui#actionEffectsShowAll.text; src/windows/ui/main-window.ui#actionEffectsShowAll.toolTip; src/windows/ui/main-window.ui#actionFilesShowAll.text; src/windows/ui/main-window.ui#actionFilesShowAll.toolTip; src/windows/ui/main-window.ui#actionTransitionsShowAll.text; src/windows/ui/main-window.ui#actionTransitionsShowAll.toolTip
pl,pl,Show keyframes,Pokaż klatki kluczowe,translated,src/windows/views/timeline_backend/qwidget/base.py:2832
pl,pl,Simple View,Widok prosty,translated,src/windows/ui/main-window.ui#actionSimple_View.text
pl,pl,Tags,Znaczniki,translated,src/windows/models/files_model.py:337
pl,pl,Thumb,Miniatura,translated,src/windows/models/files_model.py:337
pl,pl,Timeline,Oś czasu,translated,src/windows/ui/main-window.ui#dockTimeline.windowTitle
pl,pl,Title,Tytuł,translated,src/windows/ui/main-window.ui#actionTitle.text; src/windows/ui/main-window.ui#actionTitle.toolTip; src/windows/ui/main-window.ui#menuTitle.title
pl,pl,Toolbar,Pasek narzędzi,translated,src/windows/ui/main-window.ui#toolBar.windowTitle
pl,pl,Track %s,Ścieżka %s,translated,src/windows/views/timeline_backend/qwidget/track.py:330
pl,pl,Transition,Przejście,translated,src/windows/views/timeline_backend/qwidget/base.py:2856
pl,pl,Transition: %s,Przejście: %s,translated,src/windows/views/timeline_backend/qwidget/base.py:2855
pl,pl,Transitions,Przejścia,translated,src/windows/ui/main-window.ui#dockTransitions.windowTitle
pl,pl,Translate this Application...,Przetłumacz ten program...,translated,src/windows/ui/main-window.ui#actionTranslate.text
pl,pl,Tutorial,Samouczek,translated,src/windows/ui/main-window.ui#actionTutorial.text; src/windows/ui/main-window.ui#dockTutorial.windowTitle
pl,pl,Undo,Cofnij,translated,src/windows/ui/main-window.ui#actionUndo.text; src/windows/ui/main-window.ui#actionUndo.toolTip
pl,pl,Unlock track,Odblokuj ścieżkę,translated,src/windows/views/timeline_backend/qwidget/base.py:2828
pl,pl,Untitled Project,Projekt bez nazwy,translated,src/windows/main_window.py:3787; src/windows/main_window.py:879; src/windows/main_window.py:944
pl,pl,Update Available,Jest dostępna aktualizacja,translated,src/windows/ui/main-window.ui#actionUpdate.text; src/windows/ui/main-window.ui#actionUpdate.toolTip
pl,pl,Value,Wartość,translated,src/windows/models/properties_model.py:1666; src/windows/models/properties_model.py:1689
pl,pl,Vectorscope,Wektorskop,translated,src/windows/main_window.py:5445
pl,pl,Video,Wideo,translated,src/windows/ui/main-window.ui#actionEffectsShowVideo.text; src/windows/ui/main-window.ui#actionEffectsShowVideo.toolTip; src/windows/ui/main-window.ui#actionFilesShowVideo.text; src/windows/ui/main-window.ui#actionFilesShowVideo.toolTip
pl,pl,Video Preview,Podgląd wideo,translated,src/windows/ui/main-window.ui#dockVideo.windowTitle
pl,pl,View,Widok,translated,src/windows/ui/main-window.ui#menuView.title
pl,pl,Window,Okno,translated,src/windows/ui/main-window.ui#menuWindow.title
pl,pl,Zoom left edge,Powiększ lewą krawędź,translated,src/windows/views/zoom_slider.py:823
pl,pl,Zoom right edge,Powiększ prawą krawędź,translated,src/windows/views/zoom_slider.py:824
pt,pt,&Edit,&Editar,translated,src/windows/ui/main-window.ui#menu_Edit.title
pt,pt,&File,&Ficheiro,translated,src/windows/ui/main-window.ui#menuFile.title
pt,pt,&Preferences,&Preferências,translated,src/windows/ui/main-window.ui#actionPreferences.text
pt,pt,&Quit,&Sair,translated,src/windows/ui/main-window.ui#actionQuit.text
pt,pt,About OpenShot,Sobre o OpenShot,translated,src/windows/ui/main-window.ui#actionAbout.text; src/windows/ui/main-window.ui#actionAbout.toolTip
pt,pt,Add Marker,Adicionar Marcador,translated,src/windows/ui/main-window.ui#actionAddMarker.text; src/windows/ui/main-window.ui#actionAddMarker.toolTip
pt,pt,Add Track,Adicionar Faixa,translated,src/windows/ui/main-window.ui#actionAddTrack.text; src/windows/ui/main-window.ui#actionAddTrack.toolTip
pt,pt,Animated Title,Título Animado,translated,src/windows/ui/main-window.ui#actionAnimatedTitle.text; src/windows/ui/main-window.ui#actionAnimatedTitle.toolTip
pt,pt,Ask a Question...,Fazer uma pergunta...,translated,src/windows/ui/main-window.ui#actionAskQuestion.text
pt,pt,Audio,Áudio,translated,src/windows/ui/main-window.ui#actionEffectsShowAudio.text; src/windows/ui/main-window.ui#actionEffectsShowAudio.toolTip; src/windows/ui/main-window.ui#actionFilesShowAudio.text; src/windows/ui/main-window.ui#actionFilesShowAudio.toolTip
pt,pt,Audio Levels,Níveis de Áudio,translated,src/windows/main_window.py:5454
pt,pt,Caption Toolbar,Barra de Legendas,translated,src/windows/main_window.py:4254
pt,pt,Captions,Legendas,translated,src/windows/ui/main-window.ui#dockCaptionEditor.windowTitle
pt,pt,Center on Playhead,Centrar no cursor de reprodução,translated,src/windows/ui/main-window.ui#actionCenterOnPlayhead.text
pt,pt,Center the timeline on the Playhead,Centrar a linha cronológica no cursor de reprodução,translated,src/windows/ui/main-window.ui#actionCenterOnPlayhead.toolTip
pt,pt,Choose Profile,Escolher Perfil,translated,src/windows/ui/main-window.ui#actionProfile.text; src/windows/ui/main-window.ui#actionProfile.toolTip
pt,pt,Clear,Limpar,translated,src/windows/ui/main-window.ui#menuClear.title
pt,pt,Click: center · Drag: zoom,Clique: centrar · Arraste: zoom,translated,src/windows/views/zoom_slider.py:826
pt,pt,Clip,Clip,same-as-source,src/windows/views/timeline_backend/qwidget/base.py:2867
pt,pt,Clip: %s,Clip: %s,same-as-source,src/windows/views/timeline_backend/qwidget/base.py:2868
pt,pt,Color View,Visualização de Cor,translated,src/windows/main_window.py:5352; src/windows/ui/main-window.ui#actionColor_Grade_View.text
pt,pt,Common,Comum,translated,src/windows/ui/main-window.ui#actionTransitionsShowCommon.text; src/windows/ui/main-window.ui#actionTransitionsShowCommon.toolTip
pt,pt,Contents,Conteúdos,translated,src/windows/ui/main-window.ui#actionHelpContents.text
pt,pt,Disable Razor,Desativar lâmina,translated,src/windows/main_window.py:2095; src/windows/main_window.py:2096
pt,pt,Disable Snapping,Desativar encaixe,translated,src/windows/main_window.py:2081; src/windows/main_window.py:2082; src/windows/ui/main-window.ui#actionSnappingTool.text; src/windows/ui/main-window.ui#actionSnappingTool.toolTip
pt,pt,Disable Timing,Desativar temporização,translated,src/windows/main_window.py:2109; src/windows/main_window.py:2110
pt,pt,Docks,Painéis,translated,src/windows/main_window.py:3183
pt,pt,Donate,Doar,translated,src/windows/ui/main-window.ui#actionDonate.text
pt,pt,Effect,Efeito,translated,src/windows/views/timeline_backend/qwidget/base.py:2849
pt,pt,Effect: %s,Efeito: %s,translated,src/windows/views/timeline_backend/qwidget/base.py:2848
pt,pt,Effects,Efeitos,translated,src/windows/ui/main-window.ui#dockEffects.windowTitle
pt,pt,Emojis,Emojis,same-as-source,src/windows/ui/main-window.ui#dockEmojis.windowTitle
pt,pt,Enable Razor,Ativar lâmina,translated,src/windows/main_window.py:2098; src/windows/main_window.py:2099; src/windows/ui/main-window.ui#actionRazorTool.text; src/windows/ui/main-window.ui#actionRazorTool.toolTip
pt,pt,Enable Snapping,Ativar encaixe,translated,src/windows/main_window.py:2084; src/windows/main_window.py:2085
pt,pt,Enable Timing,Ativar temporização,translated,src/windows/main_window.py:2112; src/windows/main_window.py:2113; src/windows/ui/main-window.ui#actionTimingTool.text; src/windows/ui/main-window.ui#actionTimingTool.toolTip
pt,pt,Enter caption text...,Introduza o texto da legenda...,translated,src/windows/main_window.py:3659
pt,pt,Export Project,Exportar Projecto,translated,src/windows/ui/main-window.ui#menuExport.title
pt,pt,Export Video,Exportar vídeo,translated,src/windows/ui/main-window.ui#actionExportVideo.text; src/windows/ui/main-window.ui#actionExportVideo.toolTip
pt,pt,Fast Forward,Avanço Rápido,translated,src/windows/ui/main-window.ui#actionFastForward.text; src/windows/ui/main-window.ui#actionFastForward.toolTip
pt,pt,Filter,Filtro,translated,src/windows/main_window.py:4191; src/windows/main_window.py:4208; src/windows/main_window.py:4227; src/windows/main_window.py:4238; src/windows/main_window.py:5483; src/windows/ui/main-window.ui#txtPropertyFilter.placeholderText
pt,pt,Fullscreen,Ecrã Completo,translated,src/windows/ui/main-window.ui#actionFullscreen.text; src/windows/ui/main-window.ui#actionFullscreen.toolTip
pt,pt,Help,Ajuda,translated,src/windows/ui/main-window.ui#menuHelp.title
pt,pt,Hide keyframes,Ocultar quadros-chave,translated,src/windows/views/timeline_backend/qwidget/base.py:2832
pt,pt,Histogram,Histograma,translated,src/windows/main_window.py:5434
pt,pt,Image,Imagem,translated,src/windows/ui/main-window.ui#actionFilesShowImage.text; src/windows/ui/main-window.ui#actionFilesShowImage.toolTip
pt,pt,Import Files,Importar Ficheiros,translated,src/windows/ui/main-window.ui#actionImportFiles.toolTip
pt,pt,Import Files...,Importar Ficheiros...,translated,src/windows/ui/main-window.ui#actionImportFiles.text
pt,pt,Import Project,Importar Projecto,translated,src/windows/ui/main-window.ui#menuImport_Project.title
pt,pt,Insert Caption,Inserir Legenda,translated,src/windows/ui/main-window.ui#actionInsertTimestamp.text; src/windows/ui/main-window.ui#actionInsertTimestamp.toolTip
pt,pt,Join our Community...,Junte-se à nossa Comunidade...,translated,src/windows/ui/main-window.ui#actionDiscord.text
pt,pt,Jump To End,Saltar Para o Fim,translated,src/windows/ui/main-window.ui#actionJumpEnd.text; src/windows/ui/main-window.ui#actionJumpEnd.toolTip
pt,pt,Jump To Start,Saltar Para Início,translated,src/windows/ui/main-window.ui#actionJumpStart.text; src/windows/ui/main-window.ui#actionJumpStart.toolTip
pt,pt,Launch Tutorial,Lançar o Tutorial,translated,src/windows/ui/main-window.ui#actionTutorial.toolTip
pt,pt,Lock track,Bloquear faixa,translated,src/windows/views/timeline_backend/qwidget/base.py:2828
pt,pt,Luma Waveform,Forma de Onda de Luma,translated,src/windows/main_window.py:5424
pt,pt,My Views,Minhas Visualizações,translated,src/windows/main_window.py:3167
pt,pt,Name,Nome,translated,src/windows/models/files_model.py:337
pt,pt,New Project,Novo projeto,translated,src/windows/ui/main-window.ui#actionNew.text; src/windows/ui/main-window.ui#actionNew.toolTip
pt,pt,Next Marker,Marcador Seguinte,translated,src/windows/ui/main-window.ui#actionNextMarker.text; src/windows/ui/main-window.ui#actionNextMarker.toolTip
pt,pt,Open Help Contents,Abrir o índice da ajuda,translated,src/windows/ui/main-window.ui#actionHelpContents.toolTip
pt,pt,Open Project,Abrir projeto,translated,src/windows/ui/main-window.ui#actionOpen.toolTip
pt,pt,Open Project...,Abrir projeto...,translated,src/windows/ui/main-window.ui#actionOpen.text
pt,pt,Pan timeline,Deslocar a linha cronológica,translated,src/windows/views/zoom_slider.py:825
pt,pt,Pause,Pausa,translated,src/themes/base.py:480
pt,pt,Play,Reproduzir,translated,src/themes/base.py:480; src/windows/ui/main-window.ui#actionPlay.text; src/windows/ui/main-window.ui#actionPlay.toolTip
pt,pt,Preferences,Preferências,translated,src/windows/ui/main-window.ui#actionPreferences.toolTip
pt,pt,Previous Marker,Marcador Anterior,translated,src/windows/ui/main-window.ui#actionPreviousMarker.text; src/windows/ui/main-window.ui#actionPreviousMarker.toolTip
pt,pt,Project Files,Ficheiros do projeto,translated,src/windows/ui/main-window.ui#dockFiles.windowTitle
pt,pt,Properties,Propriedades,translated,src/windows/ui/main-window.ui#dockProperties.windowTitle
pt,pt,Property,Propriedade,translated,src/windows/models/properties_model.py:1666; src/windows/models/properties_model.py:1689
pt,pt,Quit,Sair,translated,src/windows/ui/main-window.ui#actionQuit.toolTip
pt,pt,Recent Projects,Projectos Recentes,translated,src/windows/main_window.py:3989
pt,pt,Recording,Gravação,translated,src/windows/main_window.py:5463
pt,pt,Recording View,Visualização de Gravação,translated,src/windows/main_window.py:3175
pt,pt,Recovery,Recuperação,translated,src/windows/main_window.py:4065
pt,pt,Redo,Refazer,translated,src/windows/ui/main-window.ui#actionRedo.text; src/windows/ui/main-window.ui#actionRedo.toolTip
pt,pt,Report a Bug...,Reportar Erro...,translated,src/windows/ui/main-window.ui#actionReportBug.text
pt,pt,Rewind,Rebobinar,translated,src/windows/ui/main-window.ui#actionRewind.text; src/windows/ui/main-window.ui#actionRewind.toolTip
pt,pt,Save Current Frame,Guardar Quadro Atual,translated,src/windows/ui/main-window.ui#actionSaveFrame.text; src/windows/ui/main-window.ui#actionSaveFrame.toolTip
pt,pt,Save Project,Guardar projeto,translated,src/windows/ui/main-window.ui#actionSave.text; src/windows/ui/main-window.ui#actionSave.toolTip
pt,pt,Save Project As...,Guardar projeto como...,translated,src/windows/ui/main-window.ui#actionSaveAs.text; src/windows/ui/main-window.ui#actionSaveAs.toolTip
pt,pt,Scopes,Escopos,translated,src/windows/main_window.py:3186
pt,pt,Show All,Mostrar Todos,translated,src/windows/ui/main-window.ui#actionEffectsShowAll.text; src/windows/ui/main-window.ui#actionEffectsShowAll.toolTip; src/windows/ui/main-window.ui#actionFilesShowAll.text; src/windows/ui/main-window.ui#actionFilesShowAll.toolTip; src/windows/ui/main-window.ui#actionTransitionsShowAll.text; src/windows/ui/main-window.ui#actionTransitionsShowAll.toolTip
pt,pt,Show keyframes,Mostrar quadros-chave,translated,src/windows/views/timeline_backend/qwidget/base.py:2832
pt,pt,Simple View,Vista Simples,translated,src/windows/ui/main-window.ui#actionSimple_View.text
pt,pt,Tags,Etiquetas,translated,src/windows/models/files_model.py:337
pt,pt,Thumb,Miniatura,translated,src/windows/models/files_model.py:337
pt,pt,Timeline,Linha cronológica,translated,src/windows/ui/main-window.ui#dockTimeline.windowTitle
pt,pt,Title,Título,translated,src/windows/ui/main-window.ui#actionTitle.text; src/windows/ui/main-window.ui#actionTitle.toolTip; src/windows/ui/main-window.ui#menuTitle.title
pt,pt,Toolbar,Barra de ferramentas,translated,src/windows/ui/main-window.ui#toolBar.windowTitle
pt,pt,Track %s,Faixa %s,translated,src/windows/views/timeline_backend/qwidget/track.py:330
pt,pt,Transition,Transição,translated,src/windows/views/timeline_backend/qwidget/base.py:2856
pt,pt,Transition: %s,Transição: %s,translated,src/windows/views/timeline_backend/qwidget/base.py:2855
pt,pt,Transitions,Transições,translated,src/windows/ui/main-window.ui#dockTransitions.windowTitle
pt,pt,Translate this Application...,Traduzir esta Aplicação...,translated,src/windows/ui/main-window.ui#actionTranslate.text
pt,pt,Tutorial,Tutorial,same-as-source,src/windows/ui/main-window.ui#actionTutorial.text; src/windows/ui/main-window.ui#dockTutorial.windowTitle
pt,pt,Undo,Anular,translated,src/windows/ui/main-window.ui#actionUndo.text; src/windows/ui/main-window.ui#actionUndo.toolTip
pt,pt,Unlock track,Desbloquear faixa,translated,src/windows/views/timeline_backend/qwidget/base.py:2828
pt,pt,Untitled Project,Projeto sem nome,translated,src/windows/main_window.py:3787; src/windows/main_window.py:879; src/windows/main_window.py:944
pt,pt,Update Available,Atualização Disponível,translated,src/windows/ui/main-window.ui#actionUpdate.text; src/windows/ui/main-window.ui#actionUpdate.toolTip
pt,pt,Value,Valor,translated,src/windows/models/properties_model.py:1666; src/windows/models/properties_model.py:1689
pt,pt,Vectorscope,Vetorscópio,translated,src/windows/main_window.py:5445
pt,pt,Video,Vídeo,translated,src/windows/ui/main-window.ui#actionEffectsShowVideo.text; src/windows/ui/main-window.ui#actionEffectsShowVideo.toolTip; src/windows/ui/main-window.ui#actionFilesShowVideo.text; src/windows/ui/main-window.ui#actionFilesShowVideo.toolTip
pt,pt,Video Preview,Pré-visualização de vídeo,translated,src/windows/ui/main-window.ui#dockVideo.windowTitle
pt,pt,View,Ver,translated,src/windows/ui/main-window.ui#menuView.title
pt,pt,Window,Janela,translated,src/windows/ui/main-window.ui#menuWindow.title
pt,pt,Zoom left edge,Zoom na borda esquerda,translated,src/windows/views/zoom_slider.py:823
pt,pt,Zoom right edge,Zoom na borda direita,translated,src/windows/views/zoom_slider.py:824
ro,ro,&Edit,&Editează,translated,src/windows/ui/main-window.ui#menu_Edit.title
ro,ro,&File,&Fișier,translated,src/windows/ui/main-window.ui#menuFile.title
ro,ro,&Preferences,&Preferințe,translated,src/windows/ui/main-window.ui#actionPreferences.text
ro,ro,&Quit,&Ieșire,translated,src/windows/ui/main-window.ui#actionQuit.text
ro,ro,About OpenShot,Despre OpenShot,translated,src/windows/ui/main-window.ui#actionAbout.text; src/windows/ui/main-window.ui#actionAbout.toolTip
ro,ro,Add Marker,Adaugă marcaj,translated,src/windows/ui/main-window.ui#actionAddMarker.text; src/windows/ui/main-window.ui#actionAddMarker.toolTip
ro,ro,Add Track,Adaugă pistă,translated,src/windows/ui/main-window.ui#actionAddTrack.text; src/windows/ui/main-window.ui#actionAddTrack.toolTip
ro,ro,Animated Title,Titlu animat,translated,src/windows/ui/main-window.ui#actionAnimatedTitle.text; src/windows/ui/main-window.ui#actionAnimatedTitle.toolTip
ro,ro,Ask a Question...,Pune o întrebare,translated,src/windows/ui/main-window.ui#actionAskQuestion.text
ro,ro,Audio,Audio,same-as-source,src/windows/ui/main-window.ui#actionEffectsShowAudio.text; src/windows/ui/main-window.ui#actionEffectsShowAudio.toolTip; src/windows/ui/main-window.ui#actionFilesShowAudio.text; src/windows/ui/main-window.ui#actionFilesShowAudio.toolTip
ro,ro,Audio Levels,Niveluri Audio,translated,src/windows/main_window.py:5454
ro,ro,Caption Toolbar,Bara de instrumente pentru subtitrări,translated,src/windows/main_window.py:4254
ro,ro,Captions,Subtitrări,translated,src/windows/ui/main-window.ui#dockCaptionEditor.windowTitle
ro,ro,Center on Playhead,Centrează pe cursorul de redare,translated,src/windows/ui/main-window.ui#actionCenterOnPlayhead.text
ro,ro,Center the timeline on the Playhead,Centrează cronologia pe cursorul de redare,translated,src/windows/ui/main-window.ui#actionCenterOnPlayhead.toolTip
ro,ro,Choose Profile,Alege profil,translated,src/windows/ui/main-window.ui#actionProfile.text; src/windows/ui/main-window.ui#actionProfile.toolTip
ro,ro,Clear,Ștergeți,translated,src/windows/ui/main-window.ui#menuClear.title
ro,ro,Click: center · Drag: zoom,Clic: centrează · Trage: zoom,translated,src/windows/views/zoom_slider.py:826
ro,ro,Clip,Clip,same-as-source,src/windows/views/timeline_backend/qwidget/base.py:2867
ro,ro,Clip: %s,Clip: %s,same-as-source,src/windows/views/timeline_backend/qwidget/base.py:2868
ro,ro,Color View,Vizualizare culoare,translated,src/windows/main_window.py:5352; src/windows/ui/main-window.ui#actionColor_Grade_View.text
ro,ro,Common,Obișnuite,translated,src/windows/ui/main-window.ui#actionTransitionsShowCommon.text; src/windows/ui/main-window.ui#actionTransitionsShowCommon.toolTip
ro,ro,Contents,Conținut,translated,src/windows/ui/main-window.ui#actionHelpContents.text
ro,ro,Disable Razor,Dezactivează lama,translated,src/windows/main_window.py:2095; src/windows/main_window.py:2096
ro,ro,Disable Snapping,Dezactivează alinierea,translated,src/windows/main_window.py:2081; src/windows/main_window.py:2082; src/windows/ui/main-window.ui#actionSnappingTool.text; src/windows/ui/main-window.ui#actionSnappingTool.toolTip
ro,ro,Disable Timing,Dezactivează modificarea vitezei,translated,src/windows/main_window.py:2109; src/windows/main_window.py:2110
ro,ro,Docks,Panouri,translated,src/windows/main_window.py:3183
ro,ro,Donate,Donați,translated,src/windows/ui/main-window.ui#actionDonate.text
ro,ro,Effect,Efect,translated,src/windows/views/timeline_backend/qwidget/base.py:2849
ro,ro,Effect: %s,Efect: %s,translated,src/windows/views/timeline_backend/qwidget/base.py:2848
ro,ro,Effects,Efecte,translated,src/windows/ui/main-window.ui#dockEffects.windowTitle
ro,ro,Emojis,Emoji,translated,src/windows/ui/main-window.ui#dockEmojis.windowTitle
ro,ro,Enable Razor,Activează lama,translated,src/windows/main_window.py:2098; src/windows/main_window.py:2099; src/windows/ui/main-window.ui#actionRazorTool.text; src/windows/ui/main-window.ui#actionRazorTool.toolTip
ro,ro,Enable Snapping,Activează alinierea,translated,src/windows/main_window.py:2084; src/windows/main_window.py:2085
ro,ro,Enable Timing,Activează modificarea vitezei,translated,src/windows/main_window.py:2112; src/windows/main_window.py:2113; src/windows/ui/main-window.ui#actionTimingTool.text; src/windows/ui/main-window.ui#actionTimingTool.toolTip
ro,ro,Enter caption text...,Introdu textul subtitrării...,translated,src/windows/main_window.py:3659
ro,ro,Export Project,Exportă proiectul,translated,src/windows/ui/main-window.ui#menuExport.title
ro,ro,Export Video,Exportă video,translated,src/windows/ui/main-window.ui#actionExportVideo.text; src/windows/ui/main-window.ui#actionExportVideo.toolTip
ro,ro,Fast Forward,Derulare rapidă înainte,translated,src/windows/ui/main-window.ui#actionFastForward.text; src/windows/ui/main-window.ui#actionFastForward.toolTip
ro,ro,Filter,Filtru,translated,src/windows/main_window.py:4191; src/windows/main_window.py:4208; src/windows/main_window.py:4227; src/windows/main_window.py:4238; src/windows/main_window.py:5483; src/windows/ui/main-window.ui#txtPropertyFilter.placeholderText
ro,ro,Fullscreen,Pe tot ecranul,translated,src/windows/ui/main-window.ui#actionFullscreen.text; src/windows/ui/main-window.ui#actionFullscreen.toolTip
ro,ro,Help,Ajutor,translated,src/windows/ui/main-window.ui#menuHelp.title
ro,ro,Hide keyframes,Ascunde cadrele cheie,translated,src/windows/views/timeline_backend/qwidget/base.py:2832
ro,ro,Histogram,Histogramă,translated,src/windows/main_window.py:5434
ro,ro,Image,Imagine,translated,src/windows/ui/main-window.ui#actionFilesShowImage.text; src/windows/ui/main-window.ui#actionFilesShowImage.toolTip
ro,ro,Import Files,Importă fișiere,translated,src/windows/ui/main-window.ui#actionImportFiles.toolTip
ro,ro,Import Files...,Importă fișiere...,translated,src/windows/ui/main-window.ui#actionImportFiles.text
ro,ro,Import Project,Importă proiectul,translated,src/windows/ui/main-window.ui#menuImport_Project.title
ro,ro,Insert Caption,Inserează subtitrare,translated,src/windows/ui/main-window.ui#actionInsertTimestamp.text; src/windows/ui/main-window.ui#actionInsertTimestamp.toolTip
ro,ro,Join our Community...,Alătură-te Comunității Noastre...,translated,src/windows/ui/main-window.ui#actionDiscord.text
ro,ro,Jump To End,Salt la sfârșit,translated,src/windows/ui/main-window.ui#actionJumpEnd.text; src/windows/ui/main-window.ui#actionJumpEnd.toolTip
ro,ro,Jump To Start,Salt la start,translated,src/windows/ui/main-window.ui#actionJumpStart.text; src/windows/ui/main-window.ui#actionJumpStart.toolTip
ro,ro,Launch Tutorial,Lansează ghidul,translated,src/windows/ui/main-window.ui#actionTutorial.toolTip
ro,ro,Lock track,Blochează pista,translated,src/windows/views/timeline_backend/qwidget/base.py:2828
ro,ro,Luma Waveform,Formă de Undă Luma,translated,src/windows/main_window.py:5424
ro,ro,My Views,Vederile Mele,translated,src/windows/main_window.py:3167
ro,ro,Name,Nume,translated,src/windows/models/files_model.py:337
ro,ro,New Project,Proiect nou,translated,src/windows/ui/main-window.ui#actionNew.text; src/windows/ui/main-window.ui#actionNew.toolTip
ro,ro,Next Marker,Marcajul următor,translated,src/windows/ui/main-window.ui#actionNextMarker.text; src/windows/ui/main-window.ui#actionNextMarker.toolTip
ro,ro,Open Help Contents,Deschide cuprinsul ajutorului,translated,src/windows/ui/main-window.ui#actionHelpContents.toolTip
ro,ro,Open Project,Deschide proiect,translated,src/windows/ui/main-window.ui#actionOpen.toolTip
ro,ro,Open Project...,Deschide proiect...,translated,src/windows/ui/main-window.ui#actionOpen.text
ro,ro,Pan timeline,Derulează cronologia,translated,src/windows/views/zoom_slider.py:825
ro,ro,Pause,Pauză,translated,src/themes/base.py:480
ro,ro,Play,Redare,translated,src/themes/base.py:480; src/windows/ui/main-window.ui#actionPlay.text; src/windows/ui/main-window.ui#actionPlay.toolTip
ro,ro,Preferences,Preferințe,translated,src/windows/ui/main-window.ui#actionPreferences.toolTip
ro,ro,Previous Marker,Marcajul anterior,translated,src/windows/ui/main-window.ui#actionPreviousMarker.text; src/windows/ui/main-window.ui#actionPreviousMarker.toolTip
ro,ro,Project Files,Fișiere proiect,translated,src/windows/ui/main-window.ui#dockFiles.windowTitle
ro,ro,Properties,Proprietăți,translated,src/windows/ui/main-window.ui#dockProperties.windowTitle
ro,ro,Property,Proprietate,translated,src/windows/models/properties_model.py:1666; src/windows/models/properties_model.py:1689
ro,ro,Quit,Ieșire,translated,src/windows/ui/main-window.ui#actionQuit.toolTip
ro,ro,Recent Projects,Proiecte recente,translated,src/windows/main_window.py:3989
ro,ro,Recording,Înregistrare,translated,src/windows/main_window.py:5463
ro,ro,Recording View,Vedere Înregistrare,translated,src/windows/main_window.py:3175
ro,ro,Recovery,Recuperare,translated,src/windows/main_window.py:4065
ro,ro,Redo,Refacere,translated,src/windows/ui/main-window.ui#actionRedo.text; src/windows/ui/main-window.ui#actionRedo.toolTip
ro,ro,Report a Bug...,Raportează o eroare,translated,src/windows/ui/main-window.ui#actionReportBug.text
ro,ro,Rewind,Derulare înapoi,translated,src/windows/ui/main-window.ui#actionRewind.text; src/windows/ui/main-window.ui#actionRewind.toolTip
ro,ro,Save Current Frame,Salvează cadrul curent,translated,src/windows/ui/main-window.ui#actionSaveFrame.text; src/windows/ui/main-window.ui#actionSaveFrame.toolTip
ro,ro,Save Project,Salvează proiectul,translated,src/windows/ui/main-window.ui#actionSave.text; src/windows/ui/main-window.ui#actionSave.toolTip
ro,ro,Save Project As...,Salvează proiectul ca...,translated,src/windows/ui/main-window.ui#actionSaveAs.text; src/windows/ui/main-window.ui#actionSaveAs.toolTip
ro,ro,Scopes,Scopuri,translated,src/windows/main_window.py:3186
ro,ro,Show All,Afișează tot,translated,src/windows/ui/main-window.ui#actionEffectsShowAll.text; src/windows/ui/main-window.ui#actionEffectsShowAll.toolTip; src/windows/ui/main-window.ui#actionFilesShowAll.text; src/windows/ui/main-window.ui#actionFilesShowAll.toolTip; src/windows/ui/main-window.ui#actionTransitionsShowAll.text; src/windows/ui/main-window.ui#actionTransitionsShowAll.toolTip
ro,ro,Show keyframes,Arată cadrele cheie,translated,src/windows/views/timeline_backend/qwidget/base.py:2832
ro,ro,Simple View,Vizualizare simplă,translated,src/windows/ui/main-window.ui#actionSimple_View.text
ro,ro,Tags,Etichete,translated,src/windows/models/files_model.py:337
ro,ro,Thumb,Miniatură,translated,src/windows/models/files_model.py:337
ro,ro,Timeline,Cronologie,translated,src/windows/ui/main-window.ui#dockTimeline.windowTitle
ro,ro,Title,Titlu,translated,src/windows/ui/main-window.ui#actionTitle.text; src/windows/ui/main-window.ui#actionTitle.toolTip; src/windows/ui/main-window.ui#menuTitle.title
ro,ro,Toolbar,Bară de unelte,translated,src/windows/ui/main-window.ui#toolBar.windowTitle
ro,ro,Track %s,Pista %s,translated,src/windows/views/timeline_backend/qwidget/track.py:330
ro,ro,Transition,Tranziție,translated,src/windows/views/timeline_backend/qwidget/base.py:2856
ro,ro,Transition: %s,Tranziție: %s,translated,src/windows/views/timeline_backend/qwidget/base.py:2855
ro,ro,Transitions,Tranziții,translated,src/windows/ui/main-window.ui#dockTransitions.windowTitle
ro,ro,Translate this Application...,Traduceți această aplicaţie...,translated,src/windows/ui/main-window.ui#actionTranslate.text
ro,ro,Tutorial,Ghid,translated,src/windows/ui/main-window.ui#actionTutorial.text; src/windows/ui/main-window.ui#dockTutorial.windowTitle
ro,ro,Undo,Anulează,translated,src/windows/ui/main-window.ui#actionUndo.text; src/windows/ui/main-window.ui#actionUndo.toolTip
ro,ro,Unlock track,Deblochează pista,translated,src/windows/views/timeline_backend/qwidget/base.py:2828
ro,ro,Untitled Project,Proiect fără nume,translated,src/windows/main_window.py:3787; src/windows/main_window.py:879; src/windows/main_window.py:944
ro,ro,Update Available,Actualizare disponibilă,translated,src/windows/ui/main-window.ui#actionUpdate.text; src/windows/ui/main-window.ui#actionUpdate.toolTip
ro,ro,Value,Valoare,translated,src/windows/models/properties_model.py:1666; src/windows/models/properties_model.py:1689
ro,ro,Vectorscope,Vectorscop,translated,src/windows/main_window.py:5445
ro,ro,Video,Video,same-as-source,src/windows/ui/main-window.ui#actionEffectsShowVideo.text; src/windows/ui/main-window.ui#actionEffectsShowVideo.toolTip; src/windows/ui/main-window.ui#actionFilesShowVideo.text; src/windows/ui/main-window.ui#actionFilesShowVideo.toolTip
ro,ro,Video Preview,Previzualizare film,translated,src/windows/ui/main-window.ui#dockVideo.windowTitle
ro,ro,View,Vizualizare,translated,src/windows/ui/main-window.ui#menuView.title
ro,ro,Window,Fereastră,translated,src/windows/ui/main-window.ui#menuWindow.title
ro,ro,Zoom left edge,Mărește marginea stângă,translated,src/windows/views/zoom_slider.py:823
ro,ro,Zoom right edge,Mărește marginea dreaptă,translated,src/windows/views/zoom_slider.py:824
ru,ru,&Edit,&Правка,translated,src/windows/ui/main-window.ui#menu_Edit.title
ru,ru,&File,&Файл,translated,src/windows/ui/main-window.ui#menuFile.title
ru,ru,&Preferences,&Параметры,translated,src/windows/ui/main-window.ui#actionPreferences.text
ru,ru,&Quit,&Выход,translated,src/windows/ui/main-window.ui#actionQuit.text
ru,ru,About OpenShot,О программе OpenShot,translated,src/windows/ui/main-window.ui#actionAbout.text; src/windows/ui/main-window.ui#actionAbout.toolTip
ru,ru,Add Marker,Добавить маркер,translated,src/windows/ui/main-window.ui#actionAddMarker.text; src/windows/ui/main-window.ui#actionAddMarker.toolTip
ru,ru,Add Track,Добавить дорожку,translated,src/windows/ui/main-window.ui#actionAddTrack.text; src/windows/ui/main-window.ui#actionAddTrack.toolTip
ru,ru,Animated Title,Анимированные титры,translated,src/windows/ui/main-window.ui#actionAnimatedTitle.text; src/windows/ui/main-window.ui#actionAnimatedTitle.toolTip
ru,ru,Ask a Question...,Задать вопрос...,translated,src/windows/ui/main-window.ui#actionAskQuestion.text
ru,ru,Audio,Звук,translated,src/windows/ui/main-window.ui#actionEffectsShowAudio.text; src/windows/ui/main-window.ui#actionEffectsShowAudio.toolTip; src/windows/ui/main-window.ui#actionFilesShowAudio.text; src/windows/ui/main-window.ui#actionFilesShowAudio.toolTip
ru,ru,Audio Levels,Уровни звука,translated,src/windows/main_window.py:5454
ru,ru,Caption Toolbar,Панель инструментов субтитров,translated,src/windows/main_window.py:4254
ru,ru,Captions,Субтитры,translated,src/windows/ui/main-window.ui#dockCaptionEditor.windowTitle
ru,ru,Center on Playhead,Центрировать по позиции воспроизведения,translated,src/windows/ui/main-window.ui#actionCenterOnPlayhead.text
ru,ru,Center the timeline on the Playhead,Центрировать шкалу времени по позиции воспроизведения,translated,src/windows/ui/main-window.ui#actionCenterOnPlayhead.toolTip
ru,ru,Choose Profile,Выбрать профиль,translated,src/windows/ui/main-window.ui#actionProfile.text; src/windows/ui/main-window.ui#actionProfile.toolTip
ru,ru,Clear,Очистить,translated,src/windows/ui/main-window.ui#menuClear.title
ru,ru,Click: center · Drag: zoom,Щелчок: центрировать · Перетаскивание: масштабировать,translated,src/windows/views/zoom_slider.py:826
ru,ru,Clip,Клип,translated,src/windows/views/timeline_backend/qwidget/base.py:2867
ru,ru,Clip: %s,Клип: %s,translated,src/windows/views/timeline_backend/qwidget/base.py:2868
ru,ru,Color View,Цветовой просмотр,translated,src/windows/main_window.py:5352; src/windows/ui/main-window.ui#actionColor_Grade_View.text
ru,ru,Common,Общие,translated,src/windows/ui/main-window.ui#actionTransitionsShowCommon.text; src/windows/ui/main-window.ui#actionTransitionsShowCommon.toolTip
ru,ru,Contents,Содержание,translated,src/windows/ui/main-window.ui#actionHelpContents.text
ru,ru,Disable Razor,Отключить бритву,translated,src/windows/main_window.py:2095; src/windows/main_window.py:2096
ru,ru,Disable Snapping,Выключить привязку,translated,src/windows/main_window.py:2081; src/windows/main_window.py:2082; src/windows/ui/main-window.ui#actionSnappingTool.text; src/windows/ui/main-window.ui#actionSnappingTool.toolTip
ru,ru,Disable Timing,Отключить тайминг,translated,src/windows/main_window.py:2109; src/windows/main_window.py:2110
ru,ru,Docks,Панели,translated,src/windows/main_window.py:3183
ru,ru,Donate,Помочь проекту,translated,src/windows/ui/main-window.ui#actionDonate.text
ru,ru,Effect,Эффект,translated,src/windows/views/timeline_backend/qwidget/base.py:2849
ru,ru,Effect: %s,Эффект: %s,translated,src/windows/views/timeline_backend/qwidget/base.py:2848
ru,ru,Effects,Эффекты,translated,src/windows/ui/main-window.ui#dockEffects.windowTitle
ru,ru,Emojis,Эмодзи,translated,src/windows/ui/main-window.ui#dockEmojis.windowTitle
ru,ru,Enable Razor,Включить бритву,translated,src/windows/main_window.py:2098; src/windows/main_window.py:2099; src/windows/ui/main-window.ui#actionRazorTool.text; src/windows/ui/main-window.ui#actionRazorTool.toolTip
ru,ru,Enable Snapping,Включить привязку,translated,src/windows/main_window.py:2084; src/windows/main_window.py:2085
ru,ru,Enable Timing,Включить тайминг,translated,src/windows/main_window.py:2112; src/windows/main_window.py:2113; src/windows/ui/main-window.ui#actionTimingTool.text; src/windows/ui/main-window.ui#actionTimingTool.toolTip
ru,ru,Enter caption text...,Введите текст субтитра...,translated,src/windows/main_window.py:3659
ru,ru,Export Project,Экспортировать проект,translated,src/windows/ui/main-window.ui#menuExport.title
ru,ru,Export Video,Экспортировать видео,translated,src/windows/ui/main-window.ui#actionExportVideo.text; src/windows/ui/main-window.ui#actionExportVideo.toolTip
ru,ru,Fast Forward,Перемотать вперёд,translated,src/windows/ui/main-window.ui#actionFastForward.text; src/windows/ui/main-window.ui#actionFastForward.toolTip
ru,ru,Filter,Фильтр,translated,src/windows/main_window.py:4191; src/windows/main_window.py:4208; src/windows/main_window.py:4227; src/windows/main_window.py:4238; src/windows/main_window.py:5483; src/windows/ui/main-window.ui#txtPropertyFilter.placeholderText
ru,ru,Fullscreen,Во весь экран,translated,src/windows/ui/main-window.ui#actionFullscreen.text; src/windows/ui/main-window.ui#actionFullscreen.toolTip
ru,ru,Help,Справка,translated,src/windows/ui/main-window.ui#menuHelp.title
ru,ru,Hide keyframes,Скрыть ключевые кадры,translated,src/windows/views/timeline_backend/qwidget/base.py:2832
ru,ru,Histogram,Гистограмма,translated,src/windows/main_window.py:5434
ru,ru,Image,Изображение,translated,src/windows/ui/main-window.ui#actionFilesShowImage.text; src/windows/ui/main-window.ui#actionFilesShowImage.toolTip
ru,ru,Import Files,Импортировать файлы,translated,src/windows/ui/main-window.ui#actionImportFiles.toolTip
ru,ru,Import Files...,Импортировать файлы...,translated,src/windows/ui/main-window.ui#actionImportFiles.text
ru,ru,Import Project,Импортировать проект,translated,src/windows/ui/main-window.ui#menuImport_Project.title
ru,ru,Insert Caption,Вставить субтитр,translated,src/windows/ui/main-window.ui#actionInsertTimestamp.text; src/windows/ui/main-window.ui#actionInsertTimestamp.toolTip
ru,ru,Join our Community...,Присоединиться к сообществу...,translated,src/windows/ui/main-window.ui#actionDiscord.text
ru,ru,Jump To End,Перейти в конец,translated,src/windows/ui/main-window.ui#actionJumpEnd.text; src/windows/ui/main-window.ui#actionJumpEnd.toolTip
ru,ru,Jump To Start,Перейти в начало,translated,src/windows/ui/main-window.ui#actionJumpStart.text; src/windows/ui/main-window.ui#actionJumpStart.toolTip
ru,ru,Launch Tutorial,Запустить Обучение,translated,src/windows/ui/main-window.ui#actionTutorial.toolTip
ru,ru,Lock track,Заблокировать дорожку,translated,src/windows/views/timeline_backend/qwidget/base.py:2828
ru,ru,Luma Waveform,Люминансная форма волны,translated,src/windows/main_window.py:5424
ru,ru,My Views,Мои виды,translated,src/windows/main_window.py:3167
ru,ru,Name,Название,translated,src/windows/models/files_model.py:337
ru,ru,New Project,Новый проект,translated,src/windows/ui/main-window.ui#actionNew.text; src/windows/ui/main-window.ui#actionNew.toolTip
ru,ru,Next Marker,Следующий маркер,translated,src/windows/ui/main-window.ui#actionNextMarker.text; src/windows/ui/main-window.ui#actionNextMarker.toolTip
ru,ru,Open Help Contents,Открыть содержание справки,translated,src/windows/ui/main-window.ui#actionHelpContents.toolTip
ru,ru,Open Project,Открыть проект,translated,src/windows/ui/main-window.ui#actionOpen.toolTip
ru,ru,Open Project...,Открыть проект...,translated,src/windows/ui/main-window.ui#actionOpen.text
ru,ru,Pan timeline,Переместить шкалу времени,translated,src/windows/views/zoom_slider.py:825
ru,ru,Pause,Пауза,translated,src/themes/base.py:480
ru,ru,Play,Воспроизведение,translated,src/themes/base.py:480; src/windows/ui/main-window.ui#actionPlay.text; src/windows/ui/main-window.ui#actionPlay.toolTip
ru,ru,Preferences,Параметры,translated,src/windows/ui/main-window.ui#actionPreferences.toolTip
ru,ru,Previous Marker,Предыдущий маркер,translated,src/windows/ui/main-window.ui#actionPreviousMarker.text; src/windows/ui/main-window.ui#actionPreviousMarker.toolTip
ru,ru,Project Files,Файлы проекта,translated,src/windows/ui/main-window.ui#dockFiles.windowTitle
ru,ru,Properties,Свойства,translated,src/windows/ui/main-window.ui#dockProperties.windowTitle
ru,ru,Property,Свойство,translated,src/windows/models/properties_model.py:1666; src/windows/models/properties_model.py:1689
ru,ru,Quit,Выход,translated,src/windows/ui/main-window.ui#actionQuit.toolTip
ru,ru,Recent Projects,Недавние проекты,translated,src/windows/main_window.py:3989
ru,ru,Recording,Запись,translated,src/windows/main_window.py:5463
ru,ru,Recording View,Вид записи,translated,src/windows/main_window.py:3175
ru,ru,Recovery,Восстановление,translated,src/windows/main_window.py:4065
ru,ru,Redo,Вернуть,translated,src/windows/ui/main-window.ui#actionRedo.text; src/windows/ui/main-window.ui#actionRedo.toolTip
ru,ru,Report a Bug...,Сообщить об ошибке...,translated,src/windows/ui/main-window.ui#actionReportBug.text
ru,ru,Rewind,Перемотать назад,translated,src/windows/ui/main-window.ui#actionRewind.text; src/windows/ui/main-window.ui#actionRewind.toolTip
ru,ru,Save Current Frame,Сохранить текущий кадр,translated,src/windows/ui/main-window.ui#actionSaveFrame.text; src/windows/ui/main-window.ui#actionSaveFrame.toolTip
ru,ru,Save Project,Сохранить проект,translated,src/windows/ui/main-window.ui#actionSave.text; src/windows/ui/main-window.ui#actionSave.toolTip
ru,ru,Save Project As...,Сохранить проект как...,translated,src/windows/ui/main-window.ui#actionSaveAs.text; src/windows/ui/main-window.ui#actionSaveAs.toolTip
ru,ru,Scopes,Скопы,translated,src/windows/main_window.py:3186
ru,ru,Show All,Показать всё,translated,src/windows/ui/main-window.ui#actionEffectsShowAll.text; src/windows/ui/main-window.ui#actionEffectsShowAll.toolTip; src/windows/ui/main-window.ui#actionFilesShowAll.text; src/windows/ui/main-window.ui#actionFilesShowAll.toolTip; src/windows/ui/main-window.ui#actionTransitionsShowAll.text; src/windows/ui/main-window.ui#actionTransitionsShowAll.toolTip
ru,ru,Show keyframes,Показать ключевые кадры,translated,src/windows/views/timeline_backend/qwidget/base.py:2832
ru,ru,Simple View,Обычный просмотр,translated,src/windows/ui/main-window.ui#actionSimple_View.text
ru,ru,Tags,Теги,translated,src/windows/models/files_model.py:337
ru,ru,Thumb,Эскиз,translated,src/windows/models/files_model.py:337
ru,ru,Timeline,Шкала времени,translated,src/windows/ui/main-window.ui#dockTimeline.windowTitle
ru,ru,Title,Титры,translated,src/windows/ui/main-window.ui#actionTitle.text; src/windows/ui/main-window.ui#actionTitle.toolTip; src/windows/ui/main-window.ui#menuTitle.title
ru,ru,Toolbar,Панель инструментов,translated,src/windows/ui/main-window.ui#toolBar.windowTitle
ru,ru,Track %s,Дорожка %s,translated,src/windows/views/timeline_backend/qwidget/track.py:330
ru,ru,Transition,Переход,translated,src/windows/views/timeline_backend/qwidget/base.py:2856
ru,ru,Transition: %s,Переход: %s,translated,src/windows/views/timeline_backend/qwidget/base.py:2855
ru,ru,Transitions,Переходы,translated,src/windows/ui/main-window.ui#dockTransitions.windowTitle
ru,ru,Translate this Application...,Перевести это приложение…,translated,src/windows/ui/main-window.ui#actionTranslate.text
ru,ru,Tutorial,Обучение,translated,src/windows/ui/main-window.ui#actionTutorial.text; src/windows/ui/main-window.ui#dockTutorial.windowTitle
ru,ru,Undo,Отмена,translated,src/windows/ui/main-window.ui#actionUndo.text; src/windows/ui/main-window.ui#actionUndo.toolTip
ru,ru,Unlock track,Разблокировать дорожку,translated,src/windows/views/timeline_backend/qwidget/base.py:2828
ru,ru,Untitled Project,Безымянный проект,translated,src/windows/main_window.py:3787; src/windows/main_window.py:879; src/windows/main_window.py:944
ru,ru,Update Available,Доступно обновление,translated,src/windows/ui/main-window.ui#actionUpdate.text; src/windows/ui/main-window.ui#actionUpdate.toolTip
ru,ru,Value,Значение,translated,src/windows/models/properties_model.py:1666; src/windows/models/properties_model.py:1689
ru,ru,Vectorscope,Вектороскоп,translated,src/windows/main_window.py:5445
ru,ru,Video,Видео,translated,src/windows/ui/main-window.ui#actionEffectsShowVideo.text; src/windows/ui/main-window.ui#actionEffectsShowVideo.toolTip; src/windows/ui/main-window.ui#actionFilesShowVideo.text; src/windows/ui/main-window.ui#actionFilesShowVideo.toolTip
ru,ru,Video Preview,Предпросмотр видео,translated,src/windows/ui/main-window.ui#dockVideo.windowTitle
ru,ru,View,Вид,translated,src/windows/ui/main-window.ui#menuView.title
ru,ru,Window,Окно,translated,src/windows/ui/main-window.ui#menuWindow.title
ru,ru,Zoom left edge,Масштабировать левый край,translated,src/windows/views/zoom_slider.py:823
ru,ru,Zoom right edge,Масштабировать правый край,translated,src/windows/views/zoom_slider.py:824
es,es,&Edit,&Editar,translated,src/windows/ui/main-window.ui#menu_Edit.title
es,es,&File,&Archivo,translated,src/windows/ui/main-window.ui#menuFile.title
es,es,&Preferences,&Preferencias,translated,src/windows/ui/main-window.ui#actionPreferences.text
es,es,&Quit,&Salir,translated,src/windows/ui/main-window.ui#actionQuit.text
es,es,About OpenShot,Acerca de OpenShot,translated,src/windows/ui/main-window.ui#actionAbout.text; src/windows/ui/main-window.ui#actionAbout.toolTip
es,es,Add Marker,Añadir marcador,translated,src/windows/ui/main-window.ui#actionAddMarker.text; src/windows/ui/main-window.ui#actionAddMarker.toolTip
es,es,Add Track,Añadir pista,translated,src/windows/ui/main-window.ui#actionAddTrack.text; src/windows/ui/main-window.ui#actionAddTrack.toolTip
es,es,Animated Title,Título animado,translated,src/windows/ui/main-window.ui#actionAnimatedTitle.text; src/windows/ui/main-window.ui#actionAnimatedTitle.toolTip
es,es,Ask a Question...,Hacer una pregunta...,translated,src/windows/ui/main-window.ui#actionAskQuestion.text
es,es,Audio,Audio,same-as-source,src/windows/ui/main-window.ui#actionEffectsShowAudio.text; src/windows/ui/main-window.ui#actionEffectsShowAudio.toolTip; src/windows/ui/main-window.ui#actionFilesShowAudio.text; src/windows/ui/main-window.ui#actionFilesShowAudio.toolTip
es,es,Audio Levels,Niveles de Audio,translated,src/windows/main_window.py:5454
es,es,Caption Toolbar,Barra de herramientas de Subtítulos,translated,src/windows/main_window.py:4254
es,es,Captions,Subtítulos,translated,src/windows/ui/main-window.ui#dockCaptionEditor.windowTitle
es,es,Center on Playhead,Centrar en el cabezal de reproducción,translated,src/windows/ui/main-window.ui#actionCenterOnPlayhead.text
es,es,Center the timeline on the Playhead,Centrar la línea de tiempo en el cabezal de reproducción,translated,src/windows/ui/main-window.ui#actionCenterOnPlayhead.toolTip
es,es,Choose Profile,Elegir perfil,translated,src/windows/ui/main-window.ui#actionProfile.text; src/windows/ui/main-window.ui#actionProfile.toolTip
es,es,Clear,Vaciar,translated,src/windows/ui/main-window.ui#menuClear.title
es,es,Click: center · Drag: zoom,Clic: centrar · Arrastrar: zoom,translated,src/windows/views/zoom_slider.py:826
es,es,Clip,Clip,same-as-source,src/windows/views/timeline_backend/qwidget/base.py:2867
es,es,Clip: %s,Clip: %s,same-as-source,src/windows/views/timeline_backend/qwidget/base.py:2868
es,es,Color View,Vista de color,translated,src/windows/main_window.py:5352; src/windows/ui/main-window.ui#actionColor_Grade_View.text
es,es,Common,Común,translated,src/windows/ui/main-window.ui#actionTransitionsShowCommon.text; src/windows/ui/main-window.ui#actionTransitionsShowCommon.toolTip
es,es,Contents,Contenido,translated,src/windows/ui/main-window.ui#actionHelpContents.text
es,es,Disable Razor,Desactivar la navaja,translated,src/windows/main_window.py:2095; src/windows/main_window.py:2096
es,es,Disable Snapping,Desactivar ajuste,translated,src/windows/main_window.py:2081; src/windows/main_window.py:2082; src/windows/ui/main-window.ui#actionSnappingTool.text; src/windows/ui/main-window.ui#actionSnappingTool.toolTip
es,es,Disable Timing,Desactivar temporización,translated,src/windows/main_window.py:2109; src/windows/main_window.py:2110
es,es,Docks,Paneles,translated,src/windows/main_window.py:3183
es,es,Donate,Hacer una donación,translated,src/windows/ui/main-window.ui#actionDonate.text
es,es,Effect,Efecto,translated,src/windows/views/timeline_backend/qwidget/base.py:2849
es,es,Effect: %s,Efecto: %s,translated,src/windows/views/timeline_backend/qwidget/base.py:2848
es,es,Effects,Efectos,translated,src/windows/ui/main-window.ui#dockEffects.windowTitle
es,es,Emojis,Emojis,same-as-source,src/windows/ui/main-window.ui#dockEmojis.windowTitle
es,es,Enable Razor,Activar la navaja,translated,src/windows/main_window.py:2098; src/windows/main_window.py:2099; src/windows/ui/main-window.ui#actionRazorTool.text; src/windows/ui/main-window.ui#actionRazorTool.toolTip
es,es,Enable Snapping,Activar ajuste,translated,src/windows/main_window.py:2084; src/windows/main_window.py:2085
es,es,Enable Timing,Activar temporización,translated,src/windows/main_window.py:2112; src/windows/main_window.py:2113; src/windows/ui/main-window.ui#actionTimingTool.text; src/windows/ui/main-window.ui#actionTimingTool.toolTip
es,es,Enter caption text...,Ingrese el texto del subtítulo...,translated,src/windows/main_window.py:3659
es,es,Export Project,Exportar Proyecto,translated,src/windows/ui/main-window.ui#menuExport.title
es,es,Export Video,Exportar vídeo,translated,src/windows/ui/main-window.ui#actionExportVideo.text; src/windows/ui/main-window.ui#actionExportVideo.toolTip
es,es,Fast Forward,Avance Rápido,translated,src/windows/ui/main-window.ui#actionFastForward.text; src/windows/ui/main-window.ui#actionFastForward.toolTip
es,es,Filter,Filtro,translated,src/windows/main_window.py:4191; src/windows/main_window.py:4208; src/windows/main_window.py:4227; src/windows/main_window.py:4238; src/windows/main_window.py:5483; src/windows/ui/main-window.ui#txtPropertyFilter.placeholderText
es,es,Fullscreen,Pantalla completa,translated,src/windows/ui/main-window.ui#actionFullscreen.text; src/windows/ui/main-window.ui#actionFullscreen.toolTip
es,es,Help,Ayuda,translated,src/windows/ui/main-window.ui#menuHelp.title
es,es,Hide keyframes,Ocultar fotogramas clave,translated,src/windows/views/timeline_backend/qwidget/base.py:2832
es,es,Histogram,Histograma,translated,src/windows/main_window.py:5434
es,es,Image,Imagen,translated,src/windows/ui/main-window.ui#actionFilesShowImage.text; src/windows/ui/main-window.ui#actionFilesShowImage.toolTip
es,es,Import Files,Importar archivos,translated,src/windows/ui/main-window.ui#actionImportFiles.toolTip
es,es,Import Files...,Importar archivos…,translated,src/windows/ui/main-window.ui#actionImportFiles.text
es,es,Import Project,Importar Proyecto,translated,src/windows/ui/main-window.ui#menuImport_Project.title
es,es,Insert Caption,Insertar subtítulo,translated,src/windows/ui/main-window.ui#actionInsertTimestamp.text; src/windows/ui/main-window.ui#actionInsertTimestamp.toolTip
es,es,Join our Community...,Unirse a nuestra comunidad...,translated,src/windows/ui/main-window.ui#actionDiscord.text
es,es,Jump To End,Ir al Final,translated,src/windows/ui/main-window.ui#actionJumpEnd.text; src/windows/ui/main-window.ui#actionJumpEnd.toolTip
es,es,Jump To Start,Ir al Principio,translated,src/windows/ui/main-window.ui#actionJumpStart.text; src/windows/ui/main-window.ui#actionJumpStart.toolTip
es,es,Launch Tutorial,Lanzar el tutorial,translated,src/windows/ui/main-window.ui#actionTutorial.toolTip
es,es,Lock track,Bloquear pista,translated,src/windows/views/timeline_backend/qwidget/base.py:2828
es,es,Luma Waveform,Forma de Onda de Luma,translated,src/windows/main_window.py:5424
es,es,My Views,Mis Vistas,translated,src/windows/main_window.py:3167
es,es,Name,Nombre,translated,src/windows/models/files_model.py:337
es,es,New Project,Proyecto nuevo,translated,src/windows/ui/main-window.ui#actionNew.text; src/windows/ui/main-window.ui#actionNew.toolTip
es,es,Next Marker,Marcador siguiente,translated,src/windows/ui/main-window.ui#actionNextMarker.text; src/windows/ui/main-window.ui#actionNextMarker.toolTip
es,es,Open Help Contents,Abrir contenidos de ayuda,translated,src/windows/ui/main-window.ui#actionHelpContents.toolTip
es,es,Open Project,Abrir proyecto,translated,src/windows/ui/main-window.ui#actionOpen.toolTip
es,es,Open Project...,Abrir proyecto…,translated,src/windows/ui/main-window.ui#actionOpen.text
es,es,Pan timeline,Desplazar línea de tiempo,translated,src/windows/views/zoom_slider.py:825
es,es,Pause,Pausa,translated,src/themes/base.py:480
es,es,Play,Reproducir,translated,src/themes/base.py:480; src/windows/ui/main-window.ui#actionPlay.text; src/windows/ui/main-window.ui#actionPlay.toolTip
es,es,Preferences,Preferencias,translated,src/windows/ui/main-window.ui#actionPreferences.toolTip
es,es,Previous Marker,Marcador anterior,translated,src/windows/ui/main-window.ui#actionPreviousMarker.text; src/windows/ui/main-window.ui#actionPreviousMarker.toolTip
es,es,Project Files,Archivos del proyecto,translated,src/windows/ui/main-window.ui#dockFiles.windowTitle
es,es,Properties,Propiedades,translated,src/windows/ui/main-window.ui#dockProperties.windowTitle
es,es,Property,Propiedad,translated,src/windows/models/properties_model.py:1666; src/windows/models/properties_model.py:1689
es,es,Quit,Salir,translated,src/windows/ui/main-window.ui#actionQuit.toolTip
es,es,Recent Projects,Proyectos recientes,translated,src/windows/main_window.py:3989
es,es,Recording,Grabación,translated,src/windows/main_window.py:5463
es,es,Recording View,Vista de Grabación,translated,src/windows/main_window.py:3175
es,es,Recovery,Recuperación,translated,src/windows/main_window.py:4065
es,es,Redo,Rehacer,translated,src/windows/ui/main-window.ui#actionRedo.text; src/windows/ui/main-window.ui#actionRedo.toolTip
es,es,Report a Bug...,Informar de un error…,translated,src/windows/ui/main-window.ui#actionReportBug.text
es,es,Rewind,Retroceder,translated,src/windows/ui/main-window.ui#actionRewind.text; src/windows/ui/main-window.ui#actionRewind.toolTip
es,es,Save Current Frame,Guardar fotograma actual,translated,src/windows/ui/main-window.ui#actionSaveFrame.text; src/windows/ui/main-window.ui#actionSaveFrame.toolTip
es,es,Save Project,Guardar proyecto,translated,src/windows/ui/main-window.ui#actionSave.text; src/windows/ui/main-window.ui#actionSave.toolTip
es,es,Save Project As...,Guardar proyecto como…,translated,src/windows/ui/main-window.ui#actionSaveAs.text; src/windows/ui/main-window.ui#actionSaveAs.toolTip
es,es,Scopes,Ámbitos,translated,src/windows/main_window.py:3186
es,es,Show All,Mostrar todo,translated,src/windows/ui/main-window.ui#actionEffectsShowAll.text; src/windows/ui/main-window.ui#actionEffectsShowAll.toolTip; src/windows/ui/main-window.ui#actionFilesShowAll.text; src/windows/ui/main-window.ui#actionFilesShowAll.toolTip; src/windows/ui/main-window.ui#actionTransitionsShowAll.text; src/windows/ui/main-window.ui#actionTransitionsShowAll.toolTip
es,es,Show keyframes,Mostrar fotogramas clave,translated,src/windows/views/timeline_backend/qwidget/base.py:2832
es,es,Simple View,Vista sencilla,translated,src/windows/ui/main-window.ui#actionSimple_View.text
es,es,Tags,Etiquetas,translated,src/windows/models/files_model.py:337
es,es,Thumb,Miniatura,translated,src/windows/models/files_model.py:337
es,es,Timeline,Línea de tiempo,translated,src/windows/ui/main-window.ui#dockTimeline.windowTitle
es,es,Title,Título,translated,src/windows/ui/main-window.ui#actionTitle.text; src/windows/ui/main-window.ui#actionTitle.toolTip; src/windows/ui/main-window.ui#menuTitle.title
es,es,Toolbar,Barra de herramientas,translated,src/windows/ui/main-window.ui#toolBar.windowTitle
es,es,Track %s,Pista %s,translated,src/windows/views/timeline_backend/qwidget/track.py:330
es,es,Transition,Transición,translated,src/windows/views/timeline_backend/qwidget/base.py:2856
es,es,Transition: %s,Transición: %s,translated,src/windows/views/timeline_backend/qwidget/base.py:2855
es,es,Transitions,Transiciones,translated,src/windows/ui/main-window.ui#dockTransitions.windowTitle
es,es,Translate this Application...,Traducir esta aplicación…,translated,src/windows/ui/main-window.ui#actionTranslate.text
es,es,Tutorial,Tutorial,same-as-source,src/windows/ui/main-window.ui#actionTutorial.text; src/windows/ui/main-window.ui#dockTutorial.windowTitle
es,es,Undo,Deshacer,translated,src/windows/ui/main-window.ui#actionUndo.text; src/windows/ui/main-window.ui#actionUndo.toolTip
es,es,Unlock track,Desbloquear pista,translated,src/windows/views/timeline_backend/qwidget/base.py:2828
es,es,Untitled Project,Proyecto sin título,translated,src/windows/main_window.py:3787; src/windows/main_window.py:879; src/windows/main_window.py:944
es,es,Update Available,Actualización disponible,translated,src/windows/ui/main-window.ui#actionUpdate.text; src/windows/ui/main-window.ui#actionUpdate.toolTip
es,es,Value,Valor,translated,src/windows/models/properties_model.py:1666; src/windows/models/properties_model.py:1689
es,es,Vectorscope,Vectorscopio,translated,src/windows/main_window.py:5445
es,es,Video,Vídeo,translated,src/windows/ui/main-window.ui#actionEffectsShowVideo.text; src/windows/ui/main-window.ui#actionEffectsShowVideo.toolTip; src/windows/ui/main-window.ui#actionFilesShowVideo.text; src/windows/ui/main-window.ui#actionFilesShowVideo.toolTip
es,es,Video Preview,Vista previa de vídeo,translated,src/windows/ui/main-window.ui#dockVideo.windowTitle
es,es,View,Vista,translated,src/windows/ui/main-window.ui#menuView.title
es,es,Window,Ventana,translated,src/windows/ui/main-window.ui#menuWindow.title
es,es,Zoom left edge,Acercar borde izquierdo,translated,src/windows/views/zoom_slider.py:823
es,es,Zoom right edge,Acercar borde derecho,translated,src/windows/views/zoom_slider.py:824
tr,tr,&Edit,&Düzenle,translated,src/windows/ui/main-window.ui#menu_Edit.title
tr,tr,&File,&Dosya,translated,src/windows/ui/main-window.ui#menuFile.title
tr,tr,&Preferences,&Ayarlar,translated,src/windows/ui/main-window.ui#actionPreferences.text
tr,tr,&Quit,&Çık,translated,src/windows/ui/main-window.ui#actionQuit.text
tr,tr,About OpenShot,OpenShot hakkında,translated,src/windows/ui/main-window.ui#actionAbout.text; src/windows/ui/main-window.ui#actionAbout.toolTip
tr,tr,Add Marker,İşaretçi ekle,translated,src/windows/ui/main-window.ui#actionAddMarker.text; src/windows/ui/main-window.ui#actionAddMarker.toolTip
tr,tr,Add Track,İz ekle,translated,src/windows/ui/main-window.ui#actionAddTrack.text; src/windows/ui/main-window.ui#actionAddTrack.toolTip
tr,tr,Animated Title,Canlandırmalı başlık,translated,src/windows/ui/main-window.ui#actionAnimatedTitle.text; src/windows/ui/main-window.ui#actionAnimatedTitle.toolTip
tr,tr,Ask a Question...,Soru sorun...,translated,src/windows/ui/main-window.ui#actionAskQuestion.text
tr,tr,Audio,Ses,translated,src/windows/ui/main-window.ui#actionEffectsShowAudio.text; src/windows/ui/main-window.ui#actionEffectsShowAudio.toolTip; src/windows/ui/main-window.ui#actionFilesShowAudio.text; src/windows/ui/main-window.ui#actionFilesShowAudio.toolTip
tr,tr,Audio Levels,Ses Düzeyleri,translated,src/windows/main_window.py:5454
tr,tr,Caption Toolbar,Altyazı araç çubuğu,translated,src/windows/main_window.py:4254
tr,tr,Captions,Altyazılar,translated,src/windows/ui/main-window.ui#dockCaptionEditor.windowTitle
tr,tr,Center on Playhead,Oynatma kafasına ortala,translated,src/windows/ui/main-window.ui#actionCenterOnPlayhead.text
tr,tr,Center the timeline on the Playhead,Zaman çizelgesini oynatma kafasına ortala,translated,src/windows/ui/main-window.ui#actionCenterOnPlayhead.toolTip
tr,tr,Choose Profile,Profil seç,translated,src/windows/ui/main-window.ui#actionProfile.text; src/windows/ui/main-window.ui#actionProfile.toolTip
tr,tr,Clear,Temizle,translated,src/windows/ui/main-window.ui#menuClear.title
tr,tr,Click: center · Drag: zoom,Tıklayın: ortala · Sürükleyin: yakınlaştır,translated,src/windows/views/zoom_slider.py:826
tr,tr,Clip,Klip,translated,src/windows/views/timeline_backend/qwidget/base.py:2867
tr,tr,Clip: %s,Klip: %s,translated,src/windows/views/timeline_backend/qwidget/base.py:2868
tr,tr,Color View,Renk Görünümü,translated,src/windows/main_window.py:5352; src/windows/ui/main-window.ui#actionColor_Grade_View.text
tr,tr,Common,Genel,translated,src/windows/ui/main-window.ui#actionTransitionsShowCommon.text; src/windows/ui/main-window.ui#actionTransitionsShowCommon.toolTip
tr,tr,Contents,İçindekiler,translated,src/windows/ui/main-window.ui#actionHelpContents.text
tr,tr,Disable Razor,Jileti Devre Dışı Bırak,translated,src/windows/main_window.py:2095; src/windows/main_window.py:2096
tr,tr,Disable Snapping,Yapışmayı Devre Dışı Bırak,translated,src/windows/main_window.py:2081; src/windows/main_window.py:2082; src/windows/ui/main-window.ui#actionSnappingTool.text; src/windows/ui/main-window.ui#actionSnappingTool.toolTip
tr,tr,Disable Timing,Zamanlamayı Devre Dışı Bırak,translated,src/windows/main_window.py:2109; src/windows/main_window.py:2110
tr,tr,Docks,Paneller,translated,src/windows/main_window.py:3183
tr,tr,Donate,Bağış yapın,translated,src/windows/ui/main-window.ui#actionDonate.text
tr,tr,Effect,Efekt,translated,src/windows/views/timeline_backend/qwidget/base.py:2849
tr,tr,Effect: %s,Efekt: %s,translated,src/windows/views/timeline_backend/qwidget/base.py:2848
tr,tr,Effects,Efektler,translated,src/windows/ui/main-window.ui#dockEffects.windowTitle
tr,tr,Emojis,Emojiler,translated,src/windows/ui/main-window.ui#dockEmojis.windowTitle
tr,tr,Enable Razor,Jileti Etkinleştir,translated,src/windows/main_window.py:2098; src/windows/main_window.py:2099; src/windows/ui/main-window.ui#actionRazorTool.text; src/windows/ui/main-window.ui#actionRazorTool.toolTip
tr,tr,Enable Snapping,Yapışmayı Etkinleştir,translated,src/windows/main_window.py:2084; src/windows/main_window.py:2085
tr,tr,Enable Timing,Zamanlamayı Etkinleştir,translated,src/windows/main_window.py:2112; src/windows/main_window.py:2113; src/windows/ui/main-window.ui#actionTimingTool.text; src/windows/ui/main-window.ui#actionTimingTool.toolTip
tr,tr,Enter caption text...,Altyazı metnini yazın...,translated,src/windows/main_window.py:3659
tr,tr,Export Project,Projeyi dışa aktar,translated,src/windows/ui/main-window.ui#menuExport.title
tr,tr,Export Video,Videoyu Dışa Aktar,translated,src/windows/ui/main-window.ui#actionExportVideo.text; src/windows/ui/main-window.ui#actionExportVideo.toolTip
tr,tr,Fast Forward,Hızlı ilerlet,translated,src/windows/ui/main-window.ui#actionFastForward.text; src/windows/ui/main-window.ui#actionFastForward.toolTip
tr,tr,Filter,Filtre,translated,src/windows/main_window.py:4191; src/windows/main_window.py:4208; src/windows/main_window.py:4227; src/windows/main_window.py:4238; src/windows/main_window.py:5483; src/windows/ui/main-window.ui#txtPropertyFilter.placeholderText
tr,tr,Fullscreen,Tam ekran,translated,src/windows/ui/main-window.ui#actionFullscreen.text; src/windows/ui/main-window.ui#actionFullscreen.toolTip
tr,tr,Help,Yardım,translated,src/windows/ui/main-window.ui#menuHelp.title
tr,tr,Hide keyframes,Anahtar kareleri gizle,translated,src/windows/views/timeline_backend/qwidget/base.py:2832
tr,tr,Histogram,Histogram,same-as-source,src/windows/main_window.py:5434
tr,tr,Image,Görsel,translated,src/windows/ui/main-window.ui#actionFilesShowImage.text; src/windows/ui/main-window.ui#actionFilesShowImage.toolTip
tr,tr,Import Files,Dosyaları içe aktar,translated,src/windows/ui/main-window.ui#actionImportFiles.toolTip
tr,tr,Import Files...,Dosyaları içe aktar...,translated,src/windows/ui/main-window.ui#actionImportFiles.text
tr,tr,Import Project,Projeyi içe aktar,translated,src/windows/ui/main-window.ui#menuImport_Project.title
tr,tr,Insert Caption,Altyazı Ekle,translated,src/windows/ui/main-window.ui#actionInsertTimestamp.text; src/windows/ui/main-window.ui#actionInsertTimestamp.toolTip
tr,tr,Join our Community...,Topluluğumuza katıl...,translated,src/windows/ui/main-window.ui#actionDiscord.text
tr,tr,Jump To End,Bitişe git,translated,src/windows/ui/main-window.ui#actionJumpEnd.text; src/windows/ui/main-window.ui#actionJumpEnd.toolTip
tr,tr,Jump To Start,Başlangıca dön,translated,src/windows/ui/main-window.ui#actionJumpStart.text; src/windows/ui/main-window.ui#actionJumpStart.toolTip
tr,tr,Launch Tutorial,Eğitimi başlat,translated,src/windows/ui/main-window.ui#actionTutorial.toolTip
tr,tr,Lock track,İzi kilitle,translated,src/windows/views/timeline_backend/qwidget/base.py:2828
tr,tr,Luma Waveform,Luma Dalga Formu,translated,src/windows/main_window.py:5424
tr,tr,My Views,Görünümlerim,translated,src/windows/main_window.py:3167
tr,tr,Name,Ad,translated,src/windows/models/files_model.py:337
tr,tr,New Project,Yeni proje,translated,src/windows/ui/main-window.ui#actionNew.text; src/windows/ui/main-window.ui#actionNew.toolTip
tr,tr,Next Marker,Sonraki işaretçi,translated,src/windows/ui/main-window.ui#actionNextMarker.text; src/windows/ui/main-window.ui#actionNextMarker.toolTip
tr,tr,Open Help Contents,Yardım başlıklarını aç,translated,src/windows/ui/main-window.ui#actionHelpContents.toolTip
tr,tr,Open Project,Proje aç,translated,src/windows/ui/main-window.ui#actionOpen.toolTip
tr,tr,Open Project...,Proje aç...,translated,src/windows/ui/main-window.ui#actionOpen.text
tr,tr,Pan timeline,Zaman çizelgesini kaydır,translated,src/windows/views/zoom_slider.py:825
tr,tr,Pause,Duraklat,translated,src/themes/base.py:480
tr,tr,Play,Oynat,translated,src/themes/base.py:480; src/windows/ui/main-window.ui#actionPlay.text; src/windows/ui/main-window.ui#actionPlay.toolTip
tr,tr,Preferences,Ayarlar,translated,src/windows/ui/main-window.ui#actionPreferences.toolTip
tr,tr,Previous Marker,Önceki işaretçi,translated,src/windows/ui/main-window.ui#actionPreviousMarker.text; src/windows/ui/main-window.ui#actionPreviousMarker.toolTip
tr,tr,Project Files,Proje dosyaları,translated,src/windows/ui/main-window.ui#dockFiles.windowTitle
tr,tr,Properties,Özellikler,translated,src/windows/ui/main-window.ui#dockProperties.windowTitle
tr,tr,Property,Özellik,translated,src/windows/models/properties_model.py:1666; src/windows/models/properties_model.py:1689
tr,tr,Quit,Çık,translated,src/windows/ui/main-window.ui#actionQuit.toolTip
tr,tr,Recent Projects,Son kullanılan projeler,translated,src/windows/main_window.py:3989
tr,tr,Recording,Kayıt,translated,src/windows/main_window.py:5463
tr,tr,Recording View,Kayıt Görünümü,translated,src/windows/main_window.py:3175
tr,tr,Recovery,Kurtarma,translated,src/windows/main_window.py:4065
tr,tr,Redo,Yinele,translated,src/windows/ui/main-window.ui#actionRedo.text; src/windows/ui/main-window.ui#actionRedo.toolTip
tr,tr,Report a Bug...,Sorun bildirin...,translated,src/windows/ui/main-window.ui#actionReportBug.text
tr,tr,Rewind,Geri sar,translated,src/windows/ui/main-window.ui#actionRewind.text; src/windows/ui/main-window.ui#actionRewind.toolTip
tr,tr,Save Current Frame,Geçerli kareyi kaydet,translated,src/windows/ui/main-window.ui#actionSaveFrame.text; src/windows/ui/main-window.ui#actionSaveFrame.toolTip
tr,tr,Save Project,Projeyi kaydet,translated,src/windows/ui/main-window.ui#actionSave.text; src/windows/ui/main-window.ui#actionSave.toolTip
tr,tr,Save Project As...,Projeyi farklı kaydet...,translated,src/windows/ui/main-window.ui#actionSaveAs.text; src/windows/ui/main-window.ui#actionSaveAs.toolTip
tr,tr,Scopes,Ölçümler,translated,src/windows/main_window.py:3186
tr,tr,Show All,Tümünü Göster,translated,src/windows/ui/main-window.ui#actionEffectsShowAll.text; src/windows/ui/main-window.ui#actionEffectsShowAll.toolTip; src/windows/ui/main-window.ui#actionFilesShowAll.text; src/windows/ui/main-window.ui#actionFilesShowAll.toolTip; src/windows/ui/main-window.ui#actionTransitionsShowAll.text; src/windows/ui/main-window.ui#actionTransitionsShowAll.toolTip
tr,tr,Show keyframes,Anahtar kareleri göster,translated,src/windows/views/timeline_backend/qwidget/base.py:2832
tr,tr,Simple View,Basit görünüm,translated,src/windows/ui/main-window.ui#actionSimple_View.text
tr,tr,Tags,Etiketler,translated,src/windows/models/files_model.py:337
tr,tr,Thumb,Küçük Resim,translated,src/windows/models/files_model.py:337
tr,tr,Timeline,Zaman çizelgesi,translated,src/windows/ui/main-window.ui#dockTimeline.windowTitle
tr,tr,Title,Başlık,translated,src/windows/ui/main-window.ui#actionTitle.text; src/windows/ui/main-window.ui#actionTitle.toolTip; src/windows/ui/main-window.ui#menuTitle.title
tr,tr,Toolbar,Araç çubuğu,translated,src/windows/ui/main-window.ui#toolBar.windowTitle
tr,tr,Track %s,İz %s,translated,src/windows/views/timeline_backend/qwidget/track.py:330
tr,tr,Transition,Geçiş,translated,src/windows/views/timeline_backend/qwidget/base.py:2856
tr,tr,Transition: %s,Geçiş: %s,translated,src/windows/views/timeline_backend/qwidget/base.py:2855
tr,tr,Transitions,Geçişler,translated,src/windows/ui/main-window.ui#dockTransitions.windowTitle
tr,tr,Translate this Application...,Uygulamayı çevirin...,translated,src/windows/ui/main-window.ui#actionTranslate.text
tr,tr,Tutorial,Eğitim,translated,src/windows/ui/main-window.ui#actionTutorial.text; src/windows/ui/main-window.ui#dockTutorial.windowTitle
tr,tr,Undo,Geri al,translated,src/windows/ui/main-window.ui#actionUndo.text; src/windows/ui/main-window.ui#actionUndo.toolTip
tr,tr,Unlock track,İzin kilidini aç,translated,src/windows/views/timeline_backend/qwidget/base.py:2828
tr,tr,Untitled Project,Başlıksız Proje,translated,src/windows/main_window.py:3787; src/windows/main_window.py:879; src/windows/main_window.py:944
tr,tr,Update Available,Güncelleme Mevcut,translated,src/windows/ui/main-window.ui#actionUpdate.text; src/windows/ui/main-window.ui#actionUpdate.toolTip
tr,tr,Value,Değer,translated,src/windows/models/properties_model.py:1666; src/windows/models/properties_model.py:1689
tr,tr,Vectorscope,Vektörskop,translated,src/windows/main_window.py:5445
tr,tr,Video,Video,same-as-source,src/windows/ui/main-window.ui#actionEffectsShowVideo.text; src/windows/ui/main-window.ui#actionEffectsShowVideo.toolTip; src/windows/ui/main-window.ui#actionFilesShowVideo.text; src/windows/ui/main-window.ui#actionFilesShowVideo.toolTip
tr,tr,Video Preview,Video ön izlemesi,translated,src/windows/ui/main-window.ui#dockVideo.windowTitle
tr,tr,View,Görünüm,translated,src/windows/ui/main-window.ui#menuView.title
tr,tr,Window,Pencere,translated,src/windows/ui/main-window.ui#menuWindow.title
tr,tr,Zoom left edge,Sol kenarı yakınlaştır,translated,src/windows/views/zoom_slider.py:823
tr,tr,Zoom right edge,Sağ kenarı yakınlaştır,translated,src/windows/views/zoom_slider.py:824
vi,vi,&Edit,&Chỉnh sửa,translated,src/windows/ui/main-window.ui#menu_Edit.title
vi,vi,&File,&Tệp,translated,src/windows/ui/main-window.ui#menuFile.title
vi,vi,&Preferences,&Các tuỳ chỉnh,translated,src/windows/ui/main-window.ui#actionPreferences.text
vi,vi,&Quit,&Thoát,translated,src/windows/ui/main-window.ui#actionQuit.text
vi,vi,About OpenShot,Giới thiệu về Openshot,translated,src/windows/ui/main-window.ui#actionAbout.text; src/windows/ui/main-window.ui#actionAbout.toolTip
vi,vi,Add Marker,Thêm điểm đánh dấu,translated,src/windows/ui/main-window.ui#actionAddMarker.text; src/windows/ui/main-window.ui#actionAddMarker.toolTip
vi,vi,Add Track,Thêm rãnh,translated,src/windows/ui/main-window.ui#actionAddTrack.text; src/windows/ui/main-window.ui#actionAddTrack.toolTip
vi,vi,Animated Title,Tiêu đề hoạt hoạ,translated,src/windows/ui/main-window.ui#actionAnimatedTitle.text; src/windows/ui/main-window.ui#actionAnimatedTitle.toolTip
vi,vi,Ask a Question...,Đặt một câu hỏi...,translated,src/windows/ui/main-window.ui#actionAskQuestion.text
vi,vi,Audio,Âm thanh,translated,src/windows/ui/main-window.ui#actionEffectsShowAudio.text; src/windows/ui/main-window.ui#actionEffectsShowAudio.toolTip; src/windows/ui/main-window.ui#actionFilesShowAudio.text; src/windows/ui/main-window.ui#actionFilesShowAudio.toolTip
vi,vi,Audio Levels,Mức âm thanh,translated,src/windows/main_window.py:5454
vi,vi,Caption Toolbar,Thanh công cụ của phụ đề,translated,src/windows/main_window.py:4254
vi,vi,Captions,Phụ đề,translated,src/windows/ui/main-window.ui#dockCaptionEditor.windowTitle
vi,vi,Center on Playhead,Căn giữa trên Playhead,translated,src/windows/ui/main-window.ui#actionCenterOnPlayhead.text
vi,vi,Center the timeline on the Playhead,Căn giữa dòng thời gian trên Playhead,translated,src/windows/ui/main-window.ui#actionCenterOnPlayhead.toolTip
vi,vi,Choose Profile,Chọn hồ sơ,translated,src/windows/ui/main-window.ui#actionProfile.text; src/windows/ui/main-window.ui#actionProfile.toolTip
vi,vi,Clear,Xóa sạch,translated,src/windows/ui/main-window.ui#menuClear.title
vi,vi,Click: center · Drag: zoom,Nhấp: căn giữa · Kéo: phóng to,translated,src/windows/views/zoom_slider.py:826
vi,vi,Clip,Clip,same-as-source,src/windows/views/timeline_backend/qwidget/base.py:2867
vi,vi,Clip: %s,Clip: %s,same-as-source,src/windows/views/timeline_backend/qwidget/base.py:2868
vi,vi,Color View,Chế độ xem màu,translated,src/windows/main_window.py:5352; src/windows/ui/main-window.ui#actionColor_Grade_View.text
vi,vi,Common,Phổ biến,translated,src/windows/ui/main-window.ui#actionTransitionsShowCommon.text; src/windows/ui/main-window.ui#actionTransitionsShowCommon.toolTip
vi,vi,Contents,Nội dung,translated,src/windows/ui/main-window.ui#actionHelpContents.text
vi,vi,Disable Razor,Tắt lưỡi dao,translated,src/windows/main_window.py:2095; src/windows/main_window.py:2096
vi,vi,Disable Snapping,Tắt bám dính,translated,src/windows/main_window.py:2081; src/windows/main_window.py:2082; src/windows/ui/main-window.ui#actionSnappingTool.text; src/windows/ui/main-window.ui#actionSnappingTool.toolTip
vi,vi,Disable Timing,Tắt công cụ đổi tốc độ,translated,src/windows/main_window.py:2109; src/windows/main_window.py:2110
vi,vi,Docks,Docks,same-as-source,src/windows/main_window.py:3183
vi,vi,Donate,Đóng góp,translated,src/windows/ui/main-window.ui#actionDonate.text
vi,vi,Effect,Hiệu ứng,translated,src/windows/views/timeline_backend/qwidget/base.py:2849
vi,vi,Effect: %s,Hiệu ứng: %s,translated,src/windows/views/timeline_backend/qwidget/base.py:2848
vi,vi,Effects,Hiệu ứng,translated,src/windows/ui/main-window.ui#dockEffects.windowTitle
vi,vi,Emojis,Biểu tượng cảm xúc,translated,src/windows/ui/main-window.ui#dockEmojis.windowTitle
vi,vi,Enable Razor,Bật lưỡi dao,translated,src/windows/main_window.py:2098; src/windows/main_window.py:2099; src/windows/ui/main-window.ui#actionRazorTool.text; src/windows/ui/main-window.ui#actionRazorTool.toolTip
vi,vi,Enable Snapping,Bật bám dính,translated,src/windows/main_window.py:2084; src/windows/main_window.py:2085
vi,vi,Enable Timing,Bật công cụ đổi tốc độ,translated,src/windows/main_window.py:2112; src/windows/main_window.py:2113; src/windows/ui/main-window.ui#actionTimingTool.text; src/windows/ui/main-window.ui#actionTimingTool.toolTip
vi,vi,Enter caption text...,Nhập văn bản phụ đề ...,translated,src/windows/main_window.py:3659
vi,vi,Export Project,Xuất dự án,translated,src/windows/ui/main-window.ui#menuExport.title
vi,vi,Export Video,Xuất video,translated,src/windows/ui/main-window.ui#actionExportVideo.text; src/windows/ui/main-window.ui#actionExportVideo.toolTip
vi,vi,Fast Forward,Tua nhanh,translated,src/windows/ui/main-window.ui#actionFastForward.text; src/windows/ui/main-window.ui#actionFastForward.toolTip
vi,vi,Filter,Lọc,translated,src/windows/main_window.py:4191; src/windows/main_window.py:4208; src/windows/main_window.py:4227; src/windows/main_window.py:4238; src/windows/main_window.py:5483; src/windows/ui/main-window.ui#txtPropertyFilter.placeholderText
vi,vi,Fullscreen,Toàn màn hình,translated,src/windows/ui/main-window.ui#actionFullscreen.text; src/windows/ui/main-window.ui#actionFullscreen.toolTip
vi,vi,Help,Trợ giúp,translated,src/windows/ui/main-window.ui#menuHelp.title
vi,vi,Hide keyframes,Ẩn khung hình chính,translated,src/windows/views/timeline_backend/qwidget/base.py:2832
vi,vi,Histogram,Biểu đồ phân bố,translated,src/windows/main_window.py:5434
vi,vi,Image,Hình ảnh,translated,src/windows/ui/main-window.ui#actionFilesShowImage.text; src/windows/ui/main-window.ui#actionFilesShowImage.toolTip
vi,vi,Import Files,Nhập tệp,translated,src/windows/ui/main-window.ui#actionImportFiles.toolTip
vi,vi,Import Files...,Nhập tệp ...,translated,src/windows/ui/main-window.ui#actionImportFiles.text
vi,vi,Import Project,Nhập dự án,translated,src/windows/ui/main-window.ui#menuImport_Project.title
vi,vi,Insert Caption,Chèn phụ đề,translated,src/windows/ui/main-window.ui#actionInsertTimestamp.text; src/windows/ui/main-window.ui#actionInsertTimestamp.toolTip
vi,vi,Join our Community...,Tham gia cộng đồng của chúng tôi...,translated,src/windows/ui/main-window.ui#actionDiscord.text
vi,vi,Jump To End,Đến cuối,translated,src/windows/ui/main-window.ui#actionJumpEnd.text; src/windows/ui/main-window.ui#actionJumpEnd.toolTip
vi,vi,Jump To Start,Đến đầu,translated,src/windows/ui/main-window.ui#actionJumpStart.text; src/windows/ui/main-window.ui#actionJumpStart.toolTip
vi,vi,Launch Tutorial,Khởi chạy hướng dẫn,translated,src/windows/ui/main-window.ui#actionTutorial.toolTip
vi,vi,Lock track,Khóa rãnh,translated,src/windows/views/timeline_backend/qwidget/base.py:2828
vi,vi,Luma Waveform,Dạng sóng Luma,translated,src/windows/main_window.py:5424
vi,vi,My Views,Các chế độ xem của tôi,translated,src/windows/main_window.py:3167
vi,vi,Name,Tên,translated,src/windows/models/files_model.py:337
vi,vi,New Project,Dự án mới,translated,src/windows/ui/main-window.ui#actionNew.text; src/windows/ui/main-window.ui#actionNew.toolTip
vi,vi,Next Marker,Điểm đánh dấu tiếp theo,translated,src/windows/ui/main-window.ui#actionNextMarker.text; src/windows/ui/main-window.ui#actionNextMarker.toolTip
vi,vi,Open Help Contents,Mở nội dung trợ giúp,translated,src/windows/ui/main-window.ui#actionHelpContents.toolTip
vi,vi,Open Project,Mở dự án,translated,src/windows/ui/main-window.ui#actionOpen.toolTip
vi,vi,Open Project...,Mở dự án...,translated,src/windows/ui/main-window.ui#actionOpen.text
vi,vi,Pan timeline,Di chuyển dòng thời gian,translated,src/windows/views/zoom_slider.py:825
vi,vi,Pause,Tạm dừng,translated,src/themes/base.py:480
vi,vi,Play,Phát,translated,src/themes/base.py:480; src/windows/ui/main-window.ui#actionPlay.text; src/windows/ui/main-window.ui#actionPlay.toolTip
vi,vi,Preferences,Các tùy chỉnh,translated,src/windows/ui/main-window.ui#actionPreferences.toolTip
vi,vi,Previous Marker,Điểm đánh dấu trước,translated,src/windows/ui/main-window.ui#actionPreviousMarker.text; src/windows/ui/main-window.ui#actionPreviousMarker.toolTip
vi,vi,Project Files,Tệp dự án,translated,src/windows/ui/main-window.ui#dockFiles.windowTitle
vi,vi,Properties,Thuộc tính,translated,src/windows/ui/main-window.ui#dockProperties.windowTitle
vi,vi,Property,Thuộc tính,translated,src/windows/models/properties_model.py:1666; src/windows/models/properties_model.py:1689
vi,vi,Quit,Thoát,translated,src/windows/ui/main-window.ui#actionQuit.toolTip
vi,vi,Recent Projects,Dự án gần đây,translated,src/windows/main_window.py:3989
vi,vi,Recording,Ghi âm và ghi hình,translated,src/windows/main_window.py:5463
vi,vi,Recording View,Chế độ xem ghi âm và ghi hình,translated,src/windows/main_window.py:3175
vi,vi,Recovery,Phục hồi,translated,src/windows/main_window.py:4065
vi,vi,Redo,Làm lại,translated,src/windows/ui/main-window.ui#actionRedo.text; src/windows/ui/main-window.ui#actionRedo.toolTip
vi,vi,Report a Bug...,Báo cáo lỗi...,translated,src/windows/ui/main-window.ui#actionReportBug.text
vi,vi,Rewind,Tua lại,translated,src/windows/ui/main-window.ui#actionRewind.text; src/windows/ui/main-window.ui#actionRewind.toolTip
vi,vi,Save Current Frame,Lưu khung hình hiện tại,translated,src/windows/ui/main-window.ui#actionSaveFrame.text; src/windows/ui/main-window.ui#actionSaveFrame.toolTip
vi,vi,Save Project,Lưu Dự án,translated,src/windows/ui/main-window.ui#actionSave.text; src/windows/ui/main-window.ui#actionSave.toolTip
vi,vi,Save Project As...,Lưu dự án dưới dạng...,translated,src/windows/ui/main-window.ui#actionSaveAs.text; src/windows/ui/main-window.ui#actionSaveAs.toolTip
vi,vi,Scopes,Phạm vi,translated,src/windows/main_window.py:3186
vi,vi,Show All,Hiển thị tất cả,translated,src/windows/ui/main-window.ui#actionEffectsShowAll.text; src/windows/ui/main-window.ui#actionEffectsShowAll.toolTip; src/windows/ui/main-window.ui#actionFilesShowAll.text; src/windows/ui/main-window.ui#actionFilesShowAll.toolTip; src/windows/ui/main-window.ui#actionTransitionsShowAll.text; src/windows/ui/main-window.ui#actionTransitionsShowAll.toolTip
vi,vi,Show keyframes,Hiện khung hình chính,translated,src/windows/views/timeline_backend/qwidget/base.py:2832
vi,vi,Simple View,Chế độ xem đơn giản,translated,src/windows/ui/main-window.ui#actionSimple_View.text
vi,vi,Tags,Nhãn,translated,src/windows/models/files_model.py:337
vi,vi,Thumb,Ảnh thu nhỏ,translated,src/windows/models/files_model.py:337
vi,vi,Timeline,Dòng thời gian,translated,src/windows/ui/main-window.ui#dockTimeline.windowTitle
vi,vi,Title,Tiêu đề,translated,src/windows/ui/main-window.ui#actionTitle.text; src/windows/ui/main-window.ui#actionTitle.toolTip; src/windows/ui/main-window.ui#menuTitle.title
vi,vi,Toolbar,Thanh Công Cụ,translated,src/windows/ui/main-window.ui#toolBar.windowTitle
vi,vi,Track %s,Rãnh %s,translated,src/windows/views/timeline_backend/qwidget/track.py:330
vi,vi,Transition,Chuyển cảnh,translated,src/windows/views/timeline_backend/qwidget/base.py:2856
vi,vi,Transition: %s,Chuyển cảnh: %s,translated,src/windows/views/timeline_backend/qwidget/base.py:2855
vi,vi,Transitions,Chuyển cảnh,translated,src/windows/ui/main-window.ui#dockTransitions.windowTitle
vi,vi,Translate this Application...,Dịch ứng dụng này...,translated,src/windows/ui/main-window.ui#actionTranslate.text
vi,vi,Tutorial,Hướng dẫn,translated,src/windows/ui/main-window.ui#actionTutorial.text; src/windows/ui/main-window.ui#dockTutorial.windowTitle
vi,vi,Undo,Hoàn tác,translated,src/windows/ui/main-window.ui#actionUndo.text; src/windows/ui/main-window.ui#actionUndo.toolTip
vi,vi,Unlock track,Mở khóa rãnh,translated,src/windows/views/timeline_backend/qwidget/base.py:2828
vi,vi,Untitled Project,Dự án không tên,translated,src/windows/main_window.py:3787; src/windows/main_window.py:879; src/windows/main_window.py:944
vi,vi,Update Available,Có bản cập nhật,translated,src/windows/ui/main-window.ui#actionUpdate.text; src/windows/ui/main-window.ui#actionUpdate.toolTip
vi,vi,Value,Giá trị,translated,src/windows/models/properties_model.py:1666; src/windows/models/properties_model.py:1689
vi,vi,Vectorscope,Phạm vi vector,translated,src/windows/main_window.py:5445
vi,vi,Video,Video,same-as-source,src/windows/ui/main-window.ui#actionEffectsShowVideo.text; src/windows/ui/main-window.ui#actionEffectsShowVideo.toolTip; src/windows/ui/main-window.ui#actionFilesShowVideo.text; src/windows/ui/main-window.ui#actionFilesShowVideo.toolTip
vi,vi,Video Preview,Xem trước video,translated,src/windows/ui/main-window.ui#dockVideo.windowTitle
vi,vi,View,Xem,translated,src/windows/ui/main-window.ui#menuView.title
vi,vi,Window,Cửa sổ,translated,src/windows/ui/main-window.ui#menuWindow.title
vi,vi,Zoom left edge,Phóng to cạnh trái,translated,src/windows/views/zoom_slider.py:823
vi,vi,Zoom right edge,Phóng to cạnh phải,translated,src/windows/views/zoom_slider.py:824
uk,uk,&Edit,&Редагувати,translated,src/windows/ui/main-window.ui#menu_Edit.title
uk,uk,&File,&Файл,translated,src/windows/ui/main-window.ui#menuFile.title
uk,uk,&Preferences,&Параметри,translated,src/windows/ui/main-window.ui#actionPreferences.text
uk,uk,&Quit,В&ийти,translated,src/windows/ui/main-window.ui#actionQuit.text
uk,uk,About OpenShot,Про OpenShot,translated,src/windows/ui/main-window.ui#actionAbout.text; src/windows/ui/main-window.ui#actionAbout.toolTip
uk,uk,Add Marker,Додати маркер,translated,src/windows/ui/main-window.ui#actionAddMarker.text; src/windows/ui/main-window.ui#actionAddMarker.toolTip
uk,uk,Add Track,Додати доріжку,translated,src/windows/ui/main-window.ui#actionAddTrack.text; src/windows/ui/main-window.ui#actionAddTrack.toolTip
uk,uk,Animated Title,Анімовані титри,translated,src/windows/ui/main-window.ui#actionAnimatedTitle.text; src/windows/ui/main-window.ui#actionAnimatedTitle.toolTip
uk,uk,Ask a Question...,Задати питання...,translated,src/windows/ui/main-window.ui#actionAskQuestion.text
uk,uk,Audio,Аудіо,translated,src/windows/ui/main-window.ui#actionEffectsShowAudio.text; src/windows/ui/main-window.ui#actionEffectsShowAudio.toolTip; src/windows/ui/main-window.ui#actionFilesShowAudio.text; src/windows/ui/main-window.ui#actionFilesShowAudio.toolTip
uk,uk,Audio Levels,Рівні аудіо,translated,src/windows/main_window.py:5454
uk,uk,Caption Toolbar,Панель інструментів субтитрів,translated,src/windows/main_window.py:4254
uk,uk,Captions,Субтитри,translated,src/windows/ui/main-window.ui#dockCaptionEditor.windowTitle
uk,uk,Center on Playhead,Центрувати на курсорі,translated,src/windows/ui/main-window.ui#actionCenterOnPlayhead.text
uk,uk,Center the timeline on the Playhead,Центрувати монтажний стіл за позицією відтворення,translated,src/windows/ui/main-window.ui#actionCenterOnPlayhead.toolTip
uk,uk,Choose Profile,Обрати профіль,translated,src/windows/ui/main-window.ui#actionProfile.text; src/windows/ui/main-window.ui#actionProfile.toolTip
uk,uk,Clear,Очистити,translated,src/windows/ui/main-window.ui#menuClear.title
uk,uk,Click: center · Drag: zoom,Клік: центр · Перетягування: масштабування,translated,src/windows/views/zoom_slider.py:826
uk,uk,Clip,Кліп,translated,src/windows/views/timeline_backend/qwidget/base.py:2867
uk,uk,Clip: %s,Кліп: %s,translated,src/windows/views/timeline_backend/qwidget/base.py:2868
uk,uk,Color View,Перегляд кольорів,translated,src/windows/main_window.py:5352; src/windows/ui/main-window.ui#actionColor_Grade_View.text
uk,uk,Common,Загальні,translated,src/windows/ui/main-window.ui#actionTransitionsShowCommon.text; src/windows/ui/main-window.ui#actionTransitionsShowCommon.toolTip
uk,uk,Contents,Вміст,translated,src/windows/ui/main-window.ui#actionHelpContents.text
uk,uk,Disable Razor,Вимкнути Лезо,translated,src/windows/main_window.py:2095; src/windows/main_window.py:2096
uk,uk,Disable Snapping,Вимкнути прив'язування,translated,src/windows/main_window.py:2081; src/windows/main_window.py:2082; src/windows/ui/main-window.ui#actionSnappingTool.text; src/windows/ui/main-window.ui#actionSnappingTool.toolTip
uk,uk,Disable Timing,Вимкнути зміну швидкості,translated,src/windows/main_window.py:2109; src/windows/main_window.py:2110
uk,uk,Docks,Доки,translated,src/windows/main_window.py:3183
uk,uk,Donate,Пожертвувати,translated,src/windows/ui/main-window.ui#actionDonate.text
uk,uk,Effect,Ефект,translated,src/windows/views/timeline_backend/qwidget/base.py:2849
uk,uk,Effect: %s,Ефект: %s,translated,src/windows/views/timeline_backend/qwidget/base.py:2848
uk,uk,Effects,Ефекти,translated,src/windows/ui/main-window.ui#dockEffects.windowTitle
uk,uk,Emojis,Емодзі,translated,src/windows/ui/main-window.ui#dockEmojis.windowTitle
uk,uk,Enable Razor,Увімкнути Лезо,translated,src/windows/main_window.py:2098; src/windows/main_window.py:2099; src/windows/ui/main-window.ui#actionRazorTool.text; src/windows/ui/main-window.ui#actionRazorTool.toolTip
uk,uk,Enable Snapping,Увімкнути прив'язування,translated,src/windows/main_window.py:2084; src/windows/main_window.py:2085
uk,uk,Enable Timing,Увімкнути зміну швидкості,translated,src/windows/main_window.py:2112; src/windows/main_window.py:2113; src/windows/ui/main-window.ui#actionTimingTool.text; src/windows/ui/main-window.ui#actionTimingTool.toolTip
uk,uk,Enter caption text...,Введіть текст субтитру...,translated,src/windows/main_window.py:3659
uk,uk,Export Project,Експортувати проєкт,translated,src/windows/ui/main-window.ui#menuExport.title
uk,uk,Export Video,Експортувати відео,translated,src/windows/ui/main-window.ui#actionExportVideo.text; src/windows/ui/main-window.ui#actionExportVideo.toolTip
uk,uk,Fast Forward,Прокрутити вперед,translated,src/windows/ui/main-window.ui#actionFastForward.text; src/windows/ui/main-window.ui#actionFastForward.toolTip
uk,uk,Filter,Фільтр,translated,src/windows/main_window.py:4191; src/windows/main_window.py:4208; src/windows/main_window.py:4227; src/windows/main_window.py:4238; src/windows/main_window.py:5483; src/windows/ui/main-window.ui#txtPropertyFilter.placeholderText
uk,uk,Fullscreen,На весь екран,translated,src/windows/ui/main-window.ui#actionFullscreen.text; src/windows/ui/main-window.ui#actionFullscreen.toolTip
uk,uk,Help,Довідка,translated,src/windows/ui/main-window.ui#menuHelp.title
uk,uk,Hide keyframes,Приховати ключові кадри,translated,src/windows/views/timeline_backend/qwidget/base.py:2832
uk,uk,Histogram,Гістограма,translated,src/windows/main_window.py:5434
uk,uk,Image,Зображення,translated,src/windows/ui/main-window.ui#actionFilesShowImage.text; src/windows/ui/main-window.ui#actionFilesShowImage.toolTip
uk,uk,Import Files,Імпортувати файли,translated,src/windows/ui/main-window.ui#actionImportFiles.toolTip
uk,uk,Import Files...,Імпортувати файли...,translated,src/windows/ui/main-window.ui#actionImportFiles.text
uk,uk,Import Project,Імпортувати проєкт,translated,src/windows/ui/main-window.ui#menuImport_Project.title
uk,uk,Insert Caption,Вставити субтитр,translated,src/windows/ui/main-window.ui#actionInsertTimestamp.text; src/windows/ui/main-window.ui#actionInsertTimestamp.toolTip
uk,uk,Join our Community...,Долучитися до спільноти…,translated,src/windows/ui/main-window.ui#actionDiscord.text
uk,uk,Jump To End,Перейти в кінець,translated,src/windows/ui/main-window.ui#actionJumpEnd.text; src/windows/ui/main-window.ui#actionJumpEnd.toolTip
uk,uk,Jump To Start,Перейти на старт,translated,src/windows/ui/main-window.ui#actionJumpStart.text; src/windows/ui/main-window.ui#actionJumpStart.toolTip
uk,uk,Launch Tutorial,Розпочати навчання,translated,src/windows/ui/main-window.ui#actionTutorial.toolTip
uk,uk,Lock track,Заблокувати доріжку,translated,src/windows/views/timeline_backend/qwidget/base.py:2828
uk,uk,Luma Waveform,Форма хвилі яскравості,translated,src/windows/main_window.py:5424
uk,uk,My Views,Мої подання,translated,src/windows/main_window.py:3167
uk,uk,Name,Назва,translated,src/windows/models/files_model.py:337
uk,uk,New Project,Новий проєкт,translated,src/windows/ui/main-window.ui#actionNew.text; src/windows/ui/main-window.ui#actionNew.toolTip
uk,uk,Next Marker,Наступний маркер,translated,src/windows/ui/main-window.ui#actionNextMarker.text; src/windows/ui/main-window.ui#actionNextMarker.toolTip
uk,uk,Open Help Contents,Відкрити розділи довідки,translated,src/windows/ui/main-window.ui#actionHelpContents.toolTip
uk,uk,Open Project,Відкрити проєкт,translated,src/windows/ui/main-window.ui#actionOpen.toolTip
uk,uk,Open Project...,Відкрити проєкт...,translated,src/windows/ui/main-window.ui#actionOpen.text
uk,uk,Pan timeline,Перемістити монтажний стіл,translated,src/windows/views/zoom_slider.py:825
uk,uk,Pause,Призупинити,translated,src/themes/base.py:480
uk,uk,Play,Відтворити,translated,src/themes/base.py:480; src/windows/ui/main-window.ui#actionPlay.text; src/windows/ui/main-window.ui#actionPlay.toolTip
uk,uk,Preferences,Параметри,translated,src/windows/ui/main-window.ui#actionPreferences.toolTip
uk,uk,Previous Marker,Попередній маркер,translated,src/windows/ui/main-window.ui#actionPreviousMarker.text; src/windows/ui/main-window.ui#actionPreviousMarker.toolTip
uk,uk,Project Files,Файли проєкту,translated,src/windows/ui/main-window.ui#dockFiles.windowTitle
uk,uk,Properties,Властивості,translated,src/windows/ui/main-window.ui#dockProperties.windowTitle
uk,uk,Property,Властивість,translated,src/windows/models/properties_model.py:1666; src/windows/models/properties_model.py:1689
uk,uk,Quit,Вийти,translated,src/windows/ui/main-window.ui#actionQuit.toolTip
uk,uk,Recent Projects,Недавні проєкти,translated,src/windows/main_window.py:3989
uk,uk,Recording,Запис,translated,src/windows/main_window.py:5463
uk,uk,Recording View,Вигляд запису,translated,src/windows/main_window.py:3175
uk,uk,Recovery,Відновлення,translated,src/windows/main_window.py:4065
uk,uk,Redo,Повторити,translated,src/windows/ui/main-window.ui#actionRedo.text; src/windows/ui/main-window.ui#actionRedo.toolTip
uk,uk,Report a Bug...,Повідомити про помилку...,translated,src/windows/ui/main-window.ui#actionReportBug.text
uk,uk,Rewind,Назад,translated,src/windows/ui/main-window.ui#actionRewind.text; src/windows/ui/main-window.ui#actionRewind.toolTip
uk,uk,Save Current Frame,Зберегти поточний кадр,translated,src/windows/ui/main-window.ui#actionSaveFrame.text; src/windows/ui/main-window.ui#actionSaveFrame.toolTip
uk,uk,Save Project,Зберегти проєкт,translated,src/windows/ui/main-window.ui#actionSave.text; src/windows/ui/main-window.ui#actionSave.toolTip
uk,uk,Save Project As...,Зберегти проєкт як...,translated,src/windows/ui/main-window.ui#actionSaveAs.text; src/windows/ui/main-window.ui#actionSaveAs.toolTip
uk,uk,Scopes,Діапазони,translated,src/windows/main_window.py:3186
uk,uk,Show All,Показати все,translated,src/windows/ui/main-window.ui#actionEffectsShowAll.text; src/windows/ui/main-window.ui#actionEffectsShowAll.toolTip; src/windows/ui/main-window.ui#actionFilesShowAll.text; src/windows/ui/main-window.ui#actionFilesShowAll.toolTip; src/windows/ui/main-window.ui#actionTransitionsShowAll.text; src/windows/ui/main-window.ui#actionTransitionsShowAll.toolTip
uk,uk,Show keyframes,Показати ключові кадри,translated,src/windows/views/timeline_backend/qwidget/base.py:2832
uk,uk,Simple View,Просте подання,translated,src/windows/ui/main-window.ui#actionSimple_View.text
uk,uk,Tags,Теги,translated,src/windows/models/files_model.py:337
uk,uk,Thumb,Мініатюра,translated,src/windows/models/files_model.py:337
uk,uk,Timeline,Монтажний стіл,translated,src/windows/ui/main-window.ui#dockTimeline.windowTitle
uk,uk,Title,Титри,translated,src/windows/ui/main-window.ui#actionTitle.text; src/windows/ui/main-window.ui#actionTitle.toolTip; src/windows/ui/main-window.ui#menuTitle.title
uk,uk,Toolbar,Панель інструментів,translated,src/windows/ui/main-window.ui#toolBar.windowTitle
uk,uk,Track %s,Доріжка %s,translated,src/windows/views/timeline_backend/qwidget/track.py:330
uk,uk,Transition,Перехід,translated,src/windows/views/timeline_backend/qwidget/base.py:2856
uk,uk,Transition: %s,Перехід: %s,translated,src/windows/views/timeline_backend/qwidget/base.py:2855
uk,uk,Transitions,Переходи,translated,src/windows/ui/main-window.ui#dockTransitions.windowTitle
uk,uk,Translate this Application...,Перекласти цю програму,translated,src/windows/ui/main-window.ui#actionTranslate.text
uk,uk,Tutorial,Навчання,translated,src/windows/ui/main-window.ui#actionTutorial.text; src/windows/ui/main-window.ui#dockTutorial.windowTitle
uk,uk,Undo,Скасувати,translated,src/windows/ui/main-window.ui#actionUndo.text; src/windows/ui/main-window.ui#actionUndo.toolTip
uk,uk,Unlock track,Розблокувати доріжку,translated,src/windows/views/timeline_backend/qwidget/base.py:2828
uk,uk,Untitled Project,Проєкт без назви,translated,src/windows/main_window.py:3787; src/windows/main_window.py:879; src/windows/main_window.py:944
uk,uk,Update Available,Доступне оновлення,translated,src/windows/ui/main-window.ui#actionUpdate.text; src/windows/ui/main-window.ui#actionUpdate.toolTip
uk,uk,Value,Значення,translated,src/windows/models/properties_model.py:1666; src/windows/models/properties_model.py:1689
uk,uk,Vectorscope,Вектороскоп,translated,src/windows/main_window.py:5445
uk,uk,Video,Відео,translated,src/windows/ui/main-window.ui#actionEffectsShowVideo.text; src/windows/ui/main-window.ui#actionEffectsShowVideo.toolTip; src/windows/ui/main-window.ui#actionFilesShowVideo.text; src/windows/ui/main-window.ui#actionFilesShowVideo.toolTip
uk,uk,Video Preview,Попередній перегляд відео,translated,src/windows/ui/main-window.ui#dockVideo.windowTitle
uk,uk,View,Вигляд,translated,src/windows/ui/main-window.ui#menuView.title
uk,uk,Window,Вікно,translated,src/windows/ui/main-window.ui#menuWindow.title
uk,uk,Zoom left edge,Масштабувати лівий край,translated,src/windows/views/zoom_slider.py:823
uk,uk,Zoom right edge,Масштабувати правий край,translated,src/windows/views/zoom_slider.py:824
