language,source,before,current,decision,proposed,reason
ar,&Edit,&تحرير,&تحرير,retain,,No change identified in the review.
ar,&File,& ملف,&ملف,applied-correction,&ملف,Remove the space after the Qt mnemonic marker so it targets a letter.
ar,&Preferences,&تفضيلات,&تفضيلات,retain,,No change identified in the review.
ar,&Quit,&خروج,&خروج,retain,,No change identified in the review.
ar,About OpenShot,عن OpenShot,عن OpenShot,retain,,No change identified in the review.
ar,Add Marker,إضافة إشارة مرجعية,إضافة علامة,applied-consistency,إضافة علامة,"Use the same marker noun as Previous/Next Marker; this adds a timeline marker, not a bookmark."
ar,Add Track,إضافة مسار,إضافة مسار,retain,,No change identified in the review.
ar,Animated Title,عنوان متحرك,عنوان متحرك,retain,,No change identified in the review.
ar,Ask a Question...,استفسر عن شيء...,استفسر عن شيء...,retain,,No change identified in the review.
ar,Audio,الصوت,الصوت,retain,,No change identified in the review.
ar,Audio Levels,مستويات الصوت,مستويات الصوت,retain,,No change identified in the review.
ar,Caption Toolbar,شريط أدوات التسميات التوضيحية,شريط أدوات التسميات التوضيحية,retain,,No change identified in the review.
ar,Captions,التعليقات,التسميات التوضيحية,applied-correction,التسميات التوضيحية,Comments is the wrong sense here; match the caption toolbar's terminology.
ar,Center on Playhead,الضَّبط على المُشير,توسيط على مؤشر التشغيل,applied-correction,توسيط على مؤشر التشغيل,Express a centering action and identify the playback indicator.
ar,Center the timeline on the Playhead,تعيين خط الزمان على المُشير,توسيط شريط الوقت على مؤشر التشغيل,applied-correction,توسيط شريط الوقت على مؤشر التشغيل,"Describe centering, not assigning; retain the existing Timeline noun."
ar,Choose Profile,اختر تشكيل,اختر تشكيل,retain,,No change identified in the review.
ar,Clear,مسح,مسح,retain,,No change identified in the review.
ar,Click: center · Drag: zoom,انقر: تمركز · اسحب: تكبير/تصغير,انقر: تمركز · اسحب: تكبير/تصغير,retain,,No change identified in the review.
ar,Clip,مقطع,مقطع,retain,,No change identified in the review.
ar,Clip: %s,مقطع: %s,مقطع: %s,retain,,No change identified in the review.
ar,Color View,عرض الألوان,عرض الألوان,retain,,No change identified in the review.
ar,Common,شائع,شائع,retain,,No change identified in the review.
ar,Contents,المحتويات,المحتويات,retain,,No change identified in the review.
ar,Disable Razor,تعطيل أداة الشفرة,تعطيل أداة الشفرة,retain,,No change identified in the review.
ar,Disable Snapping,تعطيل الالتقاط,تعطيل الالتقاط,retain,,No change identified in the review.
ar,Disable Timing,تعطيل التوقيت,تعطيل التوقيت,retain,,No change identified in the review.
ar,Docks,الألواح,الألواح,retain,,No change identified in the review.
ar,Donate,تبرع,تبرع,retain,,No change identified in the review.
ar,Effect,تأثير,تأثير,retain,,No change identified in the review.
ar,Effect: %s,تأثير: %s,تأثير: %s,retain,,No change identified in the review.
ar,Effects,التأثيرات,التأثيرات,retain,,No change identified in the review.
ar,Emojis,الرموز التعبيرية,الرموز التعبيرية,retain,,No change identified in the review.
ar,Enable Razor,تمكين أداة الشفرة,تمكين أداة الشفرة,retain,,No change identified in the review.
ar,Enable Snapping,تمكين الالتقاط,تمكين الالتقاط,retain,,No change identified in the review.
ar,Enable Timing,تمكين التوقيت,تمكين التوقيت,retain,,No change identified in the review.
ar,Enter caption text...,أدخل نص التسمية...,أدخل نص التسمية التوضيحية...,applied-consistency,أدخل نص التسمية التوضيحية...,Use the same full caption term as the dock and insertion command.
ar,Export Project,تصدير المشروع,تصدير المشروع,retain,,No change identified in the review.
ar,Export Video,تصدير الفيديو,تصدير الفيديو,retain,,No change identified in the review.
ar,Fast Forward,تقديم سريع,تقديم سريع,retain,,No change identified in the review.
ar,Filter,تصفية,تصفية,retain,,No change identified in the review.
ar,Fullscreen,ملء الشاشة,ملء الشاشة,retain,,No change identified in the review.
ar,Help,التعليمات,التعليمات,retain,,No change identified in the review.
ar,Hide keyframes,إخفاء الإطارات الرئيسية,إخفاء الإطارات الرئيسية,retain,,No change identified in the review.
ar,Histogram,مخطط التوزيع,مخطط التوزيع,retain,,No change identified in the review.
ar,Image,الصورة,الصورة,retain,,No change identified in the review.
ar,Import Files,استيراد ملفات,استيراد ملفات,retain,,No change identified in the review.
ar,Import Files...,استيراد ملفات...,استيراد ملفات...,retain,,No change identified in the review.
ar,Import Project,استيراد المشروع,استيراد المشروع,retain,,No change identified in the review.
ar,Insert Caption,إدراج عنوان,إدراج تسمية توضيحية,applied-correction,إدراج تسمية توضيحية,"Inserts a timed caption cue, not a title."
ar,Join our Community...,انضم إلى مجتمعنا...,انضم إلى مجتمعنا...,retain,,No change identified in the review.
ar,Jump To End,قفز للنهاية,قفز للنهاية,retain,,No change identified in the review.
ar,Jump To Start,قفز للبداية,قفز للبداية,retain,,No change identified in the review.
ar,Launch Tutorial,بدء الدرس التعليمي,بدء الدرس التعليمي,retain,,No change identified in the review.
ar,Lock track,قفل المسار,قفل المسار,retain,,No change identified in the review.
ar,Luma Waveform,موجة اللمعان,موجة اللمعان,retain,,No change identified in the review.
ar,My Views,عروضي,عروضي,retain,,No change identified in the review.
ar,Name,الاسم,الاسم,retain,,No change identified in the review.
ar,New Project,مشروع جديد,مشروع جديد,retain,,No change identified in the review.
ar,Next Marker,العلامة التالية,العلامة التالية,retain,,No change identified in the review.
ar,Open Help Contents,فتح محتويات التعليمات,فتح محتويات التعليمات,retain,,No change identified in the review.
ar,Open Project,فتح مشروع,فتح مشروع,retain,,No change identified in the review.
ar,Open Project...,فتح مشروع...,فتح مشروع...,retain,,No change identified in the review.
ar,Pan timeline,تحريك الجدول الزمني,تحريك شريط الوقت,applied-consistency,تحريك شريط الوقت,Use the same timeline term as the dock heading.
ar,Play,تشغيل,تشغيل,retain,,No change identified in the review.
ar,Preferences,التفضيلات,التفضيلات,retain,,No change identified in the review.
ar,Previous Marker,العلامة السابقة,العلامة السابقة,retain,,No change identified in the review.
ar,Project Files,ملفات المشروع,ملفات المشروع,retain,,No change identified in the review.
ar,Properties,الخصائص,الخصائص,retain,,No change identified in the review.
ar,Property,الخاصية,الخاصية,retain,,No change identified in the review.
ar,Quit,خروج,خروج,retain,,No change identified in the review.
ar,Recent Projects,المشاريع الأخيرة,المشاريع الأخيرة,retain,,No change identified in the review.
ar,Recording,جارٍ التسجيل,التسجيل,applied-correction,التسجيل,A dock title must not claim that recording is already in progress.
ar,Recording View,عرض التسجيل,عرض التسجيل,retain,,No change identified in the review.
ar,Recovery,الإسترجاع,الإسترجاع,retain,,No change identified in the review.
ar,Redo,أعِد,أعِد,retain,,No change identified in the review.
ar,Report a Bug...,بلغ عن مشكلة...,بلغ عن مشكلة...,retain,,No change identified in the review.
ar,Rewind,ترجيع,ترجيع,retain,,No change identified in the review.
ar,Save Current Frame,حفظ الإطار الحالي,حفظ الإطار الحالي,retain,,No change identified in the review.
ar,Save Project,حفظ المشروع,حفظ المشروع,retain,,No change identified in the review.
ar,Save Project As...,احفظ المشروع باسم...,احفظ المشروع باسم...,retain,,No change identified in the review.
ar,Scopes,المقاييس,المقاييس,retain,,No change identified in the review.
ar,Show All,إظهار الكل,إظهار الكل,retain,,No change identified in the review.
ar,Show keyframes,عرض الإطارات الرئيسية,عرض الإطارات الرئيسية,retain,,No change identified in the review.
ar,Simple View,عرض بسيط,عرض بسيط,retain,,No change identified in the review.
ar,Tags,الوسوم,الوسوم,retain,,No change identified in the review.
ar,Thumb,صورة مصغرة,صورة مصغرة,retain,,No change identified in the review.
ar,Timeline,شريط الوقت,شريط الوقت,retain,,No change identified in the review.
ar,Title,العنوان,العنوان,retain,,No change identified in the review.
ar,Toolbar,شريط الأدوات,شريط الأدوات,retain,,No change identified in the review.
ar,Track %s,مسار %s,مسار %s,retain,,No change identified in the review.
ar,Transition,شكل انتقالي,انتقال,applied-correction,انتقال,Match the plural dock heading and hover prefix without adding shape.
ar,Transition: %s,انتقال: %s,انتقال: %s,retain,,No change identified in the review.
ar,Transitions,الانتقالات,الانتقالات,retain,,No change identified in the review.
ar,Translate this Application...,ترجم هذا البرنامج...,ترجم هذا البرنامج...,retain,,No change identified in the review.
ar,Tutorial,درس تعليمي,درس تعليمي,retain,,No change identified in the review.
ar,Undo,تراجع,تراجع,retain,,No change identified in the review.
ar,Unlock track,إلغاء قفل المسار,إلغاء قفل المسار,retain,,No change identified in the review.
ar,Untitled Project,مشروع غير معنون,مشروع غير معنون,retain,,No change identified in the review.
ar,Update Available,يتوفر تحديث,يتوفر تحديث,retain,,No change identified in the review.
ar,Value,القيمة,القيمة,retain,,No change identified in the review.
ar,Vectorscope,مقياس المتجهات,مقياس المتجهات,retain,,No change identified in the review.
ar,Video,الفيديو,الفيديو,retain,,No change identified in the review.
ar,Video Preview,عرض أولي للفيديو,عرض أولي للفيديو,retain,,No change identified in the review.
ar,View,عرض,عرض,retain,,No change identified in the review.
ar,Window,نافذة,نافذة,retain,,No change identified in the review.
ar,Zoom left edge,تكبير الحافة اليسرى,تكبير الحافة اليسرى,retain,,No change identified in the review.
ar,Zoom right edge,تكبير الحافة اليمنى,تكبير الحافة اليمنى,retain,,No change identified in the review.
bn,&Edit,&সম্পাদনা,&সম্পাদনা,retain,,No change identified in the review.
bn,&File,&ফাইল,&ফাইল,retain,,No change identified in the review.
bn,&Preferences,&পছন্দসমূহ,&পছন্দসমূহ,retain,,No change identified in the review.
bn,&Quit,&প্রস্থান,&প্রস্থান,retain,,No change identified in the review.
bn,About OpenShot,OpenShot সম্পর্কে,OpenShot সম্পর্কে,retain,,No change identified in the review.
bn,Add Marker,মার্কার যোগ করুন,মার্কার যোগ করুন,retain,,No change identified in the review.
bn,Add Track,ট্র্যাক যোগ করুন,ট্র্যাক যোগ করুন,retain,,No change identified in the review.
bn,Animated Title,অ্যানিমেটেড টাইটেল,অ্যানিমেটেড টাইটেল,retain,,No change identified in the review.
bn,Ask a Question...,একটি প্রশ্ন করুন...,একটি প্রশ্ন করুন...,retain,,No change identified in the review.
bn,Audio,অডিও,অডিও,retain,,No change identified in the review.
bn,Audio Levels,অডিও স্তর,অডিও স্তর,retain,,No change identified in the review.
bn,Caption Toolbar,ক্যাপশন টুলবার,ক্যাপশন টুলবার,retain,,No change identified in the review.
bn,Captions,ক্যাপশন,ক্যাপশন,retain,,No change identified in the review.
bn,Center on Playhead,প্লেহেডের কেন্দ্রে,প্লেহেডে কেন্দ্র করুন,applied-correction,প্লেহেডে কেন্দ্র করুন,Use an action rather than a location phrase.
bn,Center the timeline on the Playhead,প্লেহেডের উপর টাইমলাইন কেন্দ্র করুন,প্লেহেডের উপর টাইমলাইন কেন্দ্র করুন,retain,,No change identified in the review.
bn,Choose Profile,প্রোফাইল নির্বাচন করুন,প্রোফাইল নির্বাচন করুন,retain,,No change identified in the review.
bn,Clear,মুছে ফেলুন,মুছে ফেলুন,retain,,No change identified in the review.
bn,Click: center · Drag: zoom,ক্লিক: কেন্দ্র · ড্র্যাগ: জুম,ক্লিক: কেন্দ্রে আনুন · ড্র্যাগ: জুম করুন,applied-correction,ক্লিক: কেন্দ্রে আনুন · ড্র্যাগ: জুম করুন,Both halves describe actions; center is currently only a noun.
bn,Clip,ক্লিপ,ক্লিপ,retain,,No change identified in the review.
bn,Clip: %s,ক্লিপ: %s,ক্লিপ: %s,retain,,No change identified in the review.
bn,Color View,রঙের দৃশ্য,রঙের দৃশ্য,retain,,No change identified in the review.
bn,Common,সাধারণ,সাধারণ,retain,,No change identified in the review.
bn,Contents,বিষয়বস্তু,বিষয়বস্তু,retain,,No change identified in the review.
bn,Disable Razor,রেজর নিষ্ক্রিয় করুন,রেজর নিষ্ক্রিয় করুন,retain,,No change identified in the review.
bn,Disable Snapping,স্ন্যাপিং নিষ্ক্রিয় করুন,স্ন্যাপিং নিষ্ক্রিয় করুন,retain,,No change identified in the review.
bn,Disable Timing,টাইমিং নিষ্ক্রিয় করুন,টাইমিং নিষ্ক্রিয় করুন,retain,,No change identified in the review.
bn,Docks,ডকস,ডকস,retain,,No change identified in the review.
bn,Donate,দান করুন,দান করুন,retain,,No change identified in the review.
bn,Effect,ইফেক্ট,ইফেক্ট,retain,,No change identified in the review.
bn,Effect: %s,এফেক্ট: %s,ইফেক্ট: %s,applied-consistency,ইফেক্ট: %s,Match the spelling already used in Effect and Effects.
bn,Effects,ইফেক্ট,ইফেক্ট,retain,,No change identified in the review.
bn,Emojis,ইমোজি,ইমোজি,retain,,No change identified in the review.
bn,Enable Razor,রেজর সক্রিয় করুন,রেজর সক্রিয় করুন,retain,,No change identified in the review.
bn,Enable Snapping,স্ন্যাপিং সক্রিয় করুন,স্ন্যাপিং সক্রিয় করুন,retain,,No change identified in the review.
bn,Enable Timing,টাইমিং সক্রিয় করুন,টাইমিং সক্রিয় করুন,retain,,No change identified in the review.
bn,Enter caption text...,ক্যাপশন টেক্সট লিখুন...,ক্যাপশন টেক্সট লিখুন...,retain,,No change identified in the review.
bn,Export Project,প্রকল্প রপ্তানি করুন,প্রকল্প রপ্তানি করুন,retain,,No change identified in the review.
bn,Export Video,ভিডিও রপ্তানি করুন,ভিডিও রপ্তানি করুন,retain,,No change identified in the review.
bn,Fast Forward,দ্রুত এগিয়ে যান,দ্রুত এগিয়ে যান,retain,,No change identified in the review.
bn,Filter,ফিল্টার,ফিল্টার,retain,,No change identified in the review.
bn,Fullscreen,পূর্ণ পর্দা,পূর্ণ পর্দা,retain,,No change identified in the review.
bn,Help,সাহায্য,সাহায্য,retain,,No change identified in the review.
bn,Hide keyframes,কীফ্রেম লুকান,কীফ্রেম লুকান,retain,,No change identified in the review.
bn,Histogram,হিস্টোগ্রাম,হিস্টোগ্রাম,retain,,No change identified in the review.
bn,Image,ছবি,ছবি,retain,,No change identified in the review.
bn,Import Files,ফাইল আমদানি করুন,ফাইল আমদানি করুন,retain,,No change identified in the review.
bn,Import Files...,ফাইল আমদানি করুন...,ফাইল আমদানি করুন...,retain,,No change identified in the review.
bn,Import Project,প্রকল্প আমদানি করুন,প্রকল্প আমদানি করুন,retain,,No change identified in the review.
bn,Insert Caption,ক্যাপশন প্রবেশ করান,ক্যাপশন প্রবেশ করান,retain,,No change identified in the review.
bn,Join our Community...,আমাদের কমিউনিটিতে যোগ দিন...,আমাদের কমিউনিটিতে যোগ দিন...,retain,,No change identified in the review.
bn,Jump To End,শেষে যান,শেষে যান,retain,,No change identified in the review.
bn,Jump To Start,শুরুতে যান,শুরুতে যান,retain,,No change identified in the review.
bn,Launch Tutorial,টিউটোরিয়াল চালু করুন,টিউটোরিয়াল চালু করুন,retain,,No change identified in the review.
bn,Lock track,ট্র্যাক লক করুন,ট্র্যাক লক করুন,retain,,No change identified in the review.
bn,Luma Waveform,লুমা ওয়েভফর্ম,লুমা ওয়েভফর্ম,retain,,No change identified in the review.
bn,My Views,আমার ভিউ,আমার ভিউ,retain,,No change identified in the review.
bn,Name,নাম,নাম,retain,,No change identified in the review.
bn,New Project,নতুন প্রকল্প,নতুন প্রকল্প,retain,,No change identified in the review.
bn,Next Marker,পরবর্তী মার্কার,পরবর্তী মার্কার,retain,,No change identified in the review.
bn,Open Help Contents,সহায়তা বিষয়বস্তু খুলুন,সহায়তা বিষয়বস্তু খুলুন,retain,,No change identified in the review.
bn,Open Project,প্রকল্প খুলুন,প্রকল্প খুলুন,retain,,No change identified in the review.
bn,Open Project...,প্রকল্প খুলুন...,প্রকল্প খুলুন...,retain,,No change identified in the review.
bn,Pan timeline,টাইমলাইন প্যান করুন,টাইমলাইন প্যান করুন,retain,,No change identified in the review.
bn,Play,চালান,চালান,retain,,No change identified in the review.
bn,Preferences,পছন্দসমূহ,পছন্দসমূহ,retain,,No change identified in the review.
bn,Previous Marker,পূর্ববর্তী মার্কার,পূর্ববর্তী মার্কার,retain,,No change identified in the review.
bn,Project Files,প্রকল্প ফাইলসমূহ,প্রকল্প ফাইলসমূহ,retain,,No change identified in the review.
bn,Properties,বৈশিষ্ট্য,বৈশিষ্ট্য,retain,,No change identified in the review.
bn,Property,সম্পত্তি,বৈশিষ্ট্য,applied-correction,বৈশিষ্ট্য,"This is an editable attribute, not a possession; match Properties."
bn,Quit,প্রস্থান,প্রস্থান,retain,,No change identified in the review.
bn,Recent Projects,সাম্প্রতিক প্রকল্পসমূহ,সাম্প্রতিক প্রকল্পসমূহ,retain,,No change identified in the review.
bn,Recording,রেকর্ডিং,রেকর্ডিং,retain,,No change identified in the review.
bn,Recording View,রেকর্ডিং ভিউ,রেকর্ডিং ভিউ,retain,,No change identified in the review.
bn,Recovery,পুনরুদ্ধার,পুনরুদ্ধার,retain,,No change identified in the review.
bn,Redo,পুনরায় করুন,পুনরায় করুন,retain,,No change identified in the review.
bn,Report a Bug...,একটি বাগ রিপোর্ট করুন...,একটি বাগ রিপোর্ট করুন...,retain,,No change identified in the review.
bn,Rewind,পেছনে যান,পেছনে যান,retain,,No change identified in the review.
bn,Save Current Frame,বর্তমান ফ্রেম সংরক্ষণ করুন,বর্তমান ফ্রেম সংরক্ষণ করুন,retain,,No change identified in the review.
bn,Save Project,প্রকল্প সংরক্ষণ করুন,প্রকল্প সংরক্ষণ করুন,retain,,No change identified in the review.
bn,Save Project As...,প্রকল্প হিসাবে সংরক্ষণ করুন...,প্রকল্প অন্য নামে সংরক্ষণ করুন...,applied-correction,প্রকল্প অন্য নামে সংরক্ষণ করুন...,Make saving under another name explicit; current wording reads save as a project.
bn,Scopes,স্কোপ,স্কোপ,retain,,No change identified in the review.
bn,Show All,সব দেখান,সব দেখান,retain,,No change identified in the review.
bn,Show keyframes,কীফ্রেম দেখান,কীফ্রেম দেখান,retain,,No change identified in the review.
bn,Simple View,সরল ভিউ,সরল ভিউ,retain,,No change identified in the review.
bn,Tags,ট্যাগ,ট্যাগ,retain,,No change identified in the review.
bn,Thumb,নমুনা,থাম্বনেইল,applied-correction,থাম্বনেইল,"The column contains thumbnails, not generic samples."
bn,Timeline,টাইমলাইন,টাইমলাইন,retain,,No change identified in the review.
bn,Title,শিরোনাম,শিরোনাম,retain,,No change identified in the review.
bn,Toolbar,টুলবার,টুলবার,retain,,No change identified in the review.
bn,Track %s,ট্র্যাক %s,ট্র্যাক %s,retain,,No change identified in the review.
bn,Transition,ট্রানজিশন,ট্রানজিশন,retain,,No change identified in the review.
bn,Transition: %s,ট্রানজিশন: %s,ট্রানজিশন: %s,retain,,No change identified in the review.
bn,Transitions,ট্রানজিশনসমূহ,ট্রানজিশনসমূহ,retain,,No change identified in the review.
bn,Translate this Application...,এই অ্যাপ্লিকেশন অনুবাদ করুন...,এই অ্যাপ্লিকেশন অনুবাদ করুন...,retain,,No change identified in the review.
bn,Tutorial,টিউটোরিয়াল,টিউটোরিয়াল,retain,,No change identified in the review.
bn,Undo,পূর্বাবস্থা ফেরত দিন,পূর্বাবস্থা ফেরত দিন,retain,,No change identified in the review.
bn,Unlock track,ট্র্যাক আনলক করুন,ট্র্যাক আনলক করুন,retain,,No change identified in the review.
bn,Untitled Project,শিরোনামহীন প্রকল্প,শিরোনামহীন প্রকল্প,retain,,No change identified in the review.
bn,Update Available,আপডেট উপলব্ধ,আপডেট উপলব্ধ,retain,,No change identified in the review.
bn,Value,মান,মান,retain,,No change identified in the review.
bn,Vectorscope,ভেক্টরস্কোপ,ভেক্টরস্কোপ,retain,,No change identified in the review.
bn,Video,ভিডিও,ভিডিও,retain,,No change identified in the review.
bn,Video Preview,ভিডিও প্রাকদর্শন,ভিডিও প্রাকদর্শন,retain,,No change identified in the review.
bn,View,দেখুন,দেখুন,retain,,No change identified in the review.
bn,Window,উইন্ডো,উইন্ডো,retain,,No change identified in the review.
bn,Zoom left edge,বাম প্রান্ত জুম করুন,বাম প্রান্ত জুম করুন,retain,,No change identified in the review.
bn,Zoom right edge,ডান প্রান্ত জুম করুন,ডান প্রান্ত জুম করুন,retain,,No change identified in the review.
zh-hans,&Edit,编辑,编辑,retain,,No change identified in the review.
zh-hans,&File,文件,文件,retain,,No change identified in the review.
zh-hans,&Preferences,首选项,首选项,retain,,No change identified in the review.
zh-hans,&Quit,退出,退出,retain,,No change identified in the review.
zh-hans,About OpenShot,关于 OpenShot,关于 OpenShot,retain,,No change identified in the review.
zh-hans,Add Marker,添加标记,添加标记,retain,,No change identified in the review.
zh-hans,Add Track,添加轨道,添加轨道,retain,,No change identified in the review.
zh-hans,Animated Title,动画标题,动画标题,retain,,No change identified in the review.
zh-hans,Ask a Question...,问题咨询...,问题咨询...,retain,,No change identified in the review.
zh-hans,Audio,音频,音频,retain,,No change identified in the review.
zh-hans,Audio Levels,音频电平,音频电平,retain,,No change identified in the review.
zh-hans,Caption Toolbar,字幕工具栏,字幕工具栏,retain,,No change identified in the review.
zh-hans,Captions,字幕,字幕,retain,,No change identified in the review.
zh-hans,Center on Playhead,播放指针居中,播放指针居中,retain,,No change identified in the review.
zh-hans,Center the timeline on the Playhead,时间线放在播放区顶,将时间线居中到播放指针位置,applied-correction,将时间线居中到播放指针位置,The current text says to put the timeline at the top of the playback area.
zh-hans,Choose Profile,选择配置,选择配置,retain,,No change identified in the review.
zh-hans,Clear,清除,清除,retain,,No change identified in the review.
zh-hans,Click: center · Drag: zoom,点击：居中 · 拖动：缩放,点击：居中 · 拖动：缩放,retain,,No change identified in the review.
zh-hans,Clip,剪辑(_C),剪辑,applied-correction,剪辑,Remove a literal GTK-style underscore mnemonic from the clip fallback label.
zh-hans,Clip: %s,剪辑：%s,剪辑：%s,retain,,No change identified in the review.
zh-hans,Color View,颜色视图,颜色视图,retain,,No change identified in the review.
zh-hans,Common,通用,通用,retain,,No change identified in the review.
zh-hans,Contents,内容,内容,retain,,No change identified in the review.
zh-hans,Disable Razor,禁用剃刀,禁用剃刀,retain,,No change identified in the review.
zh-hans,Disable Snapping,禁用捕捉,禁用捕捉,retain,,No change identified in the review.
zh-hans,Disable Timing,禁用定时,禁用变速工具,applied-correction,禁用变速工具,"Use the same retiming term as the enabled state, not scheduled operation."
zh-hans,Docks,停靠栏,停靠栏,retain,,No change identified in the review.
zh-hans,Donate,捐赠(_D),捐赠,applied-correction,捐赠,Remove the literal GTK-style mnemonic suffix.
zh-hans,Effect,效果,特效,applied-consistency,特效,Match the Effects dock heading.
zh-hans,Effect: %s,效果：%s,特效：%s,applied-consistency,特效：%s,Match the Effects dock heading.
zh-hans,Effects,特效(_E),特效,applied-correction,特效,Qt does not interpret the imported (_E) mnemonic syntax.
zh-hans,Emojis,Emoji 表情,Emoji 表情,retain,,No change identified in the review.
zh-hans,Enable Razor,启用剃刀,启用剃刀,retain,,No change identified in the review.
zh-hans,Enable Snapping,启用捕捉,启用捕捉,retain,,No change identified in the review.
zh-hans,Enable Timing,启用计时,启用变速工具,applied-correction,启用变速工具,Dragging clip edges changes playback speed; it does not enable a timer.
zh-hans,Enter caption text...,输入字幕文本...,输入字幕文本...,retain,,No change identified in the review.
zh-hans,Export Project,导出项目,导出项目,retain,,No change identified in the review.
zh-hans,Export Video,导出视频,导出视频,retain,,No change identified in the review.
zh-hans,Fast Forward,快进,快进,retain,,No change identified in the review.
zh-hans,Filter,筛选,筛选,retain,,No change identified in the review.
zh-hans,Fullscreen,全屏,全屏,retain,,No change identified in the review.
zh-hans,Help,帮助,帮助,retain,,No change identified in the review.
zh-hans,Hide keyframes,隐藏关键帧,隐藏关键帧,retain,,No change identified in the review.
zh-hans,Histogram,直方图,直方图,retain,,No change identified in the review.
zh-hans,Image,图像,图像,retain,,No change identified in the review.
zh-hans,Import Files,导入文件,导入文件,retain,,No change identified in the review.
zh-hans,Import Files...,导入文件...,导入文件...,retain,,No change identified in the review.
zh-hans,Import Project,导入项目,导入项目,retain,,No change identified in the review.
zh-hans,Insert Caption,插入字幕,插入字幕,retain,,No change identified in the review.
zh-hans,Join our Community...,加入我们的社区...,加入我们的社区...,retain,,No change identified in the review.
zh-hans,Jump To End,跳至结尾,跳至结尾,retain,,No change identified in the review.
zh-hans,Jump To Start,跳至开始,跳至开始,retain,,No change identified in the review.
zh-hans,Launch Tutorial,启动教程,启动教程,retain,,No change identified in the review.
zh-hans,Lock track,锁定轨道,锁定轨道,retain,,No change identified in the review.
zh-hans,Luma Waveform,亮度波形,亮度波形,retain,,No change identified in the review.
zh-hans,My Views,我的视图,我的视图,retain,,No change identified in the review.
zh-hans,Name,名称,名称,retain,,No change identified in the review.
zh-hans,New Project,新建项目,新建项目,retain,,No change identified in the review.
zh-hans,Next Marker,下一个标记,下一个标记,retain,,No change identified in the review.
zh-hans,Open Help Contents,打开帮助内容,打开帮助内容,retain,,No change identified in the review.
zh-hans,Open Project,打开工程,打开项目,applied-consistency,打开项目,Match New Project and Open Project...; the same action should use the same noun.
zh-hans,Open Project...,打开项目...,打开项目...,retain,,No change identified in the review.
zh-hans,Pan timeline,平移时间线,平移时间线,retain,,No change identified in the review.
zh-hans,Play,播放,播放,retain,,No change identified in the review.
zh-hans,Preferences,首选项,首选项,retain,,No change identified in the review.
zh-hans,Previous Marker,上一个标记,上一个标记,retain,,No change identified in the review.
zh-hans,Project Files,工程文件,项目文件,applied-correction,项目文件,Keep the project noun consistent across the primary workspace.
zh-hans,Properties,属性,属性,retain,,No change identified in the review.
zh-hans,Property,属性(_P),属性,applied-correction,属性,Remove a literal underscore mnemonic from the property column heading.
zh-hans,Quit,退出,退出,retain,,No change identified in the review.
zh-hans,Recent Projects,最近的项目,最近的项目,retain,,No change identified in the review.
zh-hans,Recording,录制中,录制,applied-correction,录制,"The dock supports microphone, screen, and webcam capture. Use a feature name covering audio and video, not an active-recording status or audio-only term."
zh-hans,Recording View,录制视图,录制视图,retain,,No change identified in the review.
zh-hans,Recovery,恢复,恢复,retain,,No change identified in the review.
zh-hans,Redo,重做,重做,retain,,No change identified in the review.
zh-hans,Report a Bug...,BUG 反馈...,BUG 反馈...,retain,,No change identified in the review.
zh-hans,Rewind,倒序,快退,applied-correction,快退,"This is backward playback, not reversing the ordering of items."
zh-hans,Save Current Frame,保存当前帧,保存当前帧,retain,,No change identified in the review.
zh-hans,Save Project,保存工程,保存项目,applied-consistency,保存项目,Use the same project term as New Project and Save Project As....
zh-hans,Save Project As...,项目另存为...,项目另存为...,retain,,No change identified in the review.
zh-hans,Scopes,示波器,示波器,retain,,No change identified in the review.
zh-hans,Show All,显示全部,显示全部,retain,,No change identified in the review.
zh-hans,Show keyframes,显示关键帧,显示关键帧,retain,,No change identified in the review.
zh-hans,Simple View,普通视图,普通视图,retain,,No change identified in the review.
zh-hans,Tags,标签,标签,retain,,No change identified in the review.
zh-hans,Thumb,缩略图,缩略图,retain,,No change identified in the review.
zh-hans,Timeline,时间线,时间线,retain,,No change identified in the review.
zh-hans,Title,标题,标题,retain,,No change identified in the review.
zh-hans,Toolbar,工具栏,工具栏,retain,,No change identified in the review.
zh-hans,Track %s,轨道 %s,轨道 %s,retain,,No change identified in the review.
zh-hans,Transition,转场特效,转场,applied-correction,转场,Use one established editing term across the dock and hover text.
zh-hans,Transition: %s,转场：%s,转场：%s,retain,,No change identified in the review.
zh-hans,Transitions,过渡,转场,applied-correction,转场,"Match Transition: %s, which already uses the video-editing term."
zh-hans,Translate this Application...,翻译此软件...,翻译此软件...,retain,,No change identified in the review.
zh-hans,Tutorial,教程,教程,retain,,No change identified in the review.
zh-hans,Undo,撤销,撤销,retain,,No change identified in the review.
zh-hans,Unlock track,解锁轨道,解锁轨道,retain,,No change identified in the review.
zh-hans,Untitled Project,未命名项目,未命名项目,retain,,No change identified in the review.
zh-hans,Update Available,有可用的更新,有可用的更新,retain,,No change identified in the review.
zh-hans,Value,值,值,retain,,No change identified in the review.
zh-hans,Vectorscope,矢量示波器,矢量示波器,retain,,No change identified in the review.
zh-hans,Video,视频,视频,retain,,No change identified in the review.
zh-hans,Video Preview,视频预览,视频预览,retain,,No change identified in the review.
zh-hans,View,视图,视图,retain,,No change identified in the review.
zh-hans,Window,窗口,窗口,retain,,No change identified in the review.
zh-hans,Zoom left edge,缩放左边缘,缩放左边缘,retain,,No change identified in the review.
zh-hans,Zoom right edge,缩放右边缘,缩放右边缘,retain,,No change identified in the review.
zh-hant,&Edit,編輯(&E),編輯(&E),retain,,No change identified in the review.
zh-hant,&File,檔案(&F),檔案(&F),retain,,No change identified in the review.
zh-hant,&Preferences,偏好設定(&P),偏好設定(&P),retain,,No change identified in the review.
zh-hant,&Quit,結束(&Q),結束(&Q),retain,,No change identified in the review.
zh-hant,About OpenShot,關於 OpenShot,關於 OpenShot,retain,,No change identified in the review.
zh-hant,Add Marker,加入標記,加入標記,retain,,No change identified in the review.
zh-hant,Add Track,加入影音軌,加入影音軌,retain,,No change identified in the review.
zh-hant,Animated Title,動畫標題,動畫標題,retain,,No change identified in the review.
zh-hant,Ask a Question...,提出問題...,提出問題...,retain,,No change identified in the review.
zh-hant,Audio,音訊,音訊,retain,,No change identified in the review.
zh-hant,Audio Levels,音訊音量,音訊音量,retain,,No change identified in the review.
zh-hant,Caption Toolbar,字幕工具欄,字幕工具列,applied-consistency,字幕工具列,Match the existing Toolbar term 工具列.
zh-hant,Captions,字幕,字幕,retain,,No change identified in the review.
zh-hant,Center on Playhead,播放頭置中,播放頭置中,retain,,No change identified in the review.
zh-hant,Center the timeline on the Playhead,將時間軸按播放頭位置置中,將時間軸按播放頭位置置中,retain,,No change identified in the review.
zh-hant,Choose Profile,選擇設定檔,選擇設定檔,retain,,No change identified in the review.
zh-hant,Clear,清除,清除,retain,,No change identified in the review.
zh-hant,Click: center · Drag: zoom,點擊：置中 · 拖曳：縮放,點擊：置中 · 拖曳：縮放,retain,,No change identified in the review.
zh-hant,Clip,片段,片段,retain,,No change identified in the review.
zh-hant,Clip: %s,剪輯：%s,片段：%s,applied-correction,片段：%s,Match the Clip fallback noun rather than switching terminology on hover.
zh-hant,Color View,色彩檢視,色彩檢視,retain,,No change identified in the review.
zh-hant,Common,一般,一般,retain,,No change identified in the review.
zh-hant,Contents,內容,內容,retain,,No change identified in the review.
zh-hant,Disable Razor,停用剃刀,停用剃刀,retain,,No change identified in the review.
zh-hant,Disable Snapping,停用吸附,停用吸附,retain,,No change identified in the review.
zh-hant,Disable Timing,停用計時,停用變速工具,applied-correction,停用變速工具,Use the same retiming term as the enabled state.
zh-hant,Docks,面板,面板,retain,,No change identified in the review.
zh-hant,Donate,贊助,贊助,retain,,No change identified in the review.
zh-hant,Effect,特效,特效,retain,,No change identified in the review.
zh-hant,Effect: %s,效果：%s,特效：%s,applied-consistency,特效：%s,Match Effect and the Effects dock heading.
zh-hant,Effects,特效,特效,retain,,No change identified in the review.
zh-hant,Emojis,表情符號,表情符號,retain,,No change identified in the review.
zh-hant,Enable Razor,啟用剃刀,啟用剃刀,retain,,No change identified in the review.
zh-hant,Enable Snapping,啟用吸附,啟用吸附,retain,,No change identified in the review.
zh-hant,Enable Timing,啟用計時,啟用變速工具,applied-correction,啟用變速工具,This changes clip speed instead of running a timer.
zh-hant,Enter caption text...,輸入字幕文字...,輸入字幕文字...,retain,,No change identified in the review.
zh-hant,Export Project,匯出專案,匯出專案,retain,,No change identified in the review.
zh-hant,Export Video,匯出影片,匯出影片,retain,,No change identified in the review.
zh-hant,Fast Forward,快轉,快轉,retain,,No change identified in the review.
zh-hant,Filter,篩選,篩選,retain,,No change identified in the review.
zh-hant,Fullscreen,全螢幕,全螢幕,retain,,No change identified in the review.
zh-hant,Help,說明,說明,retain,,No change identified in the review.
zh-hant,Hide keyframes,隱藏關鍵影格,隱藏關鍵影格,retain,,No change identified in the review.
zh-hant,Histogram,直方圖,直方圖,retain,,No change identified in the review.
zh-hant,Image,圖像,圖像,retain,,No change identified in the review.
zh-hant,Import Files,匯入檔案,匯入檔案,retain,,No change identified in the review.
zh-hant,Import Files...,匯入檔案...,匯入檔案...,retain,,No change identified in the review.
zh-hant,Import Project,匯入專案,匯入專案,retain,,No change identified in the review.
zh-hant,Insert Caption,插入字幕,插入字幕,retain,,No change identified in the review.
zh-hant,Join our Community...,加入我們的社群...,加入我們的社群...,retain,,No change identified in the review.
zh-hant,Jump To End,跳到結尾,跳到結尾,retain,,No change identified in the review.
zh-hant,Jump To Start,跳到開首,跳到開首,retain,,No change identified in the review.
zh-hant,Launch Tutorial,啟動教學,啟動教學,retain,,No change identified in the review.
zh-hant,Lock track,鎖定軌道,鎖定影音軌,applied-consistency,鎖定影音軌,Match Add Track and Track %s.
zh-hant,Luma Waveform,亮度波形,亮度波形,retain,,No change identified in the review.
zh-hant,My Views,我的檢視,我的檢視,retain,,No change identified in the review.
zh-hant,Name,名稱,名稱,retain,,No change identified in the review.
zh-hant,New Project,新專案,新專案,retain,,No change identified in the review.
zh-hant,Next Marker,下個標記,下個標記,retain,,No change identified in the review.
zh-hant,Open Help Contents,開啟說明內容,開啟說明內容,retain,,No change identified in the review.
zh-hant,Open Project,開啟專案,開啟專案,retain,,No change identified in the review.
zh-hant,Open Project...,開啟專案...,開啟專案...,retain,,No change identified in the review.
zh-hant,Pan timeline,平移時間軸,平移時間軸,retain,,No change identified in the review.
zh-hant,Play,播放,播放,retain,,No change identified in the review.
zh-hant,Preferences,偏好設定,偏好設定,retain,,No change identified in the review.
zh-hant,Previous Marker,上個標記,上個標記,retain,,No change identified in the review.
zh-hant,Project Files,專案檔案,專案檔案,retain,,No change identified in the review.
zh-hant,Properties,屬性,屬性,retain,,No change identified in the review.
zh-hant,Property,屬性,屬性,retain,,No change identified in the review.
zh-hant,Quit,結束,結束,retain,,No change identified in the review.
zh-hant,Recent Projects,最近開啟的專案,最近開啟的專案,retain,,No change identified in the review.
zh-hant,Recording,錄製中,錄製,applied-correction,錄製,"The dock supports microphone, screen, and webcam capture. Use a feature name covering audio and video, not an active-recording status or audio-only term."
zh-hant,Recording View,錄製檢視,錄製檢視,retain,,No change identified in the review.
zh-hant,Recovery,復原,復原,retain,,No change identified in the review.
zh-hant,Redo,重做,重做,retain,,No change identified in the review.
zh-hant,Report a Bug...,回報錯誤,回報錯誤,retain,,No change identified in the review.
zh-hant,Rewind,倒轉,倒轉,retain,,No change identified in the review.
zh-hant,Save Current Frame,儲存目前影格,儲存目前影格,retain,,No change identified in the review.
zh-hant,Save Project,儲存專案,儲存專案,retain,,No change identified in the review.
zh-hant,Save Project As...,另存專案為...,另存專案為...,retain,,No change identified in the review.
zh-hant,Scopes,示波器,示波器,retain,,No change identified in the review.
zh-hant,Show All,全部顯示,全部顯示,retain,,No change identified in the review.
zh-hant,Show keyframes,顯示關鍵影格,顯示關鍵影格,retain,,No change identified in the review.
zh-hant,Simple View,簡易檢視,簡易檢視,retain,,No change identified in the review.
zh-hant,Tags,標記,標記,retain,,No change identified in the review.
zh-hant,Thumb,縮圖,縮圖,retain,,No change identified in the review.
zh-hant,Timeline,時間軸,時間軸,retain,,No change identified in the review.
zh-hant,Title,標題或字幕,標題,applied-correction,標題,The Title menu creates titles; adding or subtitles blurs the separate Captions feature.
zh-hant,Toolbar,工具列,工具列,retain,,No change identified in the review.
zh-hant,Track %s,影音軌 %s,影音軌 %s,retain,,No change identified in the review.
zh-hant,Transition,轉場,轉場,retain,,No change identified in the review.
zh-hant,Transition: %s,轉場：%s,轉場：%s,retain,,No change identified in the review.
zh-hant,Transitions,轉場,轉場,retain,,No change identified in the review.
zh-hant,Translate this Application...,翻譯此應用程式...,翻譯此應用程式...,retain,,No change identified in the review.
zh-hant,Tutorial,教學,教學,retain,,No change identified in the review.
zh-hant,Undo,取消動作,取消動作,retain,,No change identified in the review.
zh-hant,Unlock track,解鎖軌道,解鎖影音軌,applied-consistency,解鎖影音軌,Match Add Track and Track %s.
zh-hant,Untitled Project,未命名專案,未命名專案,retain,,No change identified in the review.
zh-hant,Update Available,有更新,有更新,retain,,No change identified in the review.
zh-hant,Value,值,值,retain,,No change identified in the review.
zh-hant,Vectorscope,向量示波器,向量示波器,retain,,No change identified in the review.
zh-hant,Video,視訊,視訊,retain,,No change identified in the review.
zh-hant,Video Preview,預覽影片,預覽影片,retain,,No change identified in the review.
zh-hant,View,檢視,檢視,retain,,No change identified in the review.
zh-hant,Window,視窗,視窗,retain,,No change identified in the review.
zh-hant,Zoom left edge,縮放左側邊緣,縮放左側邊緣,retain,,No change identified in the review.
zh-hant,Zoom right edge,縮放右側邊緣,縮放右側邊緣,retain,,No change identified in the review.
hr,&Edit,&Uredi,&Uredi,retain,,No change identified in the review.
hr,&File,&Datoteka,&Datoteka,retain,,No change identified in the review.
hr,&Preferences,&Postavke,&Postavke,retain,,No change identified in the review.
hr,&Quit,&Zatvori program,&Zatvori program,retain,,No change identified in the review.
hr,About OpenShot,OpenShot informacije,OpenShot informacije,retain,,No change identified in the review.
hr,Add Marker,Dodaj oznaku,Dodaj oznaku,retain,,No change identified in the review.
hr,Add Track,Dodaj traku,Dodaj traku,retain,,No change identified in the review.
hr,Animated Title,Animirani naslov,Animirani naslov,retain,,No change identified in the review.
hr,Ask a Question...,Postavi pitanje …,Postavi pitanje …,retain,,No change identified in the review.
hr,Audio,Zvuk,Zvuk,retain,,No change identified in the review.
hr,Audio Levels,Razine zvuka,Razine zvuka,retain,,No change identified in the review.
hr,Caption Toolbar,Traka alata za podnaslove,Traka alata za podnaslove,retain,,No change identified in the review.
hr,Captions,Podnaslovi,Podnaslovi,retain,,No change identified in the review.
hr,Center on Playhead,Centriraj na crtu trenutačne pozicije ili kadra,Centriraj na pokazivač reprodukcije,applied-correction,Centriraj na pokazivač reprodukcije,Replace the long explanatory phrase with a concise playback-position term.
hr,Center the timeline on the Playhead,Centriraj vremensku crtu na crtu trenutačne pozicije ili kadra,Centriraj vremensku crtu na pokazivač reprodukcije,applied-correction,Centriraj vremensku crtu na pokazivač reprodukcije,Use the same concise playhead term as the action.
hr,Choose Profile,Odaberi profil,Odaberi profil,retain,,No change identified in the review.
hr,Clear,Izbriši,Izbriši,retain,,No change identified in the review.
hr,Click: center · Drag: zoom,Klik: centriraj · Povuci: zumiraj,Klik: centriraj · Povuci: zumiraj,retain,,No change identified in the review.
hr,Clip,Isječak,Isječak,retain,,No change identified in the review.
hr,Clip: %s,Isječak: %s,Isječak: %s,retain,,No change identified in the review.
hr,Color View,Prikaz boja,Prikaz boja,retain,,No change identified in the review.
hr,Common,Uobičajeno,Uobičajeno,retain,,No change identified in the review.
hr,Contents,Sadržaj,Sadržaj,retain,,No change identified in the review.
hr,Disable Razor,Deaktiviraj rezač,Deaktiviraj rezač,retain,,No change identified in the review.
hr,Disable Snapping,Deaktiviraj privlačenje,Deaktiviraj privlačenje,retain,,No change identified in the review.
hr,Disable Timing,Deaktiviraj mjerenje vremena,Deaktiviraj promjenu brzine,applied-correction,Deaktiviraj promjenu brzine,Keep the enabled and disabled retiming states paired.
hr,Docks,Dokovi,Dokovi,retain,,No change identified in the review.
hr,Donate,Doniraj,Doniraj,retain,,No change identified in the review.
hr,Effect,Efekt,Efekt,retain,,No change identified in the review.
hr,Effect: %s,Efekt: %s,Efekt: %s,retain,,No change identified in the review.
hr,Effects,Efekti,Efekti,retain,,No change identified in the review.
hr,Emojis,Emoji znakovi,Emoji znakovi,retain,,No change identified in the review.
hr,Enable Razor,Aktiviraj rezač,Aktiviraj rezač,retain,,No change identified in the review.
hr,Enable Snapping,Aktiviraj privlačenje,Aktiviraj privlačenje,retain,,No change identified in the review.
hr,Enable Timing,Aktiviraj mjerenje vremena,Aktiviraj promjenu brzine,applied-correction,Aktiviraj promjenu brzine,The tool retimes clips; it does not measure elapsed time.
hr,Enter caption text...,Upiši tekst podnaslova …,Upiši tekst podnaslova …,retain,,No change identified in the review.
hr,Export Project,Izvezi projekt,Izvezi projekt,retain,,No change identified in the review.
hr,Export Video,Izvezi video,Izvezi video,retain,,No change identified in the review.
hr,Fast Forward,Premotaj brzo naprijed,Premotaj brzo naprijed,retain,,No change identified in the review.
hr,Filter,Filtar,Filtar,retain,,No change identified in the review.
hr,Fullscreen,Cjeloekranski prikaz,Cjeloekranski prikaz,retain,,No change identified in the review.
hr,Help,Pomoć,Pomoć,retain,,No change identified in the review.
hr,Hide keyframes,Sakrij ključne okvire,Sakrij ključne okvire,retain,,No change identified in the review.
hr,Histogram,Histogram,Histogram,retain,,No change identified in the review.
hr,Image,Slika,Slika,retain,,No change identified in the review.
hr,Import Files,Uvezi datoteke,Uvezi datoteke,retain,,No change identified in the review.
hr,Import Files...,Uvezi datoteke …,Uvezi datoteke …,retain,,No change identified in the review.
hr,Import Project,Uvezi projekt,Uvezi projekt,retain,,No change identified in the review.
hr,Insert Caption,Umetni titl,Umetni podnaslov,applied-consistency,Umetni podnaslov,Use the same subtitle noun as Captions and its text prompt.
hr,Join our Community...,Pridruži se našoj zajednici …,Pridruži se našoj zajednici …,retain,,No change identified in the review.
hr,Jump To End,Skoči na kraj,Skoči na kraj,retain,,No change identified in the review.
hr,Jump To Start,Skoči na početak,Skoči na početak,retain,,No change identified in the review.
hr,Launch Tutorial,Pokreni priručnik,Pokreni priručnik,retain,,No change identified in the review.
hr,Lock track,Zaključaj stazu,Zaključaj traku,applied-consistency,Zaključaj traku,Match Add Track and Track %s.
hr,Luma Waveform,Luma valni oblik,Luma valni oblik,retain,,No change identified in the review.
hr,My Views,Moji prikazi,Moji prikazi,retain,,No change identified in the review.
hr,Name,Ime,Ime,retain,,No change identified in the review.
hr,New Project,Novi projekt,Novi projekt,retain,,No change identified in the review.
hr,Next Marker,Sljedeća oznaka,Sljedeća oznaka,retain,,No change identified in the review.
hr,Open Help Contents,Otvori sadržaj pomoći,Otvori sadržaj pomoći,retain,,No change identified in the review.
hr,Open Project,Otvori projekt,Otvori projekt,retain,,No change identified in the review.
hr,Open Project...,Otvori projekt …,Otvori projekt …,retain,,No change identified in the review.
hr,Pan timeline,Pomakni vremensku crtu,Pomakni vremensku crtu,retain,,No change identified in the review.
hr,Play,Pokreni,Pokreni,retain,,No change identified in the review.
hr,Preferences,Postavke,Postavke,retain,,No change identified in the review.
hr,Previous Marker,Prethodna oznaka,Prethodna oznaka,retain,,No change identified in the review.
hr,Project Files,Datoteke projekta,Datoteke projekta,retain,,No change identified in the review.
hr,Properties,Svojstva,Svojstva,retain,,No change identified in the review.
hr,Property,Svojstvo,Svojstvo,retain,,No change identified in the review.
hr,Quit,Zatvori program,Zatvori program,retain,,No change identified in the review.
hr,Recent Projects,Nedavni projekti,Nedavni projekti,retain,,No change identified in the review.
hr,Recording,Snimanje,Snimanje,retain,,No change identified in the review.
hr,Recording View,Prikaz snimanja,Prikaz snimanja,retain,,No change identified in the review.
hr,Recovery,Obnova,Obnova,retain,,No change identified in the review.
hr,Redo,Ponovi,Ponovi,retain,,No change identified in the review.
hr,Report a Bug...,Prijavi grešku …,Prijavi grešku …,retain,,No change identified in the review.
hr,Rewind,Premotaj natrag,Premotaj natrag,retain,,No change identified in the review.
hr,Save Current Frame,Spremi trenutačni kadar,Spremi trenutačni kadar,retain,,No change identified in the review.
hr,Save Project,Spremi projekt,Spremi projekt,retain,,No change identified in the review.
hr,Save Project As...,Spremi projekt kao …,Spremi projekt kao …,retain,,No change identified in the review.
hr,Scopes,Opsezi,Opsezi,deferred-candidate,Mjerni instrumenti,Name the measurement instruments rather than ranges; native editor review should settle the preferred short label.
hr,Show All,Pokaži sve,Pokaži sve,retain,,No change identified in the review.
hr,Show keyframes,Prikaži ključne okvire,Prikaži ključne okvire,retain,,No change identified in the review.
hr,Simple View,Jednostavni prikaz,Jednostavni prikaz,retain,,No change identified in the review.
hr,Tags,Etikete,Etikete,retain,,No change identified in the review.
hr,Thumb,Minijatura,Minijatura,retain,,No change identified in the review.
hr,Timeline,Vremenska crta,Vremenska crta,retain,,No change identified in the review.
hr,Title,Naslov,Naslov,retain,,No change identified in the review.
hr,Toolbar,Traka alata,Traka alata,retain,,No change identified in the review.
hr,Track %s,Traka %s,Traka %s,retain,,No change identified in the review.
hr,Transition,Prijelaz,Prijelaz,retain,,No change identified in the review.
hr,Transition: %s,Prijelaz: %s,Prijelaz: %s,retain,,No change identified in the review.
hr,Transitions,Prijelazi,Prijelazi,retain,,No change identified in the review.
hr,Translate this Application...,Prevedi ovaj program …,Prevedi ovaj program …,retain,,No change identified in the review.
hr,Tutorial,Priručnik,Priručnik,retain,,No change identified in the review.
hr,Undo,Poništi,Poništi,retain,,No change identified in the review.
hr,Unlock track,Otključaj stazu,Otključaj traku,applied-consistency,Otključaj traku,Match Add Track and Track %s.
hr,Untitled Project,Neimenovani projekt,Neimenovani projekt,retain,,No change identified in the review.
hr,Update Available,Dostupna je nova verzija,Dostupna je nova verzija,retain,,No change identified in the review.
hr,Value,Vrijednost,Vrijednost,retain,,No change identified in the review.
hr,Vectorscope,Vektorskop,Vektorskop,retain,,No change identified in the review.
hr,Video,Video,Video,retain,,No change identified in the review.
hr,Video Preview,Pregled videa,Pregled videa,retain,,No change identified in the review.
hr,View,Prikaz,Prikaz,retain,,No change identified in the review.
hr,Window,Prozor,Prozor,retain,,No change identified in the review.
hr,Zoom left edge,Zumiraj lijevi rub,Zumiraj lijevi rub,retain,,No change identified in the review.
hr,Zoom right edge,Zumiraj desni rub,Zumiraj desni rub,retain,,No change identified in the review.
nl,&Edit,B&ewerken,B&ewerken,retain,,No change identified in the review.
nl,&File,&Bestand,&Bestand,retain,,No change identified in the review.
nl,&Preferences,&Voorkeuren,&Voorkeuren,retain,,No change identified in the review.
nl,&Quit,&Afsluiten,&Afsluiten,retain,,No change identified in the review.
nl,About OpenShot,Over OpenShot,Over OpenShot,retain,,No change identified in the review.
nl,Add Marker,Markering toevoegen,Markering toevoegen,retain,,No change identified in the review.
nl,Add Track,Spoor toevoegen,Spoor toevoegen,retain,,No change identified in the review.
nl,Animated Title,Geanimeerde titel,Geanimeerde titel,retain,,No change identified in the review.
nl,Ask a Question...,Een vraag stellen...,Een vraag stellen...,retain,,No change identified in the review.
nl,Audio,Audio,Audio,retain,,No change identified in the review.
nl,Audio Levels,Audiovolumes,Audioniveaus,applied-correction,Audioniveaus,"Meters show signal levels, not volume-control settings."
nl,Caption Toolbar,Bijschrift-werkbalk,Ondertitelwerkbalk,applied-correction,Ondertitelwerkbalk,Use the same timed-subtitle term as the dock.
nl,Captions,Bijschriften,Ondertitels,applied-correction,Ondertitels,The editor handles timed subtitle cues rather than image captions.
nl,Center on Playhead,Centreren op afspeelkop,Centreren op afspeelkop,retain,,No change identified in the review.
nl,Center the timeline on the Playhead,De tijdbalk centreren op de afspeelkop,De tijdbalk centreren op de afspeelkop,retain,,No change identified in the review.
nl,Choose Profile,Profiel kiezen,Profiel kiezen,retain,,No change identified in the review.
nl,Clear,Wissen,Wissen,retain,,No change identified in the review.
nl,Click: center · Drag: zoom,Klik: centrum · Sleep: zoom,Klik: centreren · Sleep: zoomen,applied-correction,Klik: centreren · Sleep: zoomen,Use actions rather than the noun centrum.
nl,Clip,Clip,Clip,retain,,No change identified in the review.
nl,Clip: %s,Clip: %s,Clip: %s,retain,,No change identified in the review.
nl,Color View,Kleurweergave,Kleurweergave,retain,,No change identified in the review.
nl,Common,Veelgebruikt,Veelgebruikt,retain,,No change identified in the review.
nl,Contents,Inhoud,Inhoud,retain,,No change identified in the review.
nl,Disable Razor,Scheermes uitschakelen,Scheermes uitschakelen,retain,,No change identified in the review.
nl,Disable Snapping,Schuiven uitschakelen,Vastklikken uitschakelen,applied-correction,Vastklikken uitschakelen,Use the same snapping term in both states.
nl,Disable Timing,Tijdinstelling uitschakelen,Tijdinstelling uitschakelen,retain,,No change identified in the review.
nl,Docks,Dokken,Dokken,retain,,No change identified in the review.
nl,Donate,Doneren,Doneren,retain,,No change identified in the review.
nl,Effect,Effect,Effect,retain,,No change identified in the review.
nl,Effect: %s,Effect: %s,Effect: %s,retain,,No change identified in the review.
nl,Effects,Effecten,Effecten,retain,,No change identified in the review.
nl,Emojis,Emoji's,Emoji's,retain,,No change identified in the review.
nl,Enable Razor,Scheermes inschakelen,Scheermes inschakelen,retain,,No change identified in the review.
nl,Enable Snapping,Schuiven inschakelen,Vastklikken inschakelen,applied-correction,Vastklikken inschakelen,Snapping aligns clip edges; schuiven means sliding. Kdenlive also calls this vastklikken.
nl,Enable Timing,Tijdinstelling inschakelen,Tijdinstelling inschakelen,retain,,No change identified in the review.
nl,Enter caption text...,Tekst voor bijschrift invoeren...,Ondertiteltekst invoeren...,applied-correction,Ondertiteltekst invoeren...,Use the same subtitle term as the dock.
nl,Export Project,Project exporteren,Project exporteren,retain,,No change identified in the review.
nl,Export Video,Video exporteren,Video exporteren,retain,,No change identified in the review.
nl,Fast Forward,Vooruitspoelen,Vooruitspoelen,retain,,No change identified in the review.
nl,Filter,Filteren,Filteren,retain,,No change identified in the review.
nl,Fullscreen,Schermvullend,Schermvullend,retain,,No change identified in the review.
nl,Help,Help,Help,retain,,No change identified in the review.
nl,Hide keyframes,Verberg keyframes,Verberg keyframes,retain,,No change identified in the review.
nl,Histogram,Histogram,Histogram,retain,,No change identified in the review.
nl,Image,Afbeelding,Afbeelding,retain,,No change identified in the review.
nl,Import Files,Bestanden importeren,Bestanden importeren,retain,,No change identified in the review.
nl,Import Files...,Bestanden importeren...,Bestanden importeren...,retain,,No change identified in the review.
nl,Import Project,Project importeren,Project importeren,retain,,No change identified in the review.
nl,Insert Caption,Bijschrift invoegen,Ondertitel invoegen,applied-correction,Ondertitel invoegen,Use the same subtitle term as the dock.
nl,Join our Community...,Word lid van onze community...,Word lid van onze community...,retain,,No change identified in the review.
nl,Jump To End,Naar einde springen,Naar einde springen,retain,,No change identified in the review.
nl,Jump To Start,Naar begin springen,Naar begin springen,retain,,No change identified in the review.
nl,Launch Tutorial,Handleiding openen,Handleiding openen,retain,,No change identified in the review.
nl,Lock track,Vergrendel spoor,Vergrendel spoor,retain,,No change identified in the review.
nl,Luma Waveform,Luma-golfvorm,Luma-golfvorm,retain,,No change identified in the review.
nl,My Views,Mijn weergaven,Mijn weergaven,retain,,No change identified in the review.
nl,Name,Naam,Naam,retain,,No change identified in the review.
nl,New Project,Nieuw project,Nieuw project,retain,,No change identified in the review.
nl,Next Marker,Volgende markering,Volgende markering,retain,,No change identified in the review.
nl,Open Help Contents,Help-inhoud openen,Help-inhoud openen,retain,,No change identified in the review.
nl,Open Project,Project openen,Project openen,retain,,No change identified in the review.
nl,Open Project...,Project openen...,Project openen...,retain,,No change identified in the review.
nl,Pan timeline,Schuif tijdlijn,Tijdbalk verschuiven,applied-consistency,Tijdbalk verschuiven,Match the existing Timeline heading and use an infinitive like other commands.
nl,Play,Afspelen,Afspelen,retain,,No change identified in the review.
nl,Preferences,Voorkeuren,Voorkeuren,retain,,No change identified in the review.
nl,Previous Marker,Vorige markering,Vorige markering,retain,,No change identified in the review.
nl,Project Files,Projectbestanden,Projectbestanden,retain,,No change identified in the review.
nl,Properties,Eigenschappen,Eigenschappen,retain,,No change identified in the review.
nl,Property,Eigenschap,Eigenschap,retain,,No change identified in the review.
nl,Quit,Afsluiten,Afsluiten,retain,,No change identified in the review.
nl,Recent Projects,Recente projecten,Recente projecten,retain,,No change identified in the review.
nl,Recording,Opname,Opname,retain,,No change identified in the review.
nl,Recording View,Opnameweergave,Opnameweergave,retain,,No change identified in the review.
nl,Recovery,Herstel,Herstel,retain,,No change identified in the review.
nl,Redo,Opnieuw uitvoeren,Opnieuw uitvoeren,retain,,No change identified in the review.
nl,Report a Bug...,Een bug melden...,Een bug melden...,retain,,No change identified in the review.
nl,Rewind,Terugspoelen,Terugspoelen,retain,,No change identified in the review.
nl,Save Current Frame,Huidig frame opslaan,Huidig frame opslaan,retain,,No change identified in the review.
nl,Save Project,Project opslaan,Project opslaan,retain,,No change identified in the review.
nl,Save Project As...,Project opslaan als...,Project opslaan als...,retain,,No change identified in the review.
nl,Scopes,Scopes,Scopes,retain,,No change identified in the review.
nl,Show All,Alles weergeven,Alles weergeven,retain,,No change identified in the review.
nl,Show keyframes,Toon keyframes,Toon keyframes,retain,,No change identified in the review.
nl,Simple View,Eenvoudige weergave,Eenvoudige weergave,retain,,No change identified in the review.
nl,Tags,Tags,Tags,retain,,No change identified in the review.
nl,Thumb,Miniatuur,Miniatuur,retain,,No change identified in the review.
nl,Timeline,Tijdbalk,Tijdbalk,retain,,No change identified in the review.
nl,Title,Titel,Titel,retain,,No change identified in the review.
nl,Toolbar,Werkbalk,Werkbalk,retain,,No change identified in the review.
nl,Track %s,Spoor %s,Spoor %s,retain,,No change identified in the review.
nl,Transition,Overgang,Overgang,retain,,No change identified in the review.
nl,Transition: %s,Overgang: %s,Overgang: %s,retain,,No change identified in the review.
nl,Transitions,Overgangen,Overgangen,retain,,No change identified in the review.
nl,Translate this Application...,Dit programma vertalen...,Dit programma vertalen...,retain,,No change identified in the review.
nl,Tutorial,Handleiding,Handleiding,retain,,No change identified in the review.
nl,Undo,Ongedaan maken,Ongedaan maken,retain,,No change identified in the review.
nl,Unlock track,Ontgrendel spoor,Ontgrendel spoor,retain,,No change identified in the review.
nl,Untitled Project,Naamloos project,Naamloos project,retain,,No change identified in the review.
nl,Update Available,Update beschikbaar,Update beschikbaar,retain,,No change identified in the review.
nl,Value,Waarde,Waarde,retain,,No change identified in the review.
nl,Vectorscope,Vectorscoop,Vectorscoop,retain,,No change identified in the review.
nl,Video,Video,Video,retain,,No change identified in the review.
nl,Video Preview,Videovoorbeeld,Videovoorbeeld,retain,,No change identified in the review.
nl,View,Weergave,Weergave,retain,,No change identified in the review.
nl,Window,Venster,Venster,retain,,No change identified in the review.
nl,Zoom left edge,Zoom linkerzijde,Zoom linkerzijde,retain,,No change identified in the review.
nl,Zoom right edge,Zoom rechterzijde,Zoom rechterzijde,retain,,No change identified in the review.
fr,&Edit,&Édition,&Édition,retain,,No change identified in the review.
fr,&File,&Fichier,&Fichier,retain,,No change identified in the review.
fr,&Preferences,&Préférences,&Préférences,retain,,No change identified in the review.
fr,&Quit,&Quitter,&Quitter,retain,,No change identified in the review.
fr,About OpenShot,À propos d'OpenShot,À propos d'OpenShot,retain,,No change identified in the review.
fr,Add Marker,Ajouter un repère,Ajouter un repère,retain,,No change identified in the review.
fr,Add Track,Ajouter une piste,Ajouter une piste,retain,,No change identified in the review.
fr,Animated Title,Titre animé,Titre animé,retain,,No change identified in the review.
fr,Ask a Question...,Poser une question...,Poser une question...,retain,,No change identified in the review.
fr,Audio,Audio,Audio,retain,,No change identified in the review.
fr,Audio Levels,Niveaux audio,Niveaux audio,retain,,No change identified in the review.
fr,Caption Toolbar,Barre d'outils de légende,Barre d’outils des sous-titres,applied-correction,Barre d’outils des sous-titres,Match the timed-subtitle term used for the dock.
fr,Captions,Légendes,Sous-titres,applied-correction,Sous-titres,This dock edits timed subtitles; légendes suggests image captions.
fr,Center on Playhead,Centrer sur la tête de lecture,Centrer sur la tête de lecture,retain,,No change identified in the review.
fr,Center the timeline on the Playhead,Centrer la ligne du temps sur la tête de lecture,Centrer la ligne de temps sur la tête de lecture,applied-consistency,Centrer la ligne de temps sur la tête de lecture,Match the existing Timeline heading exactly.
fr,Choose Profile,Choisir un profil,Choisir un profil,retain,,No change identified in the review.
fr,Clear,Effacer,Effacer,retain,,No change identified in the review.
fr,Click: center · Drag: zoom,Clic : centrer · Glisser : zoomer,Clic : centrer · Glisser : zoomer,retain,,No change identified in the review.
fr,Clip,Clip,Clip,retain,,No change identified in the review.
fr,Clip: %s,Clip : %s,Clip : %s,retain,,No change identified in the review.
fr,Color View,Vue couleur,Vue couleur,retain,,No change identified in the review.
fr,Common,Commun,Commun,retain,,No change identified in the review.
fr,Contents,Contenus,Sommaire,applied-correction,Sommaire,"This opens the help table of contents, not generic content items."
fr,Disable Razor,Désactiver le rasoir,Désactiver le rasoir,retain,,No change identified in the review.
fr,Disable Snapping,Désactiver le magnétisme,Désactiver le magnétisme,retain,,No change identified in the review.
fr,Disable Timing,Désactiver le minutage,Désactiver le minutage,retain,,No change identified in the review.
fr,Docks,Docks,Docks,retain,,No change identified in the review.
fr,Donate,Faire un don,Faire un don,retain,,No change identified in the review.
fr,Effect,Effet,Effet,retain,,No change identified in the review.
fr,Effect: %s,Effet : %s,Effet : %s,retain,,No change identified in the review.
fr,Effects,Effets,Effets,retain,,No change identified in the review.
fr,Emojis,Émojis,Émojis,retain,,No change identified in the review.
fr,Enable Razor,Activer le rasoir,Activer le rasoir,retain,,No change identified in the review.
fr,Enable Snapping,Activer le magnétisme,Activer le magnétisme,retain,,No change identified in the review.
fr,Enable Timing,Activer le minutage,Activer le minutage,retain,,No change identified in the review.
fr,Enter caption text...,Saisir le texte de légende...,Saisir le texte du sous-titre...,applied-correction,Saisir le texte du sous-titre...,Match the dock and insertion action.
fr,Export Project,Exporter le projet,Exporter le projet,retain,,No change identified in the review.
fr,Export Video,Exporter la vidéo,Exporter la vidéo,retain,,No change identified in the review.
fr,Fast Forward,Avance rapide,Avance rapide,retain,,No change identified in the review.
fr,Filter,Filtrer,Filtrer,retain,,No change identified in the review.
fr,Fullscreen,Plein écran,Plein écran,retain,,No change identified in the review.
fr,Help,Aide,Aide,retain,,No change identified in the review.
fr,Hide keyframes,Masquer les images clés,Masquer les images clés,retain,,No change identified in the review.
fr,Histogram,Histogramme,Histogramme,retain,,No change identified in the review.
fr,Image,Images,Images,retain,,No change identified in the review.
fr,Import Files,Importer des fichiers,Importer des fichiers,retain,,No change identified in the review.
fr,Import Files...,Importer des fichiers…,Importer des fichiers…,retain,,No change identified in the review.
fr,Import Project,Importer un projet,Importer un projet,retain,,No change identified in the review.
fr,Insert Caption,Insérer une légende,Insérer un sous-titre,applied-correction,Insérer un sous-titre,"Inserts a timed subtitle cue, not a picture legend."
fr,Join our Community...,Rejoindre notre communauté...,Rejoindre notre communauté...,retain,,No change identified in the review.
fr,Jump To End,Aller à la fin,Aller à la fin,retain,,No change identified in the review.
fr,Jump To Start,Aller au début,Aller au début,retain,,No change identified in the review.
fr,Launch Tutorial,Lancer le didacticiel,Lancer le didacticiel,retain,,No change identified in the review.
fr,Lock track,Verrouiller la piste,Verrouiller la piste,retain,,No change identified in the review.
fr,Luma Waveform,Forme d'onde Luma,Forme d'onde Luma,retain,,No change identified in the review.
fr,My Views,Mes vues,Mes vues,retain,,No change identified in the review.
fr,Name,Nom,Nom,retain,,No change identified in the review.
fr,New Project,Nouveau projet,Nouveau projet,retain,,No change identified in the review.
fr,Next Marker,Repère suivant,Repère suivant,retain,,No change identified in the review.
fr,Open Help Contents,Ouvrir le sommaire de l'aide,Ouvrir le sommaire de l'aide,retain,,No change identified in the review.
fr,Open Project,Ouvrir un projet,Ouvrir un projet,retain,,No change identified in the review.
fr,Open Project...,Ouvrir un projet...,Ouvrir un projet...,retain,,No change identified in the review.
fr,Pan timeline,Déplacer la timeline,Déplacer la ligne de temps,applied-correction,Déplacer la ligne de temps,Avoid changing from the localized dock name to English in its tooltip.
fr,Play,Lecture,Lecture,retain,,No change identified in the review.
fr,Preferences,Préférences,Préférences,retain,,No change identified in the review.
fr,Previous Marker,Repère précédent,Repère précédent,retain,,No change identified in the review.
fr,Project Files,Fichiers du projet,Fichiers du projet,retain,,No change identified in the review.
fr,Properties,Propriétés,Propriétés,retain,,No change identified in the review.
fr,Property,Propriété,Propriété,retain,,No change identified in the review.
fr,Quit,Quitter,Quitter,retain,,No change identified in the review.
fr,Recent Projects,Projets récents,Projets récents,retain,,No change identified in the review.
fr,Recording,Enregistrement,Enregistrement,retain,,No change identified in the review.
fr,Recording View,Vue d'enregistrement,Vue d'enregistrement,retain,,No change identified in the review.
fr,Recovery,Récupération,Récupération,retain,,No change identified in the review.
fr,Redo,Rétablir,Rétablir,retain,,No change identified in the review.
fr,Report a Bug...,Signaler un bogue...,Signaler un bogue...,retain,,No change identified in the review.
fr,Rewind,Rembobiner,Rembobiner,retain,,No change identified in the review.
fr,Save Current Frame,Enregistrer l'image actuelle,Enregistrer l'image actuelle,retain,,No change identified in the review.
fr,Save Project,Enregistrer le projet,Enregistrer le projet,retain,,No change identified in the review.
fr,Save Project As...,Enregistrer le projet sous…,Enregistrer le projet sous…,retain,,No change identified in the review.
fr,Scopes,Scopes,Scopes,retain,,No change identified in the review.
fr,Show All,Tout afficher,Tout afficher,retain,,No change identified in the review.
fr,Show keyframes,Afficher les images clés,Afficher les images clés,retain,,No change identified in the review.
fr,Simple View,Vue simple,Vue simple,retain,,No change identified in the review.
fr,Tags,Étiquettes,Étiquettes,retain,,No change identified in the review.
fr,Thumb,Miniature,Miniature,retain,,No change identified in the review.
fr,Timeline,Ligne de temps,Ligne de temps,retain,,No change identified in the review.
fr,Title,Titre,Titre,retain,,No change identified in the review.
fr,Toolbar,Barre d'outils,Barre d'outils,retain,,No change identified in the review.
fr,Track %s,Piste %s,Piste %s,retain,,No change identified in the review.
fr,Transition,Transition,Transition,retain,,No change identified in the review.
fr,Transition: %s,Transition : %s,Transition : %s,retain,,No change identified in the review.
fr,Transitions,Transitions,Transitions,retain,,No change identified in the review.
fr,Translate this Application...,Traduire cette application...,Traduire cette application...,retain,,No change identified in the review.
fr,Tutorial,Didacticiel,Didacticiel,retain,,No change identified in the review.
fr,Undo,Annuler,Annuler,retain,,No change identified in the review.
fr,Unlock track,Déverrouiller la piste,Déverrouiller la piste,retain,,No change identified in the review.
fr,Untitled Project,Projet sans nom,Projet sans nom,retain,,No change identified in the review.
fr,Update Available,Mise à jour disponible,Mise à jour disponible,retain,,No change identified in the review.
fr,Value,Valeur,Valeur,retain,,No change identified in the review.
fr,Vectorscope,Vectorscope,Vectorscope,retain,,No change identified in the review.
fr,Video,Vidéo,Vidéo,retain,,No change identified in the review.
fr,Video Preview,Aperçu vidéo,Aperçu vidéo,retain,,No change identified in the review.
fr,View,Vue,Vue,retain,,No change identified in the review.
fr,Window,Fenêtre,Fenêtre,retain,,No change identified in the review.
fr,Zoom left edge,Zoom bord gauche,Zoom bord gauche,retain,,No change identified in the review.
fr,Zoom right edge,Zoom bord droit,Zoom bord droit,retain,,No change identified in the review.
fi,&Edit,&Muokkaa,&Muokkaa,retain,,No change identified in the review.
fi,&File,&Tiedosto,&Tiedosto,retain,,No change identified in the review.
fi,&Preferences,Asetukset,Asetukset,retain,,No change identified in the review.
fi,&Quit,&Lopeta,&Lopeta,retain,,No change identified in the review.
fi,About OpenShot,Tietoja OpenShotista,Tietoja OpenShotista,retain,,No change identified in the review.
fi,Add Marker,Lisää merkki,Lisää merkki,retain,,No change identified in the review.
fi,Add Track,Lisää raita,Lisää raita,retain,,No change identified in the review.
fi,Animated Title,Animoitu otsikko,Animoitu otsikko,retain,,No change identified in the review.
fi,Ask a Question...,Kysy kysymys,Kysy kysymys,retain,,No change identified in the review.
fi,Audio,Ääni,Ääni,retain,,No change identified in the review.
fi,Audio Levels,Äänitasot,Äänitasot,retain,,No change identified in the review.
fi,Caption Toolbar,Tekstitys työkalupalkki,Tekstitystyökalupalkki,applied-correction,Tekstitystyökalupalkki,Use a correctly formed Finnish compound for the subtitle toolbar.
fi,Captions,Tekstitykset,Tekstitykset,retain,,No change identified in the review.
fi,Center on Playhead,Keskellä toistopaikkaa,Keskitä toistopaikkaan,applied-correction,Keskitä toistopaikkaan,Use an action instead of in the middle of the playback position.
fi,Center the timeline on the Playhead,Keskitä aikajana toistopaikkaan,Keskitä aikajana toistopaikkaan,retain,,No change identified in the review.
fi,Choose Profile,Valitse profiili,Valitse profiili,retain,,No change identified in the review.
fi,Clear,Tyhjennä,Tyhjennä,retain,,No change identified in the review.
fi,Click: center · Drag: zoom,Napsauta: keskitä · Vedä: suurennus,Napsauta: keskitä · Vedä: suurennus,retain,,No change identified in the review.
fi,Clip,Leike,Leike,retain,,No change identified in the review.
fi,Clip: %s,Leike: %s,Leike: %s,retain,,No change identified in the review.
fi,Color View,Väri-näkymä,Värinäkymä,applied-correction,Värinäkymä,Use the normal compound without an unnecessary hyphen.
fi,Common,Yleiset,Yleiset,retain,,No change identified in the review.
fi,Contents,Sisältö,Sisältö,retain,,No change identified in the review.
fi,Disable Razor,Poista Razor käytöstä,Poista Razor käytöstä,retain,,No change identified in the review.
fi,Disable Snapping,Poista napsauttaminen käytöstä,Poista napsauttaminen käytöstä,deferred-candidate,Poista kohdistus käytöstä,Pair with the proposed magnetic-alignment term.
fi,Disable Timing,Poista ajoitus käytöstä,Poista ajoitus käytöstä,retain,,No change identified in the review.
fi,Docks,Telakat,Telakat,retain,,No change identified in the review.
fi,Donate,Lahjoita,Lahjoita,retain,,No change identified in the review.
fi,Effect,Tehoste,Tehoste,retain,,No change identified in the review.
fi,Effect: %s,Efekti: %s,Tehoste: %s,applied-consistency,Tehoste: %s,Match Effect and Effects.
fi,Effects,Tehosteet,Tehosteet,retain,,No change identified in the review.
fi,Emojis,Emojit,Emojit,retain,,No change identified in the review.
fi,Enable Razor,Ota Razor käyttöön,Ota Razor käyttöön,retain,,No change identified in the review.
fi,Enable Snapping,Ota napsauttaminen käyttöön,Ota napsauttaminen käyttöön,deferred-candidate,Ota kohdistus käyttöön,Napsauttaminen means clicking; the tool enables magnetic alignment. Confirm the preferred local snapping term.
fi,Enable Timing,Ota ajoitus käyttöön,Ota ajoitus käyttöön,retain,,No change identified in the review.
fi,Enter caption text...,Kirjoita otsikkoteksti...,Kirjoita tekstitysteksti...,applied-correction,Kirjoita tekstitysteksti...,"This is subtitle text, not title text."
fi,Export Project,Vie projekti,Vie projekti,retain,,No change identified in the review.
fi,Export Video,Vie videoksi,Vie videoksi,retain,,No change identified in the review.
fi,Fast Forward,Pikakelaus eteenpäin,Pikakelaus eteenpäin,retain,,No change identified in the review.
fi,Filter,Suodatin,Suodatin,retain,,No change identified in the review.
fi,Fullscreen,Kokoruutu,Kokoruutu,retain,,No change identified in the review.
fi,Help,Ohje,Ohje,retain,,No change identified in the review.
fi,Hide keyframes,Piilota avainkehykset,Piilota avainkehykset,retain,,No change identified in the review.
fi,Histogram,Histogrammi,Histogrammi,retain,,No change identified in the review.
fi,Image,Kuvat,Kuvat,retain,,No change identified in the review.
fi,Import Files,Tuo tiedostoja,Tuo tiedostoja,retain,,No change identified in the review.
fi,Import Files...,Tuo tiedostoja...,Tuo tiedostoja...,retain,,No change identified in the review.
fi,Import Project,Tuo projekti,Tuo projekti,retain,,No change identified in the review.
fi,Insert Caption,Lisää tekstitys,Lisää tekstitys,retain,,No change identified in the review.
fi,Join our Community...,Liity yhteisöömme...,Liity yhteisöömme...,retain,,No change identified in the review.
fi,Jump To End,Hyppää loppuun,Hyppää loppuun,retain,,No change identified in the review.
fi,Jump To Start,Hyppää alkuun,Hyppää alkuun,retain,,No change identified in the review.
fi,Launch Tutorial,Käynnistä opaskierros,Käynnistä opaskierros,retain,,No change identified in the review.
fi,Lock track,Lukitse raita,Lukitse raita,retain,,No change identified in the review.
fi,Luma Waveform,Luma-aaltomuoto,Luma-aaltomuoto,retain,,No change identified in the review.
fi,My Views,Omat näkymät,Omat näkymät,retain,,No change identified in the review.
fi,Name,Nimi,Nimi,retain,,No change identified in the review.
fi,New Project,Uusi projekti,Uusi projekti,retain,,No change identified in the review.
fi,Next Marker,Seuraava merkki,Seuraava merkki,retain,,No change identified in the review.
fi,Open Help Contents,Avaa ohjeen sisältö,Avaa ohjeen sisältö,retain,,No change identified in the review.
fi,Open Project,Avaa projekti,Avaa projekti,retain,,No change identified in the review.
fi,Open Project...,Avaa projekti...,Avaa projekti...,retain,,No change identified in the review.
fi,Pan timeline,Selaa aikajanaa,Selaa aikajanaa,retain,,No change identified in the review.
fi,Play,Toista,Toista,retain,,No change identified in the review.
fi,Preferences,Asetukset,Asetukset,retain,,No change identified in the review.
fi,Previous Marker,Edellinen merkki,Edellinen merkki,retain,,No change identified in the review.
fi,Project Files,Projektin tiedostot,Projektin tiedostot,retain,,No change identified in the review.
fi,Properties,Ominaisuudet,Ominaisuudet,retain,,No change identified in the review.
fi,Property,Ominaisuus,Ominaisuus,retain,,No change identified in the review.
fi,Quit,Lopeta,Lopeta,retain,,No change identified in the review.
fi,Recent Projects,Viimeisimmät projektit,Viimeisimmät projektit,retain,,No change identified in the review.
fi,Recording,Tallennus,Tallennus,retain,,No change identified in the review.
fi,Recording View,Tallennusnäkymä,Tallennusnäkymä,retain,,No change identified in the review.
fi,Recovery,Palauta,Palauta,retain,,No change identified in the review.
fi,Redo,Tee uudelleen,Tee uudelleen,retain,,No change identified in the review.
fi,Report a Bug...,Ilmoita virheestä,Ilmoita virheestä,retain,,No change identified in the review.
fi,Rewind,Kelaus taaksepäin,Kelaus taaksepäin,retain,,No change identified in the review.
fi,Save Current Frame,Tallenna kyseinen ruutu,Tallenna kyseinen ruutu,retain,,No change identified in the review.
fi,Save Project,Tallenna projekti,Tallenna projekti,retain,,No change identified in the review.
fi,Save Project As...,Tallenna projekti nimellä...,Tallenna projekti nimellä...,retain,,No change identified in the review.
fi,Scopes,Mittarit,Mittarit,retain,,No change identified in the review.
fi,Show All,Näytä kaikki,Näytä kaikki,retain,,No change identified in the review.
fi,Show keyframes,Näytä avainkehykset,Näytä avainkehykset,retain,,No change identified in the review.
fi,Simple View,Yksinkertainen näkymä,Yksinkertainen näkymä,retain,,No change identified in the review.
fi,Tags,Merkinnät,Merkinnät,retain,,No change identified in the review.
fi,Thumb,Esikatselu,Esikatselu,retain,,No change identified in the review.
fi,Timeline,Aikajana,Aikajana,retain,,No change identified in the review.
fi,Title,Otsikko,Otsikko,retain,,No change identified in the review.
fi,Toolbar,Työkalupalkki,Työkalupalkki,retain,,No change identified in the review.
fi,Track %s,Raita %s,Raita %s,retain,,No change identified in the review.
fi,Transition,Siirtymä,Siirtymä,retain,,No change identified in the review.
fi,Transition: %s,Siirtymä: %s,Siirtymä: %s,retain,,No change identified in the review.
fi,Transitions,Siirtymät,Siirtymät,retain,,No change identified in the review.
fi,Translate this Application...,Käännä tämä ohjelma...,Käännä tämä ohjelma...,retain,,No change identified in the review.
fi,Tutorial,Opaskierros,Opaskierros,retain,,No change identified in the review.
fi,Undo,Kumoa,Kumoa,retain,,No change identified in the review.
fi,Unlock track,Avaa raita,Avaa raita,retain,,No change identified in the review.
fi,Untitled Project,Nimetön projekti,Nimetön projekti,retain,,No change identified in the review.
fi,Update Available,Päivitys saatavilla,Päivitys saatavilla,retain,,No change identified in the review.
fi,Value,Arvo,Arvo,retain,,No change identified in the review.
fi,Vectorscope,Vektoriaaltomuoto,Vektoriskooppi,applied-correction,Vektoriskooppi,"A vectorscope is an instrument, not a vector waveform."
fi,Video,Video,Video,retain,,No change identified in the review.
fi,Video Preview,Videon esikatselu,Videon esikatselu,retain,,No change identified in the review.
fi,View,Näytä,Näytä,retain,,No change identified in the review.
fi,Window,Ikkuna,Ikkuna,retain,,No change identified in the review.
fi,Zoom left edge,Suurennus vasempaan reunaan,Suurennus vasempaan reunaan,retain,,No change identified in the review.
fi,Zoom right edge,Suurennus oikeaan reunaan,Suurennus oikeaan reunaan,retain,,No change identified in the review.
en,&Edit,&Edit,&Edit,source-reference,,No change identified in the review.
en,&File,&File,&File,source-reference,,No change identified in the review.
en,&Preferences,&Preferences,&Preferences,source-reference,,No change identified in the review.
en,&Quit,&Quit,&Quit,source-reference,,No change identified in the review.
en,About OpenShot,About OpenShot,About OpenShot,source-reference,,No change identified in the review.
en,Add Marker,Add Marker,Add Marker,source-reference,,No change identified in the review.
en,Add Track,Add Track,Add Track,source-reference,,No change identified in the review.
en,Animated Title,Animated Title,Animated Title,source-reference,,No change identified in the review.
en,Ask a Question...,Ask a Question...,Ask a Question...,source-reference,,No change identified in the review.
en,Audio,Audio,Audio,source-reference,,No change identified in the review.
en,Audio Levels,Audio Levels,Audio Levels,source-reference,,No change identified in the review.
en,Caption Toolbar,Caption Toolbar,Caption Toolbar,source-reference,,No change identified in the review.
en,Captions,Captions,Captions,source-reference,,No change identified in the review.
en,Center on Playhead,Center on Playhead,Center on Playhead,source-reference,,No change identified in the review.
en,Center the timeline on the Playhead,Center the timeline on the Playhead,Center the timeline on the Playhead,source-reference,,No change identified in the review.
en,Choose Profile,Choose Profile,Choose Profile,source-reference,,No change identified in the review.
en,Clear,Clear,Clear,source-reference,,No change identified in the review.
en,Click: center · Drag: zoom,Click: center · Drag: zoom,Click: center · Drag: zoom,source-reference,,No change identified in the review.
en,Clip,Clip,Clip,source-reference,,No change identified in the review.
en,Clip: %s,Clip: %s,Clip: %s,source-reference,,No change identified in the review.
en,Color View,Color View,Color View,source-reference,,No change identified in the review.
en,Common,Common,Common,source-reference,,No change identified in the review.
en,Contents,Contents,Contents,source-reference,,No change identified in the review.
en,Disable Razor,Disable Razor,Disable Razor,source-reference,,No change identified in the review.
en,Disable Snapping,Disable Snapping,Disable Snapping,source-reference,,No change identified in the review.
en,Disable Timing,Disable Timing,Disable Timing,source-reference,,No change identified in the review.
en,Docks,Docks,Docks,source-reference,,No change identified in the review.
en,Donate,Donate,Donate,source-reference,,No change identified in the review.
en,Effect,Effect,Effect,source-reference,,No change identified in the review.
en,Effect: %s,Effect: %s,Effect: %s,source-reference,,No change identified in the review.
en,Effects,Effects,Effects,source-reference,,No change identified in the review.
en,Emojis,Emojis,Emojis,source-reference,,No change identified in the review.
en,Enable Razor,Enable Razor,Enable Razor,source-reference,,No change identified in the review.
en,Enable Snapping,Enable Snapping,Enable Snapping,source-reference,,No change identified in the review.
en,Enable Timing,Enable Timing,Enable Timing,source-reference,,No change identified in the review.
en,Enter caption text...,Enter caption text...,Enter caption text...,source-reference,,No change identified in the review.
en,Export Project,Export Project,Export Project,source-reference,,No change identified in the review.
en,Export Video,Export Video,Export Video,source-reference,,No change identified in the review.
en,Fast Forward,Fast Forward,Fast Forward,source-reference,,No change identified in the review.
en,Filter,Filter,Filter,source-reference,,No change identified in the review.
en,Fullscreen,Fullscreen,Fullscreen,source-reference,,No change identified in the review.
en,Help,Help,Help,source-reference,,No change identified in the review.
en,Hide keyframes,Hide keyframes,Hide keyframes,source-reference,,No change identified in the review.
en,Histogram,Histogram,Histogram,source-reference,,No change identified in the review.
en,Image,Image,Image,source-reference,,No change identified in the review.
en,Import Files,Import Files,Import Files,source-reference,,No change identified in the review.
en,Import Files...,Import Files...,Import Files...,source-reference,,No change identified in the review.
en,Import Project,Import Project,Import Project,source-reference,,No change identified in the review.
en,Insert Caption,Insert Caption,Insert Caption,source-reference,,No change identified in the review.
en,Join our Community...,Join our Community...,Join our Community...,source-reference,,No change identified in the review.
en,Jump To End,Jump To End,Jump To End,source-reference,,No change identified in the review.
en,Jump To Start,Jump To Start,Jump To Start,source-reference,,No change identified in the review.
en,Launch Tutorial,Launch Tutorial,Launch Tutorial,source-reference,,No change identified in the review.
en,Lock track,Lock track,Lock track,source-reference,,No change identified in the review.
en,Luma Waveform,Luma Waveform,Luma Waveform,source-reference,,No change identified in the review.
en,My Views,My Views,My Views,source-reference,,No change identified in the review.
en,Name,Name,Name,source-reference,,No change identified in the review.
en,New Project,New Project,New Project,source-reference,,No change identified in the review.
en,Next Marker,Next Marker,Next Marker,source-reference,,No change identified in the review.
en,Open Help Contents,Open Help Contents,Open Help Contents,source-reference,,No change identified in the review.
en,Open Project,Open Project,Open Project,source-reference,,No change identified in the review.
en,Open Project...,Open Project...,Open Project...,source-reference,,No change identified in the review.
en,Pan timeline,Pan timeline,Pan timeline,source-reference,,No change identified in the review.
en,Play,Play,Play,source-reference,,No change identified in the review.
en,Preferences,Preferences,Preferences,source-reference,,No change identified in the review.
en,Previous Marker,Previous Marker,Previous Marker,source-reference,,No change identified in the review.
en,Project Files,Project Files,Project Files,source-reference,,No change identified in the review.
en,Properties,Properties,Properties,source-reference,,No change identified in the review.
en,Property,Property,Property,source-reference,,No change identified in the review.
en,Quit,Quit,Quit,source-reference,,No change identified in the review.
en,Recent Projects,Recent Projects,Recent Projects,source-reference,,No change identified in the review.
en,Recording,Recording,Recording,source-reference,,No change identified in the review.
en,Recording View,Recording View,Recording View,source-reference,,No change identified in the review.
en,Recovery,Recovery,Recovery,source-reference,,No change identified in the review.
en,Redo,Redo,Redo,source-reference,,No change identified in the review.
en,Report a Bug...,Report a Bug...,Report a Bug...,source-reference,,No change identified in the review.
en,Rewind,Rewind,Rewind,source-reference,,No change identified in the review.
en,Save Current Frame,Save Current Frame,Save Current Frame,source-reference,,No change identified in the review.
en,Save Project,Save Project,Save Project,source-reference,,No change identified in the review.
en,Save Project As...,Save Project As...,Save Project As...,source-reference,,No change identified in the review.
en,Scopes,Scopes,Scopes,source-reference,,No change identified in the review.
en,Show All,Show All,Show All,source-reference,,No change identified in the review.
en,Show keyframes,Show keyframes,Show keyframes,source-reference,,No change identified in the review.
en,Simple View,Simple View,Simple View,source-reference,,No change identified in the review.
en,Tags,Tags,Tags,source-reference,,No change identified in the review.
en,Thumb,Thumb,Thumb,source-reference,,No change identified in the review.
en,Timeline,Timeline,Timeline,source-reference,,No change identified in the review.
en,Title,Title,Title,source-reference,,No change identified in the review.
en,Toolbar,Toolbar,Toolbar,source-reference,,No change identified in the review.
en,Track %s,Track %s,Track %s,source-reference,,No change identified in the review.
en,Transition,Transition,Transition,source-reference,,No change identified in the review.
en,Transition: %s,Transition: %s,Transition: %s,source-reference,,No change identified in the review.
en,Transitions,Transitions,Transitions,source-reference,,No change identified in the review.
en,Translate this Application...,Translate this Application...,Translate this Application...,source-reference,,No change identified in the review.
en,Tutorial,Tutorial,Tutorial,source-reference,,No change identified in the review.
en,Undo,Undo,Undo,source-reference,,No change identified in the review.
en,Unlock track,Unlock track,Unlock track,source-reference,,No change identified in the review.
en,Untitled Project,Untitled Project,Untitled Project,source-reference,,No change identified in the review.
en,Update Available,Update Available,Update Available,source-reference,,No change identified in the review.
en,Value,Value,Value,source-reference,,No change identified in the review.
en,Vectorscope,Vectorscope,Vectorscope,source-reference,,No change identified in the review.
en,Video,Video,Video,source-reference,,No change identified in the review.
en,Video Preview,Video Preview,Video Preview,source-reference,,No change identified in the review.
en,View,View,View,source-reference,,No change identified in the review.
en,Window,Window,Window,source-reference,,No change identified in the review.
en,Zoom left edge,Zoom left edge,Zoom left edge,source-reference,,No change identified in the review.
en,Zoom right edge,Zoom right edge,Zoom right edge,source-reference,,No change identified in the review.
de,&Edit,&Bearbeiten,&Bearbeiten,retain,,No change identified in the review.
de,&File,&Datei,&Datei,retain,,No change identified in the review.
de,&Preferences,&Einstellungen,&Einstellungen,retain,,No change identified in the review.
de,&Quit,&Beenden,&Beenden,retain,,No change identified in the review.
de,About OpenShot,Über OpenShot,Über OpenShot,retain,,No change identified in the review.
de,Add Marker,Marker hinzufügen,Marker hinzufügen,retain,,No change identified in the review.
de,Add Track,Spur hinzufügen,Spur hinzufügen,retain,,No change identified in the review.
de,Animated Title,Animierter Titel,Animierter Titel,retain,,No change identified in the review.
de,Ask a Question...,Eine Frage stellen …,Eine Frage stellen …,retain,,No change identified in the review.
de,Audio,Ton,Ton,retain,,No change identified in the review.
de,Audio Levels,Audiopegel,Audiopegel,retain,,No change identified in the review.
de,Caption Toolbar,Beschriftungs-Symbolleiste,Untertitel-Werkzeugleiste,applied-consistency,Untertitel-Werkzeugleiste,Use the subtitle term and match the existing Toolbar noun.
de,Captions,Beschriftungen,Untertitel,applied-correction,Untertitel,"The dock edits timed subtitle cues, not generic labels."
de,Center on Playhead,Auf Abspielkopf zentrieren,Auf Abspielkopf zentrieren,retain,,No change identified in the review.
de,Center the timeline on the Playhead,Zeitleiste auf Abspiel-Cursor zentrieren,Zeitleiste auf Abspielkopf zentrieren,applied-correction,Zeitleiste auf Abspielkopf zentrieren,Match Center on Playhead rather than switching to Abspiel-Cursor.
de,Choose Profile,Profil auswählen,Profil auswählen,retain,,No change identified in the review.
de,Clear,Löschen,Löschen,retain,,No change identified in the review.
de,Click: center · Drag: zoom,Klicken: zentrieren · Ziehen: zoomen,Klicken: zentrieren · Ziehen: zoomen,retain,,No change identified in the review.
de,Clip,Clip,Clip,retain,,No change identified in the review.
de,Clip: %s,Clip: %s,Clip: %s,retain,,No change identified in the review.
de,Color View,Farbansicht,Farbansicht,retain,,No change identified in the review.
de,Common,Allgemein,Allgemein,retain,,No change identified in the review.
de,Contents,Inhalt,Inhalt,retain,,No change identified in the review.
de,Disable Razor,Radierer deaktivieren,Rasierklinge deaktivieren,applied-correction,Rasierklinge deaktivieren,Use the same cutting-tool term in both states.
de,Disable Snapping,Einrasten deaktivieren,Einrasten deaktivieren,retain,,No change identified in the review.
de,Disable Timing,Timing deaktivieren,Timing deaktivieren,retain,,No change identified in the review.
de,Docks,Andockbereiche,Andockbereiche,retain,,No change identified in the review.
de,Donate,Spenden,Spenden,retain,,No change identified in the review.
de,Effect,Effekt,Effekt,retain,,No change identified in the review.
de,Effect: %s,Effekt: %s,Effekt: %s,retain,,No change identified in the review.
de,Effects,Effekte,Effekte,retain,,No change identified in the review.
de,Emojis,Emojis,Emojis,retain,,No change identified in the review.
de,Enable Razor,Radierer aktivieren,Rasierklinge aktivieren,applied-correction,Rasierklinge aktivieren,Radierer is an eraser; this tool splits clips. Adobe uses Rasierklinge for this tool.
de,Enable Snapping,Einrasten aktivieren,Einrasten aktivieren,retain,,No change identified in the review.
de,Enable Timing,Timing aktivieren,Timing aktivieren,retain,,No change identified in the review.
de,Enter caption text...,Beschriftungstext eingeben …,Untertiteltext eingeben …,applied-correction,Untertiteltext eingeben …,Match the subtitle dock and insertion action.
de,Export Project,Projekt exportieren,Projekt exportieren,retain,,No change identified in the review.
de,Export Video,Video exportieren,Video exportieren,retain,,No change identified in the review.
de,Fast Forward,Schnelles Vorspulen,Schnelles Vorspulen,retain,,No change identified in the review.
de,Filter,Filter,Filter,retain,,No change identified in the review.
de,Fullscreen,Vollbild,Vollbild,retain,,No change identified in the review.
de,Help,Hilfe,Hilfe,retain,,No change identified in the review.
de,Hide keyframes,Keyframes ausblenden,Keyframes ausblenden,retain,,No change identified in the review.
de,Histogram,Histogramm,Histogramm,retain,,No change identified in the review.
de,Image,Bild,Bild,retain,,No change identified in the review.
de,Import Files,Dateien importieren,Dateien importieren,retain,,No change identified in the review.
de,Import Files...,Dateien importieren …,Dateien importieren …,retain,,No change identified in the review.
de,Import Project,Projekt importieren,Projekt importieren,retain,,No change identified in the review.
de,Insert Caption,Beschriftung einfügen,Untertitel einfügen,applied-correction,Untertitel einfügen,The action inserts a timed subtitle cue.
de,Join our Community...,Community beitreten …,Community beitreten …,retain,,No change identified in the review.
de,Jump To End,Zum Ende springen,Zum Ende springen,retain,,No change identified in the review.
de,Jump To Start,Zum Anfang springen,Zum Anfang springen,retain,,No change identified in the review.
de,Launch Tutorial,Einführung starten,Einführung starten,retain,,No change identified in the review.
de,Lock track,Spur sperren,Spur sperren,retain,,No change identified in the review.
de,Luma Waveform,Luma-Wellenform,Luma-Wellenform,retain,,No change identified in the review.
de,My Views,Meine Ansichten,Meine Ansichten,retain,,No change identified in the review.
de,Name,Name,Name,retain,,No change identified in the review.
de,New Project,Neues Projekt,Neues Projekt,retain,,No change identified in the review.
de,Next Marker,Nächster Marker,Nächster Marker,retain,,No change identified in the review.
de,Open Help Contents,Inhalt der Hilfe anzeigen,Inhalt der Hilfe anzeigen,retain,,No change identified in the review.
de,Open Project,Projekt öffnen,Projekt öffnen,retain,,No change identified in the review.
de,Open Project...,Projekt öffnen …,Projekt öffnen …,retain,,No change identified in the review.
de,Pan timeline,Timeline verschieben,Zeitleiste verschieben,applied-consistency,Zeitleiste verschieben,Match the localized Timeline dock name.
de,Play,Wiedergabe,Wiedergabe,retain,,No change identified in the review.
de,Preferences,Einstellungen,Einstellungen,retain,,No change identified in the review.
de,Previous Marker,Vorheriger Marker,Vorheriger Marker,retain,,No change identified in the review.
de,Project Files,Projektdateien,Projektdateien,retain,,No change identified in the review.
de,Properties,Eigenschaften,Eigenschaften,retain,,No change identified in the review.
de,Property,Merkmal,Eigenschaft,applied-correction,Eigenschaft,Use the singular of the existing Properties term.
de,Quit,Beenden,Beenden,retain,,No change identified in the review.
de,Recent Projects,Zuletzt geöffnete Projekte,Zuletzt geöffnete Projekte,retain,,No change identified in the review.
de,Recording,Aufnahme,Aufnahme,retain,,No change identified in the review.
de,Recording View,Aufnahmeansicht,Aufnahmeansicht,retain,,No change identified in the review.
de,Recovery,Wiederherstellung,Wiederherstellung,retain,,No change identified in the review.
de,Redo,Wiederholen,Wiederholen,retain,,No change identified in the review.
de,Report a Bug...,Einen Fehler melden …,Einen Fehler melden …,retain,,No change identified in the review.
de,Rewind,Zurückspulen,Zurückspulen,retain,,No change identified in the review.
de,Save Current Frame,Aktuelles Einzelbild speichern,Aktuelles Einzelbild speichern,retain,,No change identified in the review.
de,Save Project,Projekt speichern,Projekt speichern,retain,,No change identified in the review.
de,Save Project As...,Projekt speichern unter …,Projekt speichern unter …,retain,,No change identified in the review.
de,Scopes,Scopes,Scopes,retain,,No change identified in the review.
de,Show All,Alles anzeigen,Alles anzeigen,retain,,No change identified in the review.
de,Show keyframes,Keyframes anzeigen,Keyframes anzeigen,retain,,No change identified in the review.
de,Simple View,Einfache Ansicht,Einfache Ansicht,retain,,No change identified in the review.
de,Tags,Schlagwörter,Schlagwörter,retain,,No change identified in the review.
de,Thumb,Vorschau,Vorschau,retain,,No change identified in the review.
de,Timeline,Zeitleiste,Zeitleiste,retain,,No change identified in the review.
de,Title,Titel,Titel,retain,,No change identified in the review.
de,Toolbar,Werkzeugleiste,Werkzeugleiste,retain,,No change identified in the review.
de,Track %s,Spur %s,Spur %s,retain,,No change identified in the review.
de,Transition,Übergang,Übergang,retain,,No change identified in the review.
de,Transition: %s,Übergang: %s,Übergang: %s,retain,,No change identified in the review.
de,Transitions,Übergänge,Übergänge,retain,,No change identified in the review.
de,Translate this Application...,Diese Anwendung übersetzen …,Diese Anwendung übersetzen …,retain,,No change identified in the review.
de,Tutorial,Einführung,Einführung,retain,,No change identified in the review.
de,Undo,Rückgängig,Rückgängig,retain,,No change identified in the review.
de,Unlock track,Spur freigeben,Spur freigeben,retain,,No change identified in the review.
de,Untitled Project,Unbenanntes Projekt,Unbenanntes Projekt,retain,,No change identified in the review.
de,Update Available,Update verfügbar,Update verfügbar,retain,,No change identified in the review.
de,Value,Wert,Wert,retain,,No change identified in the review.
de,Vectorscope,Vectorscope,Vectorscope,retain,,No change identified in the review.
de,Video,Video,Video,retain,,No change identified in the review.
de,Video Preview,Videovorschau,Videovorschau,retain,,No change identified in the review.
de,View,Ansicht,Ansicht,retain,,No change identified in the review.
de,Window,Fenster,Fenster,retain,,No change identified in the review.
de,Zoom left edge,Linken Rand zoomen,Linken Rand zoomen,retain,,No change identified in the review.
de,Zoom right edge,Rechten Rand zoomen,Rechten Rand zoomen,retain,,No change identified in the review.
hi,&Edit,&संपादित करें,&संपादित करें,retain,,No change identified in the review.
hi,&File,&फ़ाइल,&फ़ाइल,retain,,No change identified in the review.
hi,&Preferences,&पसंदें,&पसंदें,retain,,No change identified in the review.
hi,&Quit,&बाहर निकलें,&बाहर निकलें,retain,,No change identified in the review.
hi,About OpenShot,ओपेनशॉट के बारे में,ओपेनशॉट के बारे में,retain,,No change identified in the review.
hi,Add Marker,मार्कर जोड़ें,मार्कर जोड़ें,retain,,No change identified in the review.
hi,Add Track,ट्रैक जोड़ें,ट्रैक जोड़ें,retain,,No change identified in the review.
hi,Animated Title,एनिमेटेड शीर्षक,एनिमेटेड शीर्षक,retain,,No change identified in the review.
hi,Ask a Question...,प्रश्न पूछें...,प्रश्न पूछें...,retain,,No change identified in the review.
hi,Audio,ऑडियो,ऑडियो,retain,,No change identified in the review.
hi,Audio Levels,ऑडियो स्तर,ऑडियो स्तर,retain,,No change identified in the review.
hi,Caption Toolbar,कैप्शन टूलबार,कैप्शन टूलबार,retain,,No change identified in the review.
hi,Captions,कैप्शन्स,कैप्शन्स,retain,,No change identified in the review.
hi,Center on Playhead,प्लेहेड पर केंद्रित कीजिए,प्लेहेड पर केंद्रित करें,applied-correction,प्लेहेड पर केंद्रित करें,Match the verb form used by its longer tooltip.
hi,Center the timeline on the Playhead,प्लेहेड पर टाइमलाइन केंद्रित करें,प्लेहेड पर टाइमलाइन केंद्रित करें,retain,,No change identified in the review.
hi,Choose Profile,प्रोफ़ाइल चुनें,प्रोफ़ाइल चुनें,retain,,No change identified in the review.
hi,Clear,स्पष्ट,साफ़ करें,applied-correction,साफ़ करें,"The current word means clear as an adjective, not the clearing command."
hi,Click: center · Drag: zoom,क्लिक: केंद्र · खींचें: ज़ूम,क्लिक: केंद्र · खींचें: ज़ूम,retain,,No change identified in the review.
hi,Clip,क्लिप,क्लिप,retain,,No change identified in the review.
hi,Clip: %s,क्लिप: %s,क्लिप: %s,retain,,No change identified in the review.
hi,Color View,रंग दृश्य,रंग दृश्य,retain,,No change identified in the review.
hi,Common,सामान्य,सामान्य,retain,,No change identified in the review.
hi,Contents,सामग्री,सामग्री,retain,,No change identified in the review.
hi,Disable Razor,रेज़र अक्षम करें,रेज़र अक्षम करें,retain,,No change identified in the review.
hi,Disable Snapping,स्नैपिंग अक्षम करें,स्नैपिंग अक्षम करें,retain,,No change identified in the review.
hi,Disable Timing,टाइमिंग अक्षम करें,टाइमिंग अक्षम करें,retain,,No change identified in the review.
hi,Docks,डॉक्स,डॉक्स,retain,,No change identified in the review.
hi,Donate,दान करें,दान करें,retain,,No change identified in the review.
hi,Effect,इफेक्ट,इफेक्ट,retain,,No change identified in the review.
hi,Effect: %s,इफेक्ट: %s,इफेक्ट: %s,retain,,No change identified in the review.
hi,Effects,प्रभाव,प्रभाव,retain,,No change identified in the review.
hi,Emojis,इमोजी,इमोजी,retain,,No change identified in the review.
hi,Enable Razor,रेज़र सक्षम करें,रेज़र सक्षम करें,retain,,No change identified in the review.
hi,Enable Snapping,स्नैपिंग सक्षम करें,स्नैपिंग सक्षम करें,retain,,No change identified in the review.
hi,Enable Timing,टाइमिंग सक्षम करें,टाइमिंग सक्षम करें,retain,,No change identified in the review.
hi,Enter caption text...,कैप्शन टेक्स्ट डालें...,कैप्शन टेक्स्ट डालें...,retain,,No change identified in the review.
hi,Export Project,प्रोजेक्ट निर्यात करें,प्रोजेक्ट निर्यात करें,retain,,No change identified in the review.
hi,Export Video,वीडियो निर्यात करें,वीडियो निर्यात करें,retain,,No change identified in the review.
hi,Fast Forward,फास्ट फॉरवर्ड,फास्ट फॉरवर्ड,retain,,No change identified in the review.
hi,Filter,फ़िल्टर,फ़िल्टर,retain,,No change identified in the review.
hi,Fullscreen,पूर्ण स्क्रीन,पूर्ण स्क्रीन,retain,,No change identified in the review.
hi,Help,मदद,मदद,retain,,No change identified in the review.
hi,Hide keyframes,कीफ्रेम छुपाएं,कीफ्रेम छुपाएं,retain,,No change identified in the review.
hi,Histogram,हिस्टोग्राम,हिस्टोग्राम,retain,,No change identified in the review.
hi,Image,छवि,छवि,retain,,No change identified in the review.
hi,Import Files,फ़ाइलें आयात करे,फ़ाइलें आयात करें,applied-correction,फ़ाइलें आयात करें,Fix the verb spelling to match Import Files....
hi,Import Files...,फ़ाइलें आयात करें...,फ़ाइलें आयात करें...,retain,,No change identified in the review.
hi,Import Project,प्रोजेक्ट आयात करें,प्रोजेक्ट आयात करें,retain,,No change identified in the review.
hi,Insert Caption,कैप्शन डालें,कैप्शन डालें,retain,,No change identified in the review.
hi,Join our Community...,हमारे समुदाय में शामिल हों...,हमारे समुदाय में शामिल हों...,retain,,No change identified in the review.
hi,Jump To End,सीधा अंत में जाये,अंत में जाएँ,applied-correction,अंत में जाएँ,Use the same concise navigation construction as Jump To Start.
hi,Jump To Start,शुरू से करे,शुरुआत में जाएँ,applied-correction,शुरुआत में जाएँ,This seeks to the start; it does not start doing the operation again.
hi,Launch Tutorial,प्रशिक्षण आरंभ करें,प्रशिक्षण आरंभ करें,retain,,No change identified in the review.
hi,Lock track,ट्रैक लॉक करें,ट्रैक लॉक करें,retain,,No change identified in the review.
hi,Luma Waveform,ल्यूमा वेवफ़ॉर्म,ल्यूमा वेवफ़ॉर्म,retain,,No change identified in the review.
hi,My Views,मेरे दृश्य,मेरे दृश्य,retain,,No change identified in the review.
hi,Name,नाम,नाम,retain,,No change identified in the review.
hi,New Project,नई परियोजना,नया प्रोजेक्ट,applied-consistency,नया प्रोजेक्ट,Use one project noun across the main toolbar.
hi,Next Marker,अगला मार्कर,अगला मार्कर,retain,,No change identified in the review.
hi,Open Help Contents,सहायता सामग्री खोलें,सहायता सामग्री खोलें,retain,,No change identified in the review.
hi,Open Project,खुले परियोजना,प्रोजेक्ट खोलें,applied-correction,प्रोजेक्ट खोलें,Fix the grammar and use the project term already used by import/export.
hi,Open Project...,परियोजना खोलें...,प्रोजेक्ट खोलें...,applied-consistency,प्रोजेक्ट खोलें...,Match the same action's tooltip and the chosen project noun.
hi,Pan timeline,टाइमलाइन पैन करें,टाइमलाइन पैन करें,retain,,No change identified in the review.
hi,Play,चलाएँ,चलाएँ,retain,,No change identified in the review.
hi,Preferences,वरीयता,पसंदें,applied-consistency,पसंदें,Match the Preferences menu action rather than using a different singular noun.
hi,Previous Marker,पिछला मार्कर,पिछला मार्कर,retain,,No change identified in the review.
hi,Project Files,प्रोजेक्ट फाइलें,प्रोजेक्ट फाइलें,retain,,No change identified in the review.
hi,Properties,विशेषताएँ,विशेषताएँ,retain,,No change identified in the review.
hi,Property,संपत्ति,विशेषता,applied-correction,विशेषता,"Use the singular of Properties; this is an attribute, not owned property."
hi,Quit,छोड़े,बाहर निकलें,applied-correction,बाहर निकलें,Match the Quit menu action.
hi,Recent Projects,हाल ही के परियोजनाएं,हाल के प्रोजेक्ट,applied-correction,हाल के प्रोजेक्ट,Fix agreement and match the project noun used in adjacent commands.
hi,Recording,रिकॉर्डिंग,रिकॉर्डिंग,retain,,No change identified in the review.
hi,Recording View,रिकॉर्डिंग दृश्य,रिकॉर्डिंग दृश्य,retain,,No change identified in the review.
hi,Recovery,पुनर्प्राप्ति,पुनर्प्राप्ति,retain,,No change identified in the review.
hi,Redo,पुनः करें,पुनः करें,retain,,No change identified in the review.
hi,Report a Bug...,गलती सूचित करें...,गलती सूचित करें...,retain,,No change identified in the review.
hi,Rewind,रिवाइंड करें,रिवाइंड करें,retain,,No change identified in the review.
hi,Save Current Frame,वर्तमान फ्रेम को सहेजें,वर्तमान फ्रेम को सहेजें,retain,,No change identified in the review.
hi,Save Project,परियोजना को सुरक्षित करो,प्रोजेक्ट सहेजें,applied-correction,प्रोजेक्ट सहेजें,Use a concise polite command matching the other toolbar actions.
hi,Save Project As...,परियोजना को यथाकतिथ सहेजें...,प्रोजेक्ट इस नाम से सहेजें...,applied-correction,प्रोजेक्ट इस नाम से सहेजें...,The current wording does not express Save As correctly.
hi,Scopes,स्कोप,स्कोप,retain,,No change identified in the review.
hi,Show All,सभी दिखाएँ,सभी दिखाएँ,retain,,No change identified in the review.
hi,Show keyframes,कीफ्रेम दिखाएं,कीफ्रेम दिखाएं,retain,,No change identified in the review.
hi,Simple View,सरल दृश्य,सरल दृश्य,retain,,No change identified in the review.
hi,Tags,टैग्स,टैग्स,retain,,No change identified in the review.
hi,Thumb,अंगूठा,थंबनेल,applied-correction,थंबनेल,"The column contains thumbnail images, not a thumb on a hand."
hi,Timeline,टाइम-लाइन,टाइम-लाइन,retain,,No change identified in the review.
hi,Title,शीर्षक,शीर्षक,retain,,No change identified in the review.
hi,Toolbar,औजारपट्टी,औजारपट्टी,retain,,No change identified in the review.
hi,Track %s,ट्रैक %s,ट्रैक %s,retain,,No change identified in the review.
hi,Transition,ट्रांज़िशन,ट्रांज़िशन,retain,,No change identified in the review.
hi,Transition: %s,ट्रांज़िशन: %s,ट्रांज़िशन: %s,retain,,No change identified in the review.
hi,Transitions,संक्रमण,संक्रमण,retain,,No change identified in the review.
hi,Translate this Application...,इस अनुप्रयोग का अनुवाद करें...,इस अनुप्रयोग का अनुवाद करें...,retain,,No change identified in the review.
hi,Tutorial,शिक्षण,शिक्षण,retain,,No change identified in the review.
hi,Undo,पहले जैसा,पहले जैसा,retain,,No change identified in the review.
hi,Unlock track,ट्रैक अनलॉक करें,ट्रैक अनलॉक करें,retain,,No change identified in the review.
hi,Untitled Project,अनामांकित परियोजना,बिना शीर्षक वाला प्रोजेक्ट,applied-correction,बिना शीर्षक वाला प्रोजेक्ट,Use a clear untitled-project label consistent with the project commands.
hi,Update Available,अपडेट उपलब्ध है,अपडेट उपलब्ध है,retain,,No change identified in the review.
hi,Value,मूल्य,मान,applied-correction,मान,"This column shows an attribute value, not a price."
hi,Vectorscope,वेक्टरस्कोप,वेक्टरस्कोप,retain,,No change identified in the review.
hi,Video,वीडियो,वीडियो,retain,,No change identified in the review.
hi,Video Preview,वीडियो पूर्वावलोखन,वीडियो पूर्वावलोखन,retain,,No change identified in the review.
hi,View,देखें,देखें,retain,,No change identified in the review.
hi,Window,विंडो,विंडो,retain,,No change identified in the review.
hi,Zoom left edge,बाएं किनारे को ज़ूम करें,बाएं किनारे को ज़ूम करें,retain,,No change identified in the review.
hi,Zoom right edge,दाएं किनारे को ज़ूम करें,दाएं किनारे को ज़ूम करें,retain,,No change identified in the review.
is,&Edit,Br&eyta,Br&eyta,retain,,No change identified in the review.
is,&File,&Skrá,&Skrá,retain,,No change identified in the review.
is,&Preferences,&Kjörstillingar,&Kjörstillingar,retain,,No change identified in the review.
is,&Quit,&Hætta,&Hætta,retain,,No change identified in the review.
is,About OpenShot,Um OpenShot,Um OpenShot,retain,,No change identified in the review.
is,Add Marker,Bæta við merki,Bæta við merki,retain,,No change identified in the review.
is,Add Track,Bæta við spori,Bæta við spori,retain,,No change identified in the review.
is,Animated Title,Skjátitill með hreyfingum,Skjátitill með hreyfingum,retain,,No change identified in the review.
is,Ask a Question...,Spyrja spurninga...,Spyrja spurninga...,retain,,No change identified in the review.
is,Audio,Hljóð,Hljóð,retain,,No change identified in the review.
is,Audio Levels,Hljóðstig,Hljóðstig,retain,,No change identified in the review.
is,Caption Toolbar,Skýringatextastika,Skýringatextastika,retain,,No change identified in the review.
is,Captions,Skýringatextar,Skýringatextar,retain,,No change identified in the review.
is,Center on Playhead,Miðja á afspilunarstaðinn,Miðja á afspilunarstaðinn,retain,,No change identified in the review.
is,Center the timeline on the Playhead,Miðja tímalínuna á afspilunarstaðinn,Miðja tímalínuna á afspilunarstaðinn,retain,,No change identified in the review.
is,Choose Profile,Velja snið,Velja snið,retain,,No change identified in the review.
is,Clear,Hreinsa,Hreinsa,retain,,No change identified in the review.
is,Click: center · Drag: zoom,Smelltu: miðja · Dragðu: aðdráttur,Smelltu: miðja · Dragðu: aðdráttur,retain,,No change identified in the review.
is,Clip,Myndbútur,Myndbútur,retain,,No change identified in the review.
is,Clip: %s,Klippa: %s,Myndbútur: %s,applied-consistency,Myndbútur: %s,Match the existing Clip noun rather than using a cut/clip verb.
is,Color View,Litasýn,Litasýn,retain,,No change identified in the review.
is,Common,Algengt,Algengt,retain,,No change identified in the review.
is,Contents,Efnisyfirlit,Efnisyfirlit,retain,,No change identified in the review.
is,Disable Razor,Slökkva á rakvél,Slökkva á rakvél,retain,,No change identified in the review.
is,Disable Snapping,Slökkva á festingu,Slökkva á festingu,retain,,No change identified in the review.
is,Disable Timing,Slökkva á tímasetningu,Slökkva á tímasetningu,retain,,No change identified in the review.
is,Docks,Spjöld,Spjöld,retain,,No change identified in the review.
is,Donate,Styrkja,Styrkja,retain,,No change identified in the review.
is,Effect,Áhrif,Áhrif,retain,,No change identified in the review.
is,Effect: %s,Áhrif: %s,Áhrif: %s,retain,,No change identified in the review.
is,Effects,Sjónhverfingar,Sjónhverfingar,deferred-candidate,Áhrif,Unify the plural dock heading with Effect and its hover prefix; the current term evokes visual illusions although this dock also contains audio effects.
is,Emojis,Emoji-tjáningartákn,Emoji-tjáningartákn,retain,,No change identified in the review.
is,Enable Razor,Kveikja á rakvél,Kveikja á rakvél,retain,,No change identified in the review.
is,Enable Snapping,Kveikja á festingu,Kveikja á festingu,retain,,No change identified in the review.
is,Enable Timing,Kveikja á tímasetningu,Kveikja á tímasetningu,retain,,No change identified in the review.
is,Enter caption text...,Settu inn skýringatexta...,Settu inn skýringatexta...,retain,,No change identified in the review.
is,Export Project,Flytja út verkefni,Flytja út verkefni,retain,,No change identified in the review.
is,Export Video,Flytja út myndskeið,Flytja út myndskeið,retain,,No change identified in the review.
is,Fast Forward,Spóla áfram,Spóla áfram,retain,,No change identified in the review.
is,Filter,Sía,Sía,retain,,No change identified in the review.
is,Fullscreen,Fylla skjá,Fylla skjá,retain,,No change identified in the review.
is,Help,Hjálp,Hjálp,retain,,No change identified in the review.
is,Hide keyframes,Fela lykilramma,Fela lykilramma,retain,,No change identified in the review.
is,Histogram,Dreifirit,Dreifirit,retain,,No change identified in the review.
is,Image,Mynd,Mynd,retain,,No change identified in the review.
is,Import Files,Flytja inn skrár,Flytja inn skrár,retain,,No change identified in the review.
is,Import Files...,Flytja inn skrár...,Flytja inn skrár...,retain,,No change identified in the review.
is,Import Project,Flytja inn verkefni,Flytja inn verkefni,retain,,No change identified in the review.
is,Insert Caption,Setja inn texta,Setja inn texta,retain,,No change identified in the review.
is,Join our Community...,Taktu þátt í samfélagi okkar...,Taktu þátt í samfélagi okkar...,retain,,No change identified in the review.
is,Jump To End,Hoppa á enda,Hoppa á enda,retain,,No change identified in the review.
is,Jump To Start,Hoppa á byrjun,Hoppa á byrjun,retain,,No change identified in the review.
is,Launch Tutorial,Ræsa kennsluleiðbeiningar,Ræsa kennsluleiðbeiningar,retain,,No change identified in the review.
is,Lock track,Læsa lagi,Læsa spori,applied-consistency,Læsa spori,Match Add Track and Track %s.
is,Luma Waveform,Luma bylgjulaga,Luma-bylgjuform,applied-correction,Luma-bylgjuform,Name the waveform rather than using the adjective wavy.
is,My Views,Sýn mín,Mínar sýnir,applied-correction,Mínar sýnir,Use a plural possessive matching multiple saved views.
is,Name,Heiti,Heiti,retain,,No change identified in the review.
is,New Project,Nýtt verkefni,Nýtt verkefni,retain,,No change identified in the review.
is,Next Marker,Næsta merki,Næsta merki,retain,,No change identified in the review.
is,Open Help Contents,Opna hjálparyfirlit,Opna hjálparyfirlit,retain,,No change identified in the review.
is,Open Project,Opna verkefni,Opna verkefni,retain,,No change identified in the review.
is,Open Project...,Opna verkefni...,Opna verkefni...,retain,,No change identified in the review.
is,Pan timeline,Færa tímalínu,Færa tímalínu,retain,,No change identified in the review.
is,Play,Spila,Spila,retain,,No change identified in the review.
is,Preferences,Kjörstillingar,Kjörstillingar,retain,,No change identified in the review.
is,Previous Marker,Fyrra merki,Fyrra merki,retain,,No change identified in the review.
is,Project Files,Verkefnaskrár,Verkefnaskrár,retain,,No change identified in the review.
is,Properties,Eiginleikar,Eiginleikar,retain,,No change identified in the review.
is,Property,Eiginleiki,Eiginleiki,retain,,No change identified in the review.
is,Quit,Hætta,Hætta,retain,,No change identified in the review.
is,Recent Projects,Nýleg verkefni,Nýleg verkefni,retain,,No change identified in the review.
is,Recording,Upptaka,Upptaka,retain,,No change identified in the review.
is,Recording View,Upptökusýn,Upptökusýn,retain,,No change identified in the review.
is,Recovery,Endurheimt,Endurheimt,retain,,No change identified in the review.
is,Redo,Endurtaka,Endurtaka,retain,,No change identified in the review.
is,Report a Bug...,Tilkynna villu...,Tilkynna villu...,retain,,No change identified in the review.
is,Rewind,Spóla til baka,Spóla til baka,retain,,No change identified in the review.
is,Save Current Frame,Vista núverandi ramma,Vista núverandi ramma,retain,,No change identified in the review.
is,Save Project,Vista verkefni,Vista verkefni,retain,,No change identified in the review.
is,Save Project As...,Vista verkefni sem...,Vista verkefni sem...,retain,,No change identified in the review.
is,Scopes,Mælar,Mælar,retain,,No change identified in the review.
is,Show All,Sýna allt,Sýna allt,retain,,No change identified in the review.
is,Show keyframes,Sýna lykilramma,Sýna lykilramma,retain,,No change identified in the review.
is,Simple View,Einföld sýn,Einföld sýn,retain,,No change identified in the review.
is,Tags,Merki,Merki,retain,,No change identified in the review.
is,Thumb,Smámynd,Smámynd,retain,,No change identified in the review.
is,Timeline,Tímalína,Tímalína,retain,,No change identified in the review.
is,Title,Skjátitill,Skjátitill,retain,,No change identified in the review.
is,Toolbar,Verkfærastika,Verkfærastika,retain,,No change identified in the review.
is,Track %s,Spor %s,Spor %s,retain,,No change identified in the review.
is,Transition,Millifærsla,Millifærsla,retain,,No change identified in the review.
is,Transition: %s,Yfirfærsla: %s,Millifærsla: %s,applied-consistency,Millifærsla: %s,Match the existing Transition and Transitions terms.
is,Transitions,Millifærslur,Millifærslur,retain,,No change identified in the review.
is,Translate this Application...,Þýða þetta forrit...,Þýða þetta forrit...,retain,,No change identified in the review.
is,Tutorial,Leiðbeiningar,Leiðbeiningar,retain,,No change identified in the review.
is,Undo,Afturkalla,Afturkalla,retain,,No change identified in the review.
is,Unlock track,Lykja upp lag,Aflæsa spori,applied-correction,Aflæsa spori,Use an actual unlock command and the existing track noun; the current wording is malformed.
is,Untitled Project,Ónefnt verkefni,Ónefnt verkefni,retain,,No change identified in the review.
is,Update Available,Uppfærsla tiltæk,Uppfærsla tiltæk,retain,,No change identified in the review.
is,Value,Gildi,Gildi,retain,,No change identified in the review.
is,Vectorscope,Vektorrit,Vektorrit,retain,,No change identified in the review.
is,Video,Myndskeið,Myndskeið,retain,,No change identified in the review.
is,Video Preview,Sýnishorn af myndskeiði,Sýnishorn af myndskeiði,retain,,No change identified in the review.
is,View,Skoða,Skoða,retain,,No change identified in the review.
is,Window,Gluggi,Gluggi,retain,,No change identified in the review.
is,Zoom left edge,Aðdráttur vinstri brúnar,Aðdráttur vinstri brúnar,retain,,No change identified in the review.
is,Zoom right edge,Aðdráttur hægri brúnar,Aðdráttur hægri brúnar,retain,,No change identified in the review.
id,&Edit,&Sunting,&Sunting,retain,,No change identified in the review.
id,&File,&Berkas,&Berkas,retain,,No change identified in the review.
id,&Preferences,&Preferensi,&Preferensi,retain,,No change identified in the review.
id,&Quit,&Keluar,&Keluar,retain,,No change identified in the review.
id,About OpenShot,Tentang OpenShot,Tentang OpenShot,retain,,No change identified in the review.
id,Add Marker,Tambahkan Penanda,Tambahkan Penanda,retain,,No change identified in the review.
id,Add Track,Tambah Alur,Tambah Trek,applied-correction,Tambah Trek,Match Track %s and the track-lock controls.
id,Animated Title,Judul Teranimasi,Judul Teranimasi,retain,,No change identified in the review.
id,Ask a Question...,Tanyakan Pertanyaan...,Tanyakan Pertanyaan...,retain,,No change identified in the review.
id,Audio,Suara,Suara,retain,,No change identified in the review.
id,Audio Levels,Level Audio,Level Audio,retain,,No change identified in the review.
id,Caption Toolbar,Bilah Alat Kapsi,Bilah Alat Kapsi,retain,,No change identified in the review.
id,Captions,Kapsi,Kapsi,retain,,No change identified in the review.
id,Center on Playhead,Pusatkan pada Playhead,Pusatkan pada Playhead,retain,,No change identified in the review.
id,Center the timeline on the Playhead,Pusatkan linimasa pada Playhead,Pusatkan Garis Waktu pada Playhead,applied-consistency,Pusatkan Garis Waktu pada Playhead,Match the existing Timeline dock noun.
id,Choose Profile,Pilih Profil,Pilih Profil,retain,,No change identified in the review.
id,Clear,Bersihkan,Bersihkan,retain,,No change identified in the review.
id,Click: center · Drag: zoom,Klik: pusat · Seret: zoom,Klik: pusatkan · Seret: zoom,applied-correction,Klik: pusatkan · Seret: zoom,Use the centering verb rather than the noun center.
id,Clip,Klip,Klip,retain,,No change identified in the review.
id,Clip: %s,Klip: %s,Klip: %s,retain,,No change identified in the review.
id,Color View,Tampilan Warna,Tampilan Warna,retain,,No change identified in the review.
id,Common,Umum,Umum,retain,,No change identified in the review.
id,Contents,Isi,Isi,retain,,No change identified in the review.
id,Disable Razor,Nonaktifkan Pisau,Nonaktifkan Pisau,retain,,No change identified in the review.
id,Disable Snapping,Nonaktifkan Penempelan,Nonaktifkan Penempelan,retain,,No change identified in the review.
id,Disable Timing,Nonaktifkan Penjadwalan,Nonaktifkan Pengaturan Kecepatan,applied-correction,Nonaktifkan Pengaturan Kecepatan,Use the same playback-speed term as the enabled state.
id,Docks,Dok,Dok,retain,,No change identified in the review.
id,Donate,Donasi,Donasi,retain,,No change identified in the review.
id,Effect,Efek,Efek,retain,,No change identified in the review.
id,Effect: %s,Efek: %s,Efek: %s,retain,,No change identified in the review.
id,Effects,Efek,Efek,retain,,No change identified in the review.
id,Emojis,Emoji,Emoji,retain,,No change identified in the review.
id,Enable Razor,Aktifkan Razor,Aktifkan Pisau,applied-consistency,Aktifkan Pisau,Use the same cutting-tool noun as Disable Razor.
id,Enable Snapping,Aktifkan Penempelan,Aktifkan Penempelan,retain,,No change identified in the review.
id,Enable Timing,Aktifkan Penjadwalan,Aktifkan Pengaturan Kecepatan,applied-correction,Aktifkan Pengaturan Kecepatan,This retimes playback; penjadwalan means scheduling.
id,Enter caption text...,Masukkan teks kapsi...,Masukkan teks kapsi...,retain,,No change identified in the review.
id,Export Project,Ekspor Proyek,Ekspor Proyek,retain,,No change identified in the review.
id,Export Video,Ekspor Video,Ekspor Video,retain,,No change identified in the review.
id,Fast Forward,Maju Cepat,Maju Cepat,retain,,No change identified in the review.
id,Filter,Penyaring,Penyaring,retain,,No change identified in the review.
id,Fullscreen,Layar penuh,Layar penuh,retain,,No change identified in the review.
id,Help,Bantuan,Bantuan,retain,,No change identified in the review.
id,Hide keyframes,Sembunyikan keyframe,Sembunyikan keyframe,retain,,No change identified in the review.
id,Histogram,Histogram,Histogram,retain,,No change identified in the review.
id,Image,Gambar,Gambar,retain,,No change identified in the review.
id,Import Files,Impor Berkas,Impor Berkas,retain,,No change identified in the review.
id,Import Files...,Impor Berkas...,Impor Berkas...,retain,,No change identified in the review.
id,Import Project,Impor Proyek,Impor Proyek,retain,,No change identified in the review.
id,Insert Caption,Sisipkan Keterangan,Sisipkan Kapsi,applied-correction,Sisipkan Kapsi,Match the Captions dock and text prompt.
id,Join our Community...,Bergabung dengan Komunitas Kami...,Bergabung dengan Komunitas Kami...,retain,,No change identified in the review.
id,Jump To End,Lompat ke Akhir,Lompat ke Akhir,retain,,No change identified in the review.
id,Jump To Start,Lompat ke Awal,Lompat ke Awal,retain,,No change identified in the review.
id,Launch Tutorial,Jalankan Tutorial,Jalankan Tutorial,retain,,No change identified in the review.
id,Lock track,Kunci trek,Kunci trek,retain,,No change identified in the review.
id,Luma Waveform,Gelombang Luma,Gelombang Luma,retain,,No change identified in the review.
id,My Views,Tampilan Saya,Tampilan Saya,retain,,No change identified in the review.
id,Name,Nama,Nama,retain,,No change identified in the review.
id,New Project,Proyek Baru,Proyek Baru,retain,,No change identified in the review.
id,Next Marker,Penanda Berikutnya,Penanda Berikutnya,retain,,No change identified in the review.
id,Open Help Contents,Buka Isi Bantuan,Buka Isi Bantuan,retain,,No change identified in the review.
id,Open Project,Buka Proyek,Buka Proyek,retain,,No change identified in the review.
id,Open Project...,Buka Proyek...,Buka Proyek...,retain,,No change identified in the review.
id,Pan timeline,Geser timeline,Geser Garis Waktu,applied-consistency,Geser Garis Waktu,Match the existing Timeline heading rather than introducing a third name.
id,Play,Mainkan,Mainkan,retain,,No change identified in the review.
id,Preferences,Preferensi,Preferensi,retain,,No change identified in the review.
id,Previous Marker,Penanda Sebelumnya,Penanda Sebelumnya,retain,,No change identified in the review.
id,Project Files,Berkas Proyek,Berkas Proyek,retain,,No change identified in the review.
id,Properties,Properti,Properti,retain,,No change identified in the review.
id,Property,Properti,Properti,retain,,No change identified in the review.
id,Quit,Keluar,Keluar,retain,,No change identified in the review.
id,Recent Projects,Proyek Terakhir,Proyek Terakhir,retain,,No change identified in the review.
id,Recording,Merekam,Perekaman,applied-correction,Perekaman,A dock title should name recording rather than assert the app is recording.
id,Recording View,Tampilan Perekaman,Tampilan Perekaman,retain,,No change identified in the review.
id,Recovery,Pemulihan,Pemulihan,retain,,No change identified in the review.
id,Redo,Redo,Redo,retain,,No change identified in the review.
id,Report a Bug...,Laporkan Bug...,Laporkan Bug...,retain,,No change identified in the review.
id,Rewind,Putar Ulang,Mundur,applied-correction,Mundur,The control plays backward; putar ulang suggests replaying.
id,Save Current Frame,Simpan Bingkai Saat ini,Simpan Bingkai Saat ini,retain,,No change identified in the review.
id,Save Project,Simpan Proyek,Simpan Proyek,retain,,No change identified in the review.
id,Save Project As...,Simpan Proyek Sebagai...,Simpan Proyek Sebagai...,retain,,No change identified in the review.
id,Scopes,Cakupan,Cakupan,deferred-candidate,Skop,"Cakupan means coverage/scope in a general sense; a technical instrument label is clearer, subject to local editor terminology review."
id,Show All,Tampilkan Semua,Tampilkan Semua,retain,,No change identified in the review.
id,Show keyframes,Tampilkan keyframe,Tampilkan keyframe,retain,,No change identified in the review.
id,Simple View,Tampilan Sederhana,Tampilan Sederhana,retain,,No change identified in the review.
id,Tags,Tag,Tag,retain,,No change identified in the review.
id,Thumb,Preview (Thumb),Gambar Mini,applied-correction,Gambar Mini,Name the thumbnail instead of leaving a mixed English abbreviation.
id,Timeline,Garis Waktu,Garis Waktu,retain,,No change identified in the review.
id,Title,Judul,Judul,retain,,No change identified in the review.
id,Toolbar,Toolbar,Toolbar,retain,,No change identified in the review.
id,Track %s,Trek %s,Trek %s,retain,,No change identified in the review.
id,Transition,Transisi,Transisi,retain,,No change identified in the review.
id,Transition: %s,Transisi: %s,Transisi: %s,retain,,No change identified in the review.
id,Transitions,Transisi,Transisi,retain,,No change identified in the review.
id,Translate this Application...,Terjemahkan Aplikasi Ini...,Terjemahkan Aplikasi Ini...,retain,,No change identified in the review.
id,Tutorial,Tutorial,Tutorial,retain,,No change identified in the review.
id,Undo,Undo,Undo,retain,,No change identified in the review.
id,Unlock track,Buka kunci trek,Buka kunci trek,retain,,No change identified in the review.
id,Untitled Project,Proyek Tanpa Judul,Proyek Tanpa Judul,retain,,No change identified in the review.
id,Update Available,Pemutakhiran Tersedia,Pemutakhiran Tersedia,retain,,No change identified in the review.
id,Value,Nilai,Nilai,retain,,No change identified in the review.
id,Vectorscope,Vectorscope,Vectorscope,retain,,No change identified in the review.
id,Video,Video,Video,retain,,No change identified in the review.
id,Video Preview,Video Preview,Pratinjau Video,applied-correction,Pratinjau Video,Localize the high-visibility dock heading.
id,View,Lihat,Lihat,retain,,No change identified in the review.
id,Window,Jendela,Jendela,retain,,No change identified in the review.
id,Zoom left edge,Perbesar tepi kiri,Perbesar tepi kiri,retain,,No change identified in the review.
id,Zoom right edge,Perbesar tepi kanan,Perbesar tepi kanan,retain,,No change identified in the review.
it,&Edit,&Modifica,&Modifica,retain,,No change identified in the review.
it,&File,&File,&File,retain,,No change identified in the review.
it,&Preferences,&Preferenze,&Preferenze,retain,,No change identified in the review.
it,&Quit,&Esci,&Esci,retain,,No change identified in the review.
it,About OpenShot,Informazioni su OpenShot,Informazioni su OpenShot,retain,,No change identified in the review.
it,Add Marker,Aggiungi marcatore,Aggiungi marcatore,retain,,No change identified in the review.
it,Add Track,Aggiungi traccia,Aggiungi traccia,retain,,No change identified in the review.
it,Animated Title,Titolo animato,Titolo animato,retain,,No change identified in the review.
it,Ask a Question...,Fai una domanda...,Fai una domanda...,retain,,No change identified in the review.
it,Audio,Audio,Audio,retain,,No change identified in the review.
it,Audio Levels,Livelli Audio,Livelli Audio,retain,,No change identified in the review.
it,Caption Toolbar,Didascalia barra degli strumenti,Barra degli strumenti dei sottotitoli,applied-correction,Barra degli strumenti dei sottotitoli,The current phrase reverses the noun relationship; this toolbar edits timed subtitles.
it,Captions,Didascalie,Sottotitoli,applied-correction,Sottotitoli,"The editor manages timed subtitle cues, not picture captions."
it,Center on Playhead,Centra sul cursore di riproduzione,Centra sul cursore di riproduzione,retain,,No change identified in the review.
it,Center the timeline on the Playhead,Centra la timeline sulla testina di riproduzione,Centra la timeline sul cursore di riproduzione,applied-consistency,Centra la timeline sul cursore di riproduzione,Use the same playhead term as the short action.
it,Choose Profile,Seleziona profilo,Seleziona profilo,retain,,No change identified in the review.
it,Clear,Cancella,Cancella,retain,,No change identified in the review.
it,Click: center · Drag: zoom,Clicca: centra · Trascina: zoom,Clicca: centra · Trascina: zoom,retain,,No change identified in the review.
it,Clip,Filmato,Clip,applied-correction,Clip,Includes audio and still-image clips as well as films; matches the hover prefix.
it,Clip: %s,Clip: %s,Clip: %s,retain,,No change identified in the review.
it,Color View,Vista Colore,Vista Colore,retain,,No change identified in the review.
it,Common,Comune,Comune,retain,,No change identified in the review.
it,Contents,Contenuti,Contenuti,retain,,No change identified in the review.
it,Disable Razor,Disabilita taglierina,Disabilita taglierina,retain,,No change identified in the review.
it,Disable Snapping,Disabilita ancoraggio,Disabilita ancoraggio,retain,,No change identified in the review.
it,Disable Timing,Disabilita temporizzazione,Disabilita temporizzazione,retain,,No change identified in the review.
it,Docks,Dock,Dock,retain,,No change identified in the review.
it,Donate,Fai una donazione,Fai una donazione,retain,,No change identified in the review.
it,Effect,Effetto,Effetto,retain,,No change identified in the review.
it,Effect: %s,Effetto: %s,Effetto: %s,retain,,No change identified in the review.
it,Effects,Effetti,Effetti,retain,,No change identified in the review.
it,Emojis,Emoji,Emoji,retain,,No change identified in the review.
it,Enable Razor,Abilita taglierina,Abilita taglierina,retain,,No change identified in the review.
it,Enable Snapping,Abilita ancoraggio,Abilita ancoraggio,retain,,No change identified in the review.
it,Enable Timing,Abilita temporizzazione,Abilita temporizzazione,retain,,No change identified in the review.
it,Enter caption text...,Inserire il testo della didascalia...,Inserisci il testo del sottotitolo...,applied-correction,Inserisci il testo del sottotitolo...,Match the dock and the concise imperative used by the insertion command.
it,Export Project,Esporta progetto,Esporta progetto,retain,,No change identified in the review.
it,Export Video,Esporta video,Esporta video,retain,,No change identified in the review.
it,Fast Forward,Avanti veloce,Avanti veloce,retain,,No change identified in the review.
it,Filter,Filtro,Filtro,retain,,No change identified in the review.
it,Fullscreen,Schermo intero,Schermo intero,retain,,No change identified in the review.
it,Help,Aiuto,Aiuto,retain,,No change identified in the review.
it,Hide keyframes,Nascondi fotogrammi chiave,Nascondi fotogrammi chiave,retain,,No change identified in the review.
it,Histogram,Istogramma,Istogramma,retain,,No change identified in the review.
it,Image,Immagine,Immagine,retain,,No change identified in the review.
it,Import Files,Importa file,Importa file,retain,,No change identified in the review.
it,Import Files...,Importa file...,Importa file...,retain,,No change identified in the review.
it,Import Project,Importa progetto,Importa progetto,retain,,No change identified in the review.
it,Insert Caption,Inserisci Didascalia,Inserisci sottotitolo,applied-correction,Inserisci sottotitolo,Match the subtitle dock.
it,Join our Community...,Unisciti alla nostra community...,Unisciti alla nostra community...,retain,,No change identified in the review.
it,Jump To End,Vai alla fine,Vai alla fine,retain,,No change identified in the review.
it,Jump To Start,Vai all’inizio,Vai all’inizio,retain,,No change identified in the review.
it,Launch Tutorial,Avvia il tutorial,Avvia il tutorial,retain,,No change identified in the review.
it,Lock track,Blocca traccia,Blocca traccia,retain,,No change identified in the review.
it,Luma Waveform,Forma d'Onda Luma,Forma d'Onda Luma,retain,,No change identified in the review.
it,My Views,Le Mie Visualizzazioni,Le Mie Visualizzazioni,retain,,No change identified in the review.
it,Name,Nome,Nome,retain,,No change identified in the review.
it,New Project,Nuovo progetto,Nuovo progetto,retain,,No change identified in the review.
it,Next Marker,Marcatore successivo,Marcatore successivo,retain,,No change identified in the review.
it,Open Help Contents,Apri la guida,Apri la guida,retain,,No change identified in the review.
it,Open Project,Apri progetto,Apri progetto,retain,,No change identified in the review.
it,Open Project...,Apri progetto...,Apri progetto...,retain,,No change identified in the review.
it,Pan timeline,Muovi timeline,Muovi timeline,retain,,No change identified in the review.
it,Play,Riproduci,Riproduci,retain,,No change identified in the review.
it,Preferences,Preferenze,Preferenze,retain,,No change identified in the review.
it,Previous Marker,Marcatore precedente,Marcatore precedente,retain,,No change identified in the review.
it,Project Files,File di progetto,File di progetto,retain,,No change identified in the review.
it,Properties,Proprietà,Proprietà,retain,,No change identified in the review.
it,Property,Proprietà,Proprietà,retain,,No change identified in the review.
it,Quit,Esci,Esci,retain,,No change identified in the review.
it,Recent Projects,Progetti recenti,Progetti recenti,retain,,No change identified in the review.
it,Recording,Registrazione,Registrazione,retain,,No change identified in the review.
it,Recording View,Visualizzazione Registrazione,Vista registrazione,applied-correction,Vista registrazione,Match the View noun used in Simple View and Color View.
it,Recovery,Ripristino,Ripristino,retain,,No change identified in the review.
it,Redo,Ripristina,Ripristina,retain,,No change identified in the review.
it,Report a Bug...,Segnala un problema...,Segnala un problema...,retain,,No change identified in the review.
it,Rewind,Riavvolgi,Riavvolgi,retain,,No change identified in the review.
it,Save Current Frame,Salva fotogramma corrente,Salva fotogramma corrente,retain,,No change identified in the review.
it,Save Project,Salva progetto,Salva progetto,retain,,No change identified in the review.
it,Save Project As...,Salva progetto con nome...,Salva progetto con nome...,retain,,No change identified in the review.
it,Scopes,Scope,Scope,retain,,No change identified in the review.
it,Show All,Mostra tutto,Mostra tutto,retain,,No change identified in the review.
it,Show keyframes,Mostra fotogrammi chiave,Mostra fotogrammi chiave,retain,,No change identified in the review.
it,Simple View,Vista semplice,Vista semplice,retain,,No change identified in the review.
it,Tags,Etichette,Etichette,retain,,No change identified in the review.
it,Thumb,Miniatura,Miniatura,retain,,No change identified in the review.
it,Timeline,Timeline,Timeline,retain,,No change identified in the review.
it,Title,Titolo,Titolo,retain,,No change identified in the review.
it,Toolbar,Barra degli strumenti,Barra degli strumenti,retain,,No change identified in the review.
it,Track %s,Traccia %s,Traccia %s,retain,,No change identified in the review.
it,Transition,Transizione,Transizione,retain,,No change identified in the review.
it,Transition: %s,Transizione: %s,Transizione: %s,retain,,No change identified in the review.
it,Transitions,Transizioni,Transizioni,retain,,No change identified in the review.
it,Translate this Application...,Traduci questa applicazione...,Traduci questa applicazione...,retain,,No change identified in the review.
it,Tutorial,Tutorial,Tutorial,retain,,No change identified in the review.
it,Undo,Annulla,Annulla,retain,,No change identified in the review.
it,Unlock track,Sblocca traccia,Sblocca traccia,retain,,No change identified in the review.
it,Untitled Project,Progetto senza titolo,Progetto senza titolo,retain,,No change identified in the review.
it,Update Available,Aggiornamento disponibile,Aggiornamento disponibile,retain,,No change identified in the review.
it,Value,Valore,Valore,retain,,No change identified in the review.
it,Vectorscope,Vectorscope,Vectorscope,retain,,No change identified in the review.
it,Video,Video,Video,retain,,No change identified in the review.
it,Video Preview,Anteprima video,Anteprima video,retain,,No change identified in the review.
it,View,Vista,Vista,retain,,No change identified in the review.
it,Window,Finestra,Finestra,retain,,No change identified in the review.
it,Zoom left edge,Zoom bordo sinistro,Zoom bordo sinistro,retain,,No change identified in the review.
it,Zoom right edge,Zoom bordo destro,Zoom bordo destro,retain,,No change identified in the review.
ja,&Edit,編集(&E),編集(&E),retain,,No change identified in the review.
ja,&File,ファイル(&F),ファイル(&F),retain,,No change identified in the review.
ja,&Preferences,設定(&P),設定(&P),retain,,No change identified in the review.
ja,&Quit,終了(&Q),終了(&Q),retain,,No change identified in the review.
ja,About OpenShot,OpenShot について,OpenShot について,retain,,No change identified in the review.
ja,Add Marker,マーカーを追加,マーカーを追加,retain,,No change identified in the review.
ja,Add Track,トラックを追加,トラックを追加,retain,,No change identified in the review.
ja,Animated Title,動画タイトル,アニメーションタイトル,applied-correction,アニメーションタイトル,An animated title is more specific than a video title.
ja,Ask a Question...,質問する...,質問する...,retain,,No change identified in the review.
ja,Audio,音声,音声,retain,,No change identified in the review.
ja,Audio Levels,オーディオレベル,オーディオレベル,retain,,No change identified in the review.
ja,Caption Toolbar,ツールバーのキャプション,キャプションツールバー,applied-correction,キャプションツールバー,Current wording means caption of the toolbar; correct the noun relationship.
ja,Captions,キャプション,キャプション,retain,,No change identified in the review.
ja,Center on Playhead,再生ヘッドの中央,再生ヘッドを中心に表示,applied-correction,再生ヘッドを中心に表示,Describe centering the view rather than the center of the playhead.
ja,Center the timeline on the Playhead,再生ヘッドのタイムラインを中央にする,再生ヘッドを中心にタイムラインを表示,applied-correction,再生ヘッドを中心にタイムラインを表示,Correct which object is centered on which position.
ja,Choose Profile,プロファイルを選択,プロファイルを選択,retain,,No change identified in the review.
ja,Clear,消去,消去,retain,,No change identified in the review.
ja,Click: center · Drag: zoom,クリック：中央 · ドラッグ：ズーム,クリック：中央 · ドラッグ：ズーム,retain,,No change identified in the review.
ja,Clip,クリップ,クリップ,retain,,No change identified in the review.
ja,Clip: %s,クリップ: %s,クリップ: %s,retain,,No change identified in the review.
ja,Color View,カラー表示,カラー表示,retain,,No change identified in the review.
ja,Common,基本,基本,retain,,No change identified in the review.
ja,Contents,内容,内容,retain,,No change identified in the review.
ja,Disable Razor,レイザーを無効にする,レイザーを無効にする,retain,,No change identified in the review.
ja,Disable Snapping,スナッピングを無効にする,スナッピングを無効にする,retain,,No change identified in the review.
ja,Disable Timing,タイミングを無効にする,タイミングを無効にする,retain,,No change identified in the review.
ja,Docks,ドック,ドック,retain,,No change identified in the review.
ja,Donate,寄付する,寄付する,retain,,No change identified in the review.
ja,Effect,エフェクト,エフェクト,retain,,No change identified in the review.
ja,Effect: %s,エフェクト: %s,エフェクト: %s,retain,,No change identified in the review.
ja,Effects,エフェクト,エフェクト,retain,,No change identified in the review.
ja,Emojis,絵文字,絵文字,retain,,No change identified in the review.
ja,Enable Razor,レイザーを有効にする,レイザーを有効にする,retain,,No change identified in the review.
ja,Enable Snapping,スナッピングを有効にする,スナッピングを有効にする,retain,,No change identified in the review.
ja,Enable Timing,タイミングを有効にする,タイミングを有効にする,retain,,No change identified in the review.
ja,Enter caption text...,キャプションを入力してください,キャプションを入力してください,retain,,No change identified in the review.
ja,Export Project,プロジェクトをエクスポート,プロジェクトをエクスポート,retain,,No change identified in the review.
ja,Export Video,動画をエクスポート,動画をエクスポート,retain,,No change identified in the review.
ja,Fast Forward,早送り,早送り,retain,,No change identified in the review.
ja,Filter,フィルター,フィルター,retain,,No change identified in the review.
ja,Fullscreen,全画面表示,全画面表示,retain,,No change identified in the review.
ja,Help,ヘルプ,ヘルプ,retain,,No change identified in the review.
ja,Hide keyframes,キーフレームを非表示,キーフレームを非表示,retain,,No change identified in the review.
ja,Histogram,ヒストグラム,ヒストグラム,retain,,No change identified in the review.
ja,Image,画像,画像,retain,,No change identified in the review.
ja,Import Files,ファイルをインポート,ファイルをインポート,retain,,No change identified in the review.
ja,Import Files...,ファイルをインポート...,ファイルをインポート...,retain,,No change identified in the review.
ja,Import Project,プロジェクトをインポート,プロジェクトをインポート,retain,,No change identified in the review.
ja,Insert Caption,キャプションを挿入,キャプションを挿入,retain,,No change identified in the review.
ja,Join our Community...,コミュニティに参加する...,コミュニティに参加する...,retain,,No change identified in the review.
ja,Jump To End,最後尾に跳ぶ,最後尾に跳ぶ,retain,,No change identified in the review.
ja,Jump To Start,先頭に戻る,先頭に戻る,retain,,No change identified in the review.
ja,Launch Tutorial,チュートリアルを起動,チュートリアルを起動,retain,,No change identified in the review.
ja,Lock track,トラックをロック,トラックをロック,retain,,No change identified in the review.
ja,Luma Waveform,ルマ波形,ルマ波形,retain,,No change identified in the review.
ja,My Views,マイビュー,マイビュー,retain,,No change identified in the review.
ja,Name,名前,名前,retain,,No change identified in the review.
ja,New Project,新規プロジェクト,新規プロジェクト,retain,,No change identified in the review.
ja,Next Marker,次のマーカー,次のマーカー,retain,,No change identified in the review.
ja,Open Help Contents,ヘルプ内容を開く,ヘルプ内容を開く,retain,,No change identified in the review.
ja,Open Project,プロジェクトを開く,プロジェクトを開く,retain,,No change identified in the review.
ja,Open Project...,プロジェクトを開く...,プロジェクトを開く...,retain,,No change identified in the review.
ja,Pan timeline,タイムラインをパン,タイムラインをパン,retain,,No change identified in the review.
ja,Play,再生,再生,retain,,No change identified in the review.
ja,Preferences,設定,設定,retain,,No change identified in the review.
ja,Previous Marker,前のマーカー,前のマーカー,retain,,No change identified in the review.
ja,Project Files,プロジェクトファイル,プロジェクトファイル,retain,,No change identified in the review.
ja,Properties,プロパティ,プロパティ,retain,,No change identified in the review.
ja,Property,設定項目,設定項目,retain,,No change identified in the review.
ja,Quit,終了,終了,retain,,No change identified in the review.
ja,Recent Projects,最近開いたプロジェクト,最近開いたプロジェクト,retain,,No change identified in the review.
ja,Recording,録画中,録音・録画,applied-correction,録音・録画,"The dock supports microphone, screen, and webcam capture. Use a feature name covering audio and video, not an active-recording status or audio-only term."
ja,Recording View,録画ビュー,録音・録画ビュー,applied-correction,録音・録画ビュー,"The dock supports microphone, screen, and webcam capture. Use a feature name covering audio and video, not an active-recording status or audio-only term."
ja,Recovery,復元,復元,retain,,No change identified in the review.
ja,Redo,やり直す,やり直す,retain,,No change identified in the review.
ja,Report a Bug...,バグを報告...,バグを報告...,retain,,No change identified in the review.
ja,Rewind,巻き戻し,巻き戻し,retain,,No change identified in the review.
ja,Save Current Frame,現在のフレームを保存,現在のフレームを保存,retain,,No change identified in the review.
ja,Save Project,プロジェクトを保存,プロジェクトを保存,retain,,No change identified in the review.
ja,Save Project As...,プロジェクトを別名で保存...,プロジェクトを別名で保存...,retain,,No change identified in the review.
ja,Scopes,スコープ,スコープ,retain,,No change identified in the review.
ja,Show All,全て表示,全て表示,retain,,No change identified in the review.
ja,Show keyframes,キーフレームを表示,キーフレームを表示,retain,,No change identified in the review.
ja,Simple View,簡単表示,簡単表示,retain,,No change identified in the review.
ja,Tags,タグ,タグ,retain,,No change identified in the review.
ja,Thumb,サムネイル,サムネイル,retain,,No change identified in the review.
ja,Timeline,タイムライン,タイムライン,retain,,No change identified in the review.
ja,Title,タイトル,タイトル,retain,,No change identified in the review.
ja,Toolbar,ツールバー,ツールバー,retain,,No change identified in the review.
ja,Track %s,トラック %s,トラック %s,retain,,No change identified in the review.
ja,Transition,トランジション,トランジション,retain,,No change identified in the review.
ja,Transition: %s,トランジション: %s,トランジション: %s,retain,,No change identified in the review.
ja,Transitions,トランジション,トランジション,retain,,No change identified in the review.
ja,Translate this Application...,このソフトを翻訳する...,このソフトを翻訳する...,retain,,No change identified in the review.
ja,Tutorial,チュートリアル,チュートリアル,retain,,No change identified in the review.
ja,Undo,元に戻す,元に戻す,retain,,No change identified in the review.
ja,Unlock track,トラックのロックを解除,トラックのロックを解除,retain,,No change identified in the review.
ja,Untitled Project,無名のプロジェクト,無名のプロジェクト,retain,,No change identified in the review.
ja,Update Available,更新があります,更新があります,retain,,No change identified in the review.
ja,Value,設定値,設定値,retain,,No change identified in the review.
ja,Vectorscope,ベクトルスコープ,ベクトルスコープ,retain,,No change identified in the review.
ja,Video,映像,映像,retain,,No change identified in the review.
ja,Video Preview,動画のプレビュー,動画のプレビュー,retain,,No change identified in the review.
ja,View,表示,表示,retain,,No change identified in the review.
ja,Window,ウィンドウ,ウィンドウ,retain,,No change identified in the review.
ja,Zoom left edge,左端をズーム,左端をズーム,retain,,No change identified in the review.
ja,Zoom right edge,右端をズーム,右端をズーム,retain,,No change identified in the review.
ko,&Edit,편집(&E),편집(&E),retain,,No change identified in the review.
ko,&File,파일(&F),파일(&F),retain,,No change identified in the review.
ko,&Preferences,환경설정(&P),환경설정(&P),retain,,No change identified in the review.
ko,&Quit,종료(&Q),종료(&Q),retain,,No change identified in the review.
ko,About OpenShot,오픈샷 정보,오픈샷 정보,retain,,No change identified in the review.
ko,Add Marker,표식 추가,표식 추가,retain,,No change identified in the review.
ko,Add Track,트랙 추가하기,트랙 추가하기,retain,,No change identified in the review.
ko,Animated Title,제목 애니메이션,제목 애니메이션,retain,,No change identified in the review.
ko,Ask a Question...,질문 하기...,질문 하기...,retain,,No change identified in the review.
ko,Audio,오디오,오디오,retain,,No change identified in the review.
ko,Audio Levels,오디오 레벨,오디오 레벨,retain,,No change identified in the review.
ko,Caption Toolbar,자막 도구 모음,자막 도구 모음,retain,,No change identified in the review.
ko,Captions,자막,자막,retain,,No change identified in the review.
ko,Center on Playhead,재생 헤드 중앙,재생 헤드를 중심으로 보기,applied-correction,재생 헤드를 중심으로 보기,Describe centering the view on the playhead rather than naming the center of the playhead.
ko,Center the timeline on the Playhead,타임라인을 재생 헤드 중앙에 맞추기,타임라인을 재생 헤드 중앙에 맞추기,retain,,No change identified in the review.
ko,Choose Profile,프로파일 선택,프로파일 선택,retain,,No change identified in the review.
ko,Clear,지우기,지우기,retain,,No change identified in the review.
ko,Click: center · Drag: zoom,클릭: 중앙 · 드래그: 확대/축소,클릭: 중앙 · 드래그: 확대/축소,retain,,No change identified in the review.
ko,Clip,클립,클립,retain,,No change identified in the review.
ko,Clip: %s,클립: %s,클립: %s,retain,,No change identified in the review.
ko,Color View,색상 보기,색상 보기,retain,,No change identified in the review.
ko,Common,공통 사항,자주 사용,applied-correction,자주 사용,"The filter shows commonly used transitions, not shared/common matters."
ko,Contents,내용,내용,retain,,No change identified in the review.
ko,Disable Razor,레이저 끄기,레이저 끄기,retain,,No change identified in the review.
ko,Disable Snapping,스냅 끄기,스냅 끄기,retain,,No change identified in the review.
ko,Disable Timing,타이밍 비활성화,타이밍 비활성화,retain,,No change identified in the review.
ko,Docks,도크,도크,retain,,No change identified in the review.
ko,Donate,기부하기,기부하기,retain,,No change identified in the review.
ko,Effect,효과,효과,retain,,No change identified in the review.
ko,Effect: %s,효과: %s,효과: %s,retain,,No change identified in the review.
ko,Effects,효과,효과,retain,,No change identified in the review.
ko,Emojis,이모지,이모지,retain,,No change identified in the review.
ko,Enable Razor,레이저 켜기,레이저 켜기,retain,,No change identified in the review.
ko,Enable Snapping,스냅 켜기,스냅 켜기,retain,,No change identified in the review.
ko,Enable Timing,타이밍 활성화,타이밍 활성화,retain,,No change identified in the review.
ko,Enter caption text...,자막 텍스트 입력...,자막 텍스트 입력...,retain,,No change identified in the review.
ko,Export Project,프로젝트 내보내기,프로젝트 내보내기,retain,,No change identified in the review.
ko,Export Video,비디오 내보내기,비디오 내보내기,retain,,No change identified in the review.
ko,Fast Forward,빨리 감기,빨리 감기,retain,,No change identified in the review.
ko,Filter,필터,필터,retain,,No change identified in the review.
ko,Fullscreen,전체화면,전체화면,retain,,No change identified in the review.
ko,Help,도움,도움,retain,,No change identified in the review.
ko,Hide keyframes,키프레임 숨기기,키프레임 숨기기,retain,,No change identified in the review.
ko,Histogram,히스토그램,히스토그램,retain,,No change identified in the review.
ko,Image,이미지,이미지,retain,,No change identified in the review.
ko,Import Files,파일 가져오기,파일 가져오기,retain,,No change identified in the review.
ko,Import Files...,파일 가져오기...,파일 가져오기...,retain,,No change identified in the review.
ko,Import Project,프로젝트 불러오기,프로젝트 불러오기,retain,,No change identified in the review.
ko,Insert Caption,자막 삽입,자막 삽입,retain,,No change identified in the review.
ko,Join our Community...,커뮤니티 참여...,커뮤니티 참여...,retain,,No change identified in the review.
ko,Jump To End,끝점으로 이동,끝점으로 이동,retain,,No change identified in the review.
ko,Jump To Start,시작점으로 이동,시작점으로 이동,retain,,No change identified in the review.
ko,Launch Tutorial,튜토리얼 열기,튜토리얼 열기,retain,,No change identified in the review.
ko,Lock track,트랙 잠금,트랙 잠금,retain,,No change identified in the review.
ko,Luma Waveform,루마 파형,루마 파형,retain,,No change identified in the review.
ko,My Views,내 뷰,내 뷰,retain,,No change identified in the review.
ko,Name,이름,이름,retain,,No change identified in the review.
ko,New Project,새 프로젝트,새 프로젝트,retain,,No change identified in the review.
ko,Next Marker,다음 표식,다음 표식,retain,,No change identified in the review.
ko,Open Help Contents,도움말 내용 열기,도움말 내용 열기,retain,,No change identified in the review.
ko,Open Project,프로젝트 열기,프로젝트 열기,retain,,No change identified in the review.
ko,Open Project...,프로젝트 열기...,프로젝트 열기...,retain,,No change identified in the review.
ko,Pan timeline,타임라인 이동,타임라인 이동,retain,,No change identified in the review.
ko,Play,재생,재생,retain,,No change identified in the review.
ko,Preferences,기본 설정,환경설정,applied-consistency,환경설정,Match the Preferences menu action.
ko,Previous Marker,이전 표식,이전 표식,retain,,No change identified in the review.
ko,Project Files,프로젝트 파일,프로젝트 파일,retain,,No change identified in the review.
ko,Properties,속성,속성,retain,,No change identified in the review.
ko,Property,속성,속성,retain,,No change identified in the review.
ko,Quit,종료,종료,retain,,No change identified in the review.
ko,Recent Projects,최근 프로젝트,최근 프로젝트,retain,,No change identified in the review.
ko,Recording,녹화 중,녹음/녹화,applied-correction,녹음/녹화,"The dock supports microphone, screen, and webcam capture. Use a feature name covering audio and video, not an active-recording status or audio-only term."
ko,Recording View,녹화 뷰,녹음/녹화 보기,applied-consistency,녹음/녹화 보기,"The dock supports microphone, screen, and webcam capture. Use a feature name covering audio and video, not an active-recording status or audio-only term."
ko,Recovery,복구,복구,retain,,No change identified in the review.
ko,Redo,다시 실행,다시 실행,retain,,No change identified in the review.
ko,Report a Bug...,버그 리포트...,버그 리포트...,retain,,No change identified in the review.
ko,Rewind,되감기,되감기,retain,,No change identified in the review.
ko,Save Current Frame,현재 프레임 저장,현재 프레임 저장,retain,,No change identified in the review.
ko,Save Project,프로젝트 저장하기,프로젝트 저장하기,retain,,No change identified in the review.
ko,Save Project As...,프로젝트를 다른 이름으로 저장하기...,프로젝트를 다른 이름으로 저장하기...,retain,,No change identified in the review.
ko,Scopes,스코프,스코프,retain,,No change identified in the review.
ko,Show All,모두 보기,모두 보기,retain,,No change identified in the review.
ko,Show keyframes,키프레임 표시,키프레임 표시,retain,,No change identified in the review.
ko,Simple View,요약 보기,간단 보기,applied-correction,간단 보기,"This is a simple workspace layout, not a summary view."
ko,Tags,태그,태그,retain,,No change identified in the review.
ko,Thumb,작은 그림,작은 그림,retain,,No change identified in the review.
ko,Timeline,타임라인,타임라인,retain,,No change identified in the review.
ko,Title,제목,제목,retain,,No change identified in the review.
ko,Toolbar,도구모음,도구모음,retain,,No change identified in the review.
ko,Track %s,트랙 %s,트랙 %s,retain,,No change identified in the review.
ko,Transition,전환효과,전환효과,retain,,No change identified in the review.
ko,Transition: %s,전환: %s,전환효과: %s,applied-consistency,전환효과: %s,Match the Transition and Transitions labels.
ko,Transitions,전환효과,전환효과,retain,,No change identified in the review.
ko,Translate this Application...,이 응용 프로그램 번역...,이 응용 프로그램 번역...,retain,,No change identified in the review.
ko,Tutorial,튜토리얼,튜토리얼,retain,,No change identified in the review.
ko,Undo,되돌리기,되돌리기,retain,,No change identified in the review.
ko,Unlock track,트랙 잠금 해제,트랙 잠금 해제,retain,,No change identified in the review.
ko,Untitled Project,제목 없는 프로젝트,제목 없는 프로젝트,retain,,No change identified in the review.
ko,Update Available,업데이트할 항목 있음,업데이트할 항목 있음,retain,,No change identified in the review.
ko,Value,값,값,retain,,No change identified in the review.
ko,Vectorscope,벡터스코프,벡터스코프,retain,,No change identified in the review.
ko,Video,비디오,비디오,retain,,No change identified in the review.
ko,Video Preview,비디오 미리 보기,비디오 미리 보기,retain,,No change identified in the review.
ko,View,보기(&V),보기(&V),retain,,No change identified in the review.
ko,Window,창,창,retain,,No change identified in the review.
ko,Zoom left edge,왼쪽 가장자리 확대,왼쪽 가장자리 확대,retain,,No change identified in the review.
ko,Zoom right edge,오른쪽 가장자리 확대,오른쪽 가장자리 확대,retain,,No change identified in the review.
nb,&Edit,&Rediger,&Rediger,retain,,No change identified in the review.
nb,&File,&Fil,&Fil,retain,,No change identified in the review.
nb,&Preferences,&Innstillinger,&Innstillinger,retain,,No change identified in the review.
nb,&Quit,&Avslutt,&Avslutt,retain,,No change identified in the review.
nb,About OpenShot,Om OpenShot,Om OpenShot,retain,,No change identified in the review.
nb,Add Marker,Legg til markør,Legg til merke,applied-consistency,Legg til merke,Match Previous/Next Marker so markers are not confused with a moving cursor.
nb,Add Track,Legg til spor,Legg til spor,retain,,No change identified in the review.
nb,Animated Title,Animert tittel,Animert tittel,retain,,No change identified in the review.
nb,Ask a Question...,Still et spørsmål...,Still et spørsmål...,retain,,No change identified in the review.
nb,Audio,Lyd,Lyd,retain,,No change identified in the review.
nb,Audio Levels,Lydnivåer,Lydnivåer,retain,,No change identified in the review.
nb,Caption Toolbar,Bildetekstverktøylinje,Verktøylinje for undertekster,applied-correction,Verktøylinje for undertekster,"This edits timed subtitles, not picture captions."
nb,Captions,Tekster,Undertekster,applied-correction,Undertekster,Use a specific timed-subtitle term instead of generic texts.
nb,Center on Playhead,Sentrer på avspillingshode,Sentrer på avspillingshode,retain,,No change identified in the review.
nb,Center the timeline on the Playhead,Sentrer tidslinjen på avspillingshodet,Sentrer tidslinjen på avspillingshodet,retain,,No change identified in the review.
nb,Choose Profile,Velg profil,Velg profil,retain,,No change identified in the review.
nb,Clear,Tøm,Tøm,retain,,No change identified in the review.
nb,Click: center · Drag: zoom,Klikk: sentrer · Dra: zoom,Klikk: sentrer · Dra: zoom,retain,,No change identified in the review.
nb,Clip,Klipp,Klipp,retain,,No change identified in the review.
nb,Clip: %s,Klipp: %s,Klipp: %s,retain,,No change identified in the review.
nb,Color View,Fargevisning,Fargevisning,retain,,No change identified in the review.
nb,Common,Vanlig,Vanlig,retain,,No change identified in the review.
nb,Contents,Innhold,Innhold,retain,,No change identified in the review.
nb,Disable Razor,Deaktiver barberblad,Deaktiver barberblad,retain,,No change identified in the review.
nb,Disable Snapping,Deaktiver magnetfunksjon,Deaktiver magnetfunksjon,retain,,No change identified in the review.
nb,Disable Timing,Deaktiver timing,Deaktiver timing,retain,,No change identified in the review.
nb,Docks,Dokker,Dokker,retain,,No change identified in the review.
nb,Donate,Donér,Donér,retain,,No change identified in the review.
nb,Effect,Effekt,Effekt,retain,,No change identified in the review.
nb,Effect: %s,Effekt: %s,Effekt: %s,retain,,No change identified in the review.
nb,Effects,Effekter,Effekter,retain,,No change identified in the review.
nb,Emojis,Emojier,Emojier,retain,,No change identified in the review.
nb,Enable Razor,Aktiver barberblad,Aktiver barberblad,retain,,No change identified in the review.
nb,Enable Snapping,Aktiver magnetfunksjon,Aktiver magnetfunksjon,retain,,No change identified in the review.
nb,Enable Timing,Aktiver timing,Aktiver timing,retain,,No change identified in the review.
nb,Enter caption text...,Skriv inn bildetekst...,Skriv inn undertekst...,applied-correction,Skriv inn undertekst...,Match the subtitle dock.
nb,Export Project,Eksporter prosjekt,Eksporter prosjekt,retain,,No change identified in the review.
nb,Export Video,Eksporter video,Eksporter video,retain,,No change identified in the review.
nb,Fast Forward,Hurtigspoling forover,Hurtigspoling forover,retain,,No change identified in the review.
nb,Filter,Filtrer,Filtrer,retain,,No change identified in the review.
nb,Fullscreen,Fullskjerm,Fullskjerm,retain,,No change identified in the review.
nb,Help,Hjelp,Hjelp,retain,,No change identified in the review.
nb,Hide keyframes,Skjul nøkkelbilder,Skjul nøkkelbilder,retain,,No change identified in the review.
nb,Histogram,Histogram,Histogram,retain,,No change identified in the review.
nb,Image,Bilde,Bilde,retain,,No change identified in the review.
nb,Import Files,Importer filer,Importer filer,retain,,No change identified in the review.
nb,Import Files...,Importer filer...,Importer filer...,retain,,No change identified in the review.
nb,Import Project,Importer prosjekt,Importer prosjekt,retain,,No change identified in the review.
nb,Insert Caption,Sett inn bildetekst,Sett inn undertekst,applied-correction,Sett inn undertekst,Match the subtitle dock.
nb,Join our Community...,Bli med i fellesskapet vårt...,Bli med i fellesskapet vårt...,retain,,No change identified in the review.
nb,Jump To End,Hopp til slutten,Hopp til slutten,retain,,No change identified in the review.
nb,Jump To Start,Hopp til start,Hopp til start,retain,,No change identified in the review.
nb,Launch Tutorial,Start veiledning,Start veiledning,retain,,No change identified in the review.
nb,Lock track,Lås spor,Lås spor,retain,,No change identified in the review.
nb,Luma Waveform,Luma-bølgeform,Luma-bølgeform,retain,,No change identified in the review.
nb,My Views,Mine visninger,Mine visninger,retain,,No change identified in the review.
nb,Name,Navn,Navn,retain,,No change identified in the review.
nb,New Project,Nytt prosjekt,Nytt prosjekt,retain,,No change identified in the review.
nb,Next Marker,Neste merke,Neste merke,retain,,No change identified in the review.
nb,Open Help Contents,Åpne hjelp,Åpne hjelp,retain,,No change identified in the review.
nb,Open Project,Åpne prosjekt,Åpne prosjekt,retain,,No change identified in the review.
nb,Open Project...,Åpne prosjekt...,Åpne prosjekt...,retain,,No change identified in the review.
nb,Pan timeline,Panorer tidslinje,Panorer tidslinje,retain,,No change identified in the review.
nb,Play,Spill av,Spill av,retain,,No change identified in the review.
nb,Preferences,Innstillinger,Innstillinger,retain,,No change identified in the review.
nb,Previous Marker,Forrige merke,Forrige merke,retain,,No change identified in the review.
nb,Project Files,Prosjektfiler,Prosjektfiler,retain,,No change identified in the review.
nb,Properties,Egenskaper,Egenskaper,retain,,No change identified in the review.
nb,Property,Egenskap,Egenskap,retain,,No change identified in the review.
nb,Quit,Avslutt,Avslutt,retain,,No change identified in the review.
nb,Recent Projects,Nylige prosjekter...,Nylige prosjekter...,retain,,No change identified in the review.
nb,Recording,Tar opp,Opptak,applied-correction,Opptak,A dock heading names the feature; tar opp asserts that recording is active.
nb,Recording View,Opptaksvisning,Opptaksvisning,retain,,No change identified in the review.
nb,Recovery,Gjenoppretting,Gjenoppretting,retain,,No change identified in the review.
nb,Redo,Gjør om,Gjør om,retain,,No change identified in the review.
nb,Report a Bug...,Send feilmelding...,Send feilmelding...,retain,,No change identified in the review.
nb,Rewind,Spol tilbake,Spol tilbake,retain,,No change identified in the review.
nb,Save Current Frame,Lagre gjeldende bilde,Lagre gjeldende bilde,retain,,No change identified in the review.
nb,Save Project,Lagre prosjekt,Lagre prosjekt,retain,,No change identified in the review.
nb,Save Project As...,Lagre prosjektet som...,Lagre prosjektet som...,retain,,No change identified in the review.
nb,Scopes,Områder,Områder,deferred-candidate,Måleinstrumenter,Områder means areas; these panels are signal-measurement instruments. Confirm preferred local short label.
nb,Show All,Vis alle,Vis alle,retain,,No change identified in the review.
nb,Show keyframes,Vis nøkkelbilder,Vis nøkkelbilder,retain,,No change identified in the review.
nb,Simple View,Enkel visning,Enkel visning,retain,,No change identified in the review.
nb,Tags,Stikkord,Stikkord,retain,,No change identified in the review.
nb,Thumb,Miniatyrbilde,Miniatyrbilde,retain,,No change identified in the review.
nb,Timeline,Tidslinje,Tidslinje,retain,,No change identified in the review.
nb,Title,Tittel,Tittel,retain,,No change identified in the review.
nb,Toolbar,Verktøylinje,Verktøylinje,retain,,No change identified in the review.
nb,Track %s,Spor %s,Spor %s,retain,,No change identified in the review.
nb,Transition,Overgang,Overgang,retain,,No change identified in the review.
nb,Transition: %s,Overgang: %s,Overgang: %s,retain,,No change identified in the review.
nb,Transitions,Overganger,Overganger,retain,,No change identified in the review.
nb,Translate this Application...,Oversett dette programmet…,Oversett dette programmet…,retain,,No change identified in the review.
nb,Tutorial,Veiledning,Veiledning,retain,,No change identified in the review.
nb,Undo,Angre,Angre,retain,,No change identified in the review.
nb,Unlock track,Lås opp spor,Lås opp spor,retain,,No change identified in the review.
nb,Untitled Project,Prosjekt uten navn,Prosjekt uten navn,retain,,No change identified in the review.
nb,Update Available,Oppdatering tilgjengelig,Oppdatering tilgjengelig,retain,,No change identified in the review.
nb,Value,Verdi,Verdi,retain,,No change identified in the review.
nb,Vectorscope,Vektorskop,Vektorskop,retain,,No change identified in the review.
nb,Video,Video,Video,retain,,No change identified in the review.
nb,Video Preview,Forhåndsvis Video,Videoforhåndsvisning,applied-correction,Videoforhåndsvisning,Use a noun for the preview dock rather than an imperative.
nb,View,Vis,Vis,retain,,No change identified in the review.
nb,Window,Vindu,Vindu,retain,,No change identified in the review.
nb,Zoom left edge,Zoom venstre kant,Zoom venstre kant,retain,,No change identified in the review.
nb,Zoom right edge,Zoom høyre kant,Zoom høyre kant,retain,,No change identified in the review.
fa,&Edit,&ویرایش,&ویرایش,retain,,No change identified in the review.
fa,&File,&فایل,&فایل,retain,,No change identified in the review.
fa,&Preferences,&تنظیمات,&تنظیمات,retain,,No change identified in the review.
fa,&Quit,&خروج,&خروج,retain,,No change identified in the review.
fa,About OpenShot,درباره OpenShot,درباره OpenShot,retain,,No change identified in the review.
fa,Add Marker,افزودن نشانگر,افزودن نشانگر,retain,,No change identified in the review.
fa,Add Track,افزودن ترک,افزودن ترک,retain,,No change identified in the review.
fa,Animated Title,عنوان متحرک,عنوان متحرک,retain,,No change identified in the review.
fa,Ask a Question...,پرسیدن یک سوال...,پرسیدن یک سوال...,retain,,No change identified in the review.
fa,Audio,صوت,صوت,retain,,No change identified in the review.
fa,Audio Levels,سطوح صدا,سطوح صدا,retain,,No change identified in the review.
fa,Caption Toolbar,نوار ابزار زیرنویس,نوار ابزار زیرنویس,retain,,No change identified in the review.
fa,Captions,زیرنویس‌ها,زیرنویس‌ها,retain,,No change identified in the review.
fa,Center on Playhead,مرکز روی سر پخش,مرکز کردن روی نشانگر پخش,applied-correction,مرکز کردن روی نشانگر پخش,Use the action form and the playback-indicator term already used in its tooltip.
fa,Center the timeline on the Playhead,مرکز کردن جدول زمانی روی نشانگر پخش,مرکز کردن خط زمان روی نشانگر پخش,applied-correction,مرکز کردن خط زمان روی نشانگر پخش,Match the Timeline dock noun.
fa,Choose Profile,انتخاب پروفایل,انتخاب پروفایل,retain,,No change identified in the review.
fa,Clear,پاک کردن,پاک کردن,retain,,No change identified in the review.
fa,Click: center · Drag: zoom,کلیک: مرکز · کشیدن: بزرگ‌نمایی,کلیک: مرکز · کشیدن: بزرگ‌نمایی,retain,,No change identified in the review.
fa,Clip,ویدیو,کلیپ,applied-correction,کلیپ,"The item can be video, audio, or a still image; match the hover prefix."
fa,Clip: %s,کلیپ: %s,کلیپ: %s,retain,,No change identified in the review.
fa,Color View,نمایش رنگ,نمایش رنگ,retain,,No change identified in the review.
fa,Common,عمومی,عمومی,retain,,No change identified in the review.
fa,Contents,محتویات,محتویات,retain,,No change identified in the review.
fa,Disable Razor,غیرفعال کردن تیغ,غیرفعال کردن تیغ,retain,,No change identified in the review.
fa,Disable Snapping,غیرفعال کردن چسبندگی,غیرفعال کردن چسبندگی,retain,,No change identified in the review.
fa,Disable Timing,غیرفعال کردن زمان‌بندی,غیرفعال کردن زمان‌بندی,retain,,No change identified in the review.
fa,Docks,داک‌ها,داک‌ها,retain,,No change identified in the review.
fa,Donate,اهدا,اهدا,retain,,No change identified in the review.
fa,Effect,افکت,جلوه,applied-consistency,جلوه,Match the existing plural Effects heading.
fa,Effect: %s,افکت: %s,جلوه: %s,applied-consistency,جلوه: %s,Match the Effects heading.
fa,Effects,جلوه‌ها,جلوه‌ها,retain,,No change identified in the review.
fa,Emojis,ایموجی‌ها,ایموجی‌ها,retain,,No change identified in the review.
fa,Enable Razor,فعال کردن تیغ,فعال کردن تیغ,retain,,No change identified in the review.
fa,Enable Snapping,فعال کردن چسبندگی,فعال کردن چسبندگی,retain,,No change identified in the review.
fa,Enable Timing,فعال کردن زمان‌بندی,فعال کردن زمان‌بندی,retain,,No change identified in the review.
fa,Enter caption text...,متن زیرنویس را وارد کنید...,متن زیرنویس را وارد کنید...,retain,,No change identified in the review.
fa,Export Project,صادرات پروژه,برون‌ریزی پروژه,applied-correction,برون‌ریزی پروژه,The existing phrase uses commercial exports; match Export Video's software-export verb.
fa,Export Video,برون‌ریزی ویدیو,برون‌ریزی ویدیو,retain,,No change identified in the review.
fa,Fast Forward,پخش سریع,پخش سریع,retain,,No change identified in the review.
fa,Filter,فیلتر,فیلتر,retain,,No change identified in the review.
fa,Fullscreen,تمام صفحه,تمام صفحه,retain,,No change identified in the review.
fa,Help,راهنما,راهنما,retain,,No change identified in the review.
fa,Hide keyframes,مخفی کردن کی‌فریم‌ها,مخفی کردن کی‌فریم‌ها,retain,,No change identified in the review.
fa,Histogram,هیستوگرام,هیستوگرام,retain,,No change identified in the review.
fa,Image,تصویر,تصویر,retain,,No change identified in the review.
fa,Import Files,وارد کردن فایل‌ها,وارد کردن فایل‌ها,retain,,No change identified in the review.
fa,Import Files...,وارد کردن فایل‌ها...,وارد کردن فایل‌ها...,retain,,No change identified in the review.
fa,Import Project,وارد کردن پروژه,وارد کردن پروژه,retain,,No change identified in the review.
fa,Insert Caption,درج زیرنویس,درج زیرنویس,retain,,No change identified in the review.
fa,Join our Community...,به جامعه ما بپیوندید...,به جامعه ما بپیوندید...,retain,,No change identified in the review.
fa,Jump To End,پرش به انتها,پرش به انتها,retain,,No change identified in the review.
fa,Jump To Start,پرش به ابتدا,پرش به ابتدا,retain,,No change identified in the review.
fa,Launch Tutorial,شروع آموزش,شروع آموزش,retain,,No change identified in the review.
fa,Lock track,قفل کردن ترک,قفل کردن ترک,retain,,No change identified in the review.
fa,Luma Waveform,موج‌نمای لومای,شکل موج لوما,applied-correction,شکل موج لوما,Remove the dangling possessive form and name the luma waveform clearly.
fa,My Views,نمای من,نماهای من,applied-correction,نماهای من,"Use plural views, matching the saved-layout menu."
fa,Name,نام,نام,retain,,No change identified in the review.
fa,New Project,پروژه جدید,پروژه جدید,retain,,No change identified in the review.
fa,Next Marker,نشانگر بعدی,نشانگر بعدی,retain,,No change identified in the review.
fa,Open Help Contents,باز کردن محتوای راهنما,باز کردن محتوای راهنما,retain,,No change identified in the review.
fa,Open Project,باز کردن پروژه,باز کردن پروژه,retain,,No change identified in the review.
fa,Open Project...,بازکردن پروژه ...,بازکردن پروژه ...,retain,,No change identified in the review.
fa,Pan timeline,حرکت دادن جدول زمانی,حرکت دادن خط زمان,applied-correction,حرکت دادن خط زمان,Match the Timeline dock noun.
fa,Play,پخش,پخش,retain,,No change identified in the review.
fa,Preferences,تنظیمات,تنظیمات,retain,,No change identified in the review.
fa,Previous Marker,نشانگر قبلی,نشانگر قبلی,retain,,No change identified in the review.
fa,Project Files,فایل‌های پروژه,فایل‌های پروژه,retain,,No change identified in the review.
fa,Properties,ویژگی‌ها,ویژگی‌ها,retain,,No change identified in the review.
fa,Property,ویژگی,ویژگی,retain,,No change identified in the review.
fa,Quit,خروج,خروج,retain,,No change identified in the review.
fa,Recent Projects,پروژه های اخیر,پروژه های اخیر,retain,,No change identified in the review.
fa,Recording,در حال ضبط,ضبط,applied-correction,ضبط,A feature heading should not claim recording is in progress.
fa,Recording View,نمای ضبط,نمای ضبط,retain,,No change identified in the review.
fa,Recovery,بازیابی,بازیابی,retain,,No change identified in the review.
fa,Redo,انجام دوباره,انجام دوباره,retain,,No change identified in the review.
fa,Report a Bug...,گزارش یک اشکال...,گزارش یک اشکال...,retain,,No change identified in the review.
fa,Rewind,برگشت,برگشت,retain,,No change identified in the review.
fa,Save Current Frame,ذخیره فریم فعلی,ذخیره فریم فعلی,retain,,No change identified in the review.
fa,Save Project,ذخیره پروژه,ذخیره پروژه,retain,,No change identified in the review.
fa,Save Project As...,ذخیره پروژه به عنوان ...,ذخیره پروژه به عنوان ...,retain,,No change identified in the review.
fa,Scopes,محدوده‌ها,محدوده‌ها,deferred-candidate,ابزارهای سنجش,"The current label means ranges; name the measurement instruments, with native editor confirmation for the final short label."
fa,Show All,نمایش همه,نمایش همه,retain,,No change identified in the review.
fa,Show keyframes,نمایش کی‌فریم‌ها,نمایش کی‌فریم‌ها,retain,,No change identified in the review.
fa,Simple View,نمای ساده,نمای ساده,retain,,No change identified in the review.
fa,Tags,برچسب‌ها,برچسب‌ها,retain,,No change identified in the review.
fa,Thumb,بینیه,تصویر بندانگشتی,applied-correction,تصویر بندانگشتی,Replace the incorrect word with thumbnail image.
fa,Timeline,خط زمان,خط زمان,retain,,No change identified in the review.
fa,Title,عنوان,عنوان,retain,,No change identified in the review.
fa,Toolbar,نوار ابزار,نوار ابزار,retain,,No change identified in the review.
fa,Track %s,شیار %s,ترک %s,applied-consistency,ترک %s,Match Add Track and track locking.
fa,Transition,ترنزیشن,گذار,applied-consistency,گذار,Match the existing plural Transitions heading.
fa,Transition: %s,ترنزیشن: %s,گذار: %s,applied-consistency,گذار: %s,Match the Transitions heading.
fa,Transitions,گذارها,گذارها,retain,,No change identified in the review.
fa,Translate this Application...,ترجمه این برنامه...,ترجمه این برنامه...,retain,,No change identified in the review.
fa,Tutorial,آموزش,آموزش,retain,,No change identified in the review.
fa,Undo,واگرد,واگرد,retain,,No change identified in the review.
fa,Unlock track,بازکردن قفل ترک,بازکردن قفل ترک,retain,,No change identified in the review.
fa,Untitled Project,پروژه بدون عنوان,پروژه بدون عنوان,retain,,No change identified in the review.
fa,Update Available,بروز رسانی موجود است,بروز رسانی موجود است,retain,,No change identified in the review.
fa,Value,مقدار,مقدار,retain,,No change identified in the review.
fa,Vectorscope,وکتورسکوپ,وکتورسکوپ,retain,,No change identified in the review.
fa,Video,ویدیو,ویدیو,retain,,No change identified in the review.
fa,Video Preview,پیش‌نمایش ویدیو,پیش‌نمایش ویدیو,retain,,No change identified in the review.
fa,View,نمایش,نمایش,retain,,No change identified in the review.
fa,Window,پنجره,پنجره,retain,,No change identified in the review.
fa,Zoom left edge,بزرگ‌نمایی لبه چپ,بزرگ‌نمایی لبه چپ,retain,,No change identified in the review.
fa,Zoom right edge,بزرگ‌نمایی لبه راست,بزرگ‌نمایی لبه راست,retain,,No change identified in the review.
pl,&Edit,&Edytuj,&Edytuj,retain,,No change identified in the review.
pl,&File,&Plik,&Plik,retain,,No change identified in the review.
pl,&Preferences,&Preferencje,&Preferencje,retain,,No change identified in the review.
pl,&Quit,&Wyjdź,&Wyjdź,retain,,No change identified in the review.
pl,About OpenShot,O programie,O programie,retain,,No change identified in the review.
pl,Add Marker,Dodaj znacznik,Dodaj znacznik,retain,,No change identified in the review.
pl,Add Track,Dodaj ścieżkę,Dodaj ścieżkę,retain,,No change identified in the review.
pl,Animated Title,Tytuł animowany,Tytuł animowany,retain,,No change identified in the review.
pl,Ask a Question...,Zadaj pytanie...,Zadaj pytanie...,retain,,No change identified in the review.
pl,Audio,Dźwięk,Dźwięk,retain,,No change identified in the review.
pl,Audio Levels,Poziomy dźwięku,Poziomy dźwięku,retain,,No change identified in the review.
pl,Caption Toolbar,Pasek narzędzi napisów,Pasek narzędzi napisów,retain,,No change identified in the review.
pl,Captions,Podpisy,Napisy,applied-correction,Napisy,Use the timed-subtitle term already present in Caption Toolbar.
pl,Center on Playhead,Wyśrodkuj na głowicy odtwarzania,Wyśrodkuj na głowicy odtwarzania,retain,,No change identified in the review.
pl,Center the timeline on the Playhead,Wyśrodkuj oś czasu na głowicy odtwarzania,Wyśrodkuj oś czasu na głowicy odtwarzania,retain,,No change identified in the review.
pl,Choose Profile,Wybierz profil,Wybierz profil,retain,,No change identified in the review.
pl,Clear,Wyczyść,Wyczyść,retain,,No change identified in the review.
pl,Click: center · Drag: zoom,Kliknij: wyśrodkuj · Przeciągnij: powiększ,Kliknij: wyśrodkuj · Przeciągnij: powiększ,retain,,No change identified in the review.
pl,Clip,Klip,Klip,retain,,No change identified in the review.
pl,Clip: %s,Klip: %s,Klip: %s,retain,,No change identified in the review.
pl,Color View,Widok kolorów,Widok kolorów,retain,,No change identified in the review.
pl,Common,Typowe,Typowe,retain,,No change identified in the review.
pl,Contents,Zawartość,Zawartość,retain,,No change identified in the review.
pl,Disable Razor,Wyłącz brzytwę,Wyłącz brzytwę,retain,,No change identified in the review.
pl,Disable Snapping,Wyłącz przyciąganie,Wyłącz przyciąganie,retain,,No change identified in the review.
pl,Disable Timing,Wyłącz synchronizację,Wyłącz zmianę prędkości,applied-correction,Wyłącz zmianę prędkości,Use the same playback-speed term as the enabled state.
pl,Docks,Doki,Doki,retain,,No change identified in the review.
pl,Donate,Wspomóż,Wspomóż,retain,,No change identified in the review.
pl,Effect,Efekt,Efekt,retain,,No change identified in the review.
pl,Effect: %s,Efekt: %s,Efekt: %s,retain,,No change identified in the review.
pl,Effects,Efekty,Efekty,retain,,No change identified in the review.
pl,Emojis,Emoji,Emoji,retain,,No change identified in the review.
pl,Enable Razor,Włącz brzytwę,Włącz brzytwę,retain,,No change identified in the review.
pl,Enable Snapping,Włącz przyciąganie,Włącz przyciąganie,retain,,No change identified in the review.
pl,Enable Timing,Włącz synchronizację,Włącz zmianę prędkości,applied-correction,Włącz zmianę prędkości,The tool changes clip speed by dragging its edges; the current wording suggests synchronization or merely turning on time.
pl,Enter caption text...,Wpisz treść podpisu...,Wpisz tekst napisu...,applied-correction,Wpisz tekst napisu...,Match the subtitle toolbar.
pl,Export Project,Eksportuj projekt,Eksportuj projekt,retain,,No change identified in the review.
pl,Export Video,Eksport nagrań wideo,Eksportuj wideo,applied-correction,Eksportuj wideo,Use the concise command form used by Export Project.
pl,Fast Forward,Przewiń do przodu,Przewiń do przodu,retain,,No change identified in the review.
pl,Filter,Filtr,Filtr,retain,,No change identified in the review.
pl,Fullscreen,Tryb pełnoekranowy,Tryb pełnoekranowy,retain,,No change identified in the review.
pl,Help,Pomoc,Pomoc,retain,,No change identified in the review.
pl,Hide keyframes,Ukryj klatki kluczowe,Ukryj klatki kluczowe,retain,,No change identified in the review.
pl,Histogram,Histogram,Histogram,retain,,No change identified in the review.
pl,Image,Obraz,Obraz,retain,,No change identified in the review.
pl,Import Files,Import plików,Importuj pliki,applied-consistency,Importuj pliki,Match the same action's menu text without its ellipsis.
pl,Import Files...,Importuj pliki...,Importuj pliki...,retain,,No change identified in the review.
pl,Import Project,Importuj projekt,Importuj projekt,retain,,No change identified in the review.
pl,Insert Caption,Wstaw podpis,Wstaw napis,applied-correction,Wstaw napis,Match the subtitle toolbar.
pl,Join our Community...,Dołącz do naszej społeczności...,Dołącz do naszej społeczności...,retain,,No change identified in the review.
pl,Jump To End,Przejdź na koniec,Przejdź na koniec,retain,,No change identified in the review.
pl,Jump To Start,Przejdź do początku,Przejdź do początku,retain,,No change identified in the review.
pl,Launch Tutorial,Uruchom samouczek,Uruchom samouczek,retain,,No change identified in the review.
pl,Lock track,Zablokuj ścieżkę,Zablokuj ścieżkę,retain,,No change identified in the review.
pl,Luma Waveform,Przebieg luminancji,Przebieg luminancji,retain,,No change identified in the review.
pl,My Views,Moje widoki,Moje widoki,retain,,No change identified in the review.
pl,Name,Nazwa,Nazwa,retain,,No change identified in the review.
pl,New Project,Nowy projekt,Nowy projekt,retain,,No change identified in the review.
pl,Next Marker,Następny znacznik,Następny znacznik,retain,,No change identified in the review.
pl,Open Help Contents,Otwórz spis treści pomocy,Otwórz spis treści pomocy,retain,,No change identified in the review.
pl,Open Project,Otwórz projekt,Otwórz projekt,retain,,No change identified in the review.
pl,Open Project...,Otwórz projekt...,Otwórz projekt...,retain,,No change identified in the review.
pl,Pan timeline,Przesuń oś czasu,Przesuń oś czasu,retain,,No change identified in the review.
pl,Play,Odtwórz,Odtwórz,retain,,No change identified in the review.
pl,Preferences,Ustawienia,Ustawienia,retain,,No change identified in the review.
pl,Previous Marker,Poprzedni znacznik,Poprzedni znacznik,retain,,No change identified in the review.
pl,Project Files,Pliki projektu,Pliki projektu,retain,,No change identified in the review.
pl,Properties,Właściwości,Właściwości,retain,,No change identified in the review.
pl,Property,Właściwości,Właściwość,applied-correction,Właściwość,"Use singular property for the table column, matching the English and paired value column."
pl,Quit,Wyjście,Wyjście,retain,,No change identified in the review.
pl,Recent Projects,Ostatnie projekty,Ostatnie projekty,retain,,No change identified in the review.
pl,Recording,Nagrywanie,Nagrywanie,retain,,No change identified in the review.
pl,Recording View,Widok nagrywania,Widok nagrywania,retain,,No change identified in the review.
pl,Recovery,Odzyskiwanie,Odzyskiwanie,retain,,No change identified in the review.
pl,Redo,Ponów,Ponów,retain,,No change identified in the review.
pl,Report a Bug...,Raportuj błąd...,Raportuj błąd...,retain,,No change identified in the review.
pl,Rewind,Przewiń do tyłu,Przewiń do tyłu,retain,,No change identified in the review.
pl,Save Current Frame,Zapisz bieżącą klatkę,Zapisz bieżącą klatkę,retain,,No change identified in the review.
pl,Save Project,Zapisz projekt,Zapisz projekt,retain,,No change identified in the review.
pl,Save Project As...,Zapisz projekt jako...,Zapisz projekt jako...,retain,,No change identified in the review.
pl,Scopes,Zakresy,Zakresy,deferred-candidate,Przyrządy pomiarowe,Zakresy means ranges; a measurement-instrument label explains this submenu. Confirm the preferred local editor term.
pl,Show All,Pokaż wszystkie,Pokaż wszystkie,retain,,No change identified in the review.
pl,Show keyframes,Pokaż klatki kluczowe,Pokaż klatki kluczowe,retain,,No change identified in the review.
pl,Simple View,Widok prosty,Widok prosty,retain,,No change identified in the review.
pl,Tags,Znaczniki,Znaczniki,retain,,No change identified in the review.
pl,Thumb,Miniatura,Miniatura,retain,,No change identified in the review.
pl,Timeline,Oś czasu,Oś czasu,retain,,No change identified in the review.
pl,Title,Tytuł,Tytuł,retain,,No change identified in the review.
pl,Toolbar,Pasek narzędzi,Pasek narzędzi,retain,,No change identified in the review.
pl,Track %s,Ścieżka %s,Ścieżka %s,retain,,No change identified in the review.
pl,Transition,Przejście,Przejście,retain,,No change identified in the review.
pl,Transition: %s,Przejście: %s,Przejście: %s,retain,,No change identified in the review.
pl,Transitions,Przejścia,Przejścia,retain,,No change identified in the review.
pl,Translate this Application...,Przetłumacz ten program...,Przetłumacz ten program...,retain,,No change identified in the review.
pl,Tutorial,Samouczek,Samouczek,retain,,No change identified in the review.
pl,Undo,Cofnij,Cofnij,retain,,No change identified in the review.
pl,Unlock track,Odblokuj ścieżkę,Odblokuj ścieżkę,retain,,No change identified in the review.
pl,Untitled Project,Projekt bez nazwy,Projekt bez nazwy,retain,,No change identified in the review.
pl,Update Available,Jest dostępna aktualizacja,Jest dostępna aktualizacja,retain,,No change identified in the review.
pl,Value,Wartość,Wartość,retain,,No change identified in the review.
pl,Vectorscope,Wektorskop,Wektorskop,retain,,No change identified in the review.
pl,Video,Wideo,Wideo,retain,,No change identified in the review.
pl,Video Preview,Podgląd wideo,Podgląd wideo,retain,,No change identified in the review.
pl,View,Widok,Widok,retain,,No change identified in the review.
pl,Window,Okno,Okno,retain,,No change identified in the review.
pl,Zoom left edge,Powiększ lewą krawędź,Powiększ lewą krawędź,retain,,No change identified in the review.
pl,Zoom right edge,Powiększ prawą krawędź,Powiększ prawą krawędź,retain,,No change identified in the review.
pt,&Edit,&Editar,&Editar,retain,,No change identified in the review.
pt,&File,&Ficheiro,&Ficheiro,retain,,No change identified in the review.
pt,&Preferences,&Preferências,&Preferências,retain,,No change identified in the review.
pt,&Quit,&Sair,&Sair,retain,,No change identified in the review.
pt,About OpenShot,Sobre o OpenShot,Sobre o OpenShot,retain,,No change identified in the review.
pt,Add Marker,Adicionar Marcador,Adicionar Marcador,retain,,No change identified in the review.
pt,Add Track,Adicionar Faixa,Adicionar Faixa,retain,,No change identified in the review.
pt,Animated Title,Título Animado,Título Animado,retain,,No change identified in the review.
pt,Ask a Question...,Fazer uma pergunta...,Fazer uma pergunta...,retain,,No change identified in the review.
pt,Audio,Áudio,Áudio,retain,,No change identified in the review.
pt,Audio Levels,Níveis de Áudio,Níveis de Áudio,retain,,No change identified in the review.
pt,Caption Toolbar,Barra de Legendas,Barra de Legendas,retain,,No change identified in the review.
pt,Captions,Legendas,Legendas,retain,,No change identified in the review.
pt,Center on Playhead,Centralizar no Indicador de Reprodução,Centrar no cursor de reprodução,applied-correction,Centrar no cursor de reprodução,Use European Portuguese centrar and match the playhead noun in the tooltip.
pt,Center the timeline on the Playhead,Centralizar a linha do tempo no cursor de reprodução,Centrar a linha cronológica no cursor de reprodução,applied-consistency,Centrar a linha cronológica no cursor de reprodução,Match the existing Timeline heading and European Portuguese usage.
pt,Choose Profile,Escolher Perfil,Escolher Perfil,retain,,No change identified in the review.
pt,Clear,Limpar,Limpar,retain,,No change identified in the review.
pt,Click: center · Drag: zoom,Clique: centralizar · Arraste: zoom,Clique: centrar · Arraste: zoom,applied-correction,Clique: centrar · Arraste: zoom,Use centrar consistently with the centering action.
pt,Clip,Clip,Clip,retain,,No change identified in the review.
pt,Clip: %s,Clipe: %s,Clip: %s,applied-consistency,Clip: %s,Match the existing Clip noun rather than switching regional spelling in the tooltip.
pt,Color View,Visualização de Cor,Visualização de Cor,retain,,No change identified in the review.
pt,Common,Comum,Comum,retain,,No change identified in the review.
pt,Contents,Conteúdos,Conteúdos,retain,,No change identified in the review.
pt,Disable Razor,Desativar lâmina,Desativar lâmina,retain,,No change identified in the review.
pt,Disable Snapping,Desativar encaixe,Desativar encaixe,retain,,No change identified in the review.
pt,Disable Timing,Desativar temporização,Desativar temporização,retain,,No change identified in the review.
pt,Docks,Painéis,Painéis,retain,,No change identified in the review.
pt,Donate,Doar,Doar,retain,,No change identified in the review.
pt,Effect,Efeito,Efeito,retain,,No change identified in the review.
pt,Effect: %s,Efeito: %s,Efeito: %s,retain,,No change identified in the review.
pt,Effects,Efeitos,Efeitos,retain,,No change identified in the review.
pt,Emojis,Emojis,Emojis,retain,,No change identified in the review.
pt,Enable Razor,Ativar lâmina,Ativar lâmina,retain,,No change identified in the review.
pt,Enable Snapping,Ativar encaixe,Ativar encaixe,retain,,No change identified in the review.
pt,Enable Timing,Ativar temporização,Ativar temporização,retain,,No change identified in the review.
pt,Enter caption text...,Introduza o texto da legenda...,Introduza o texto da legenda...,retain,,No change identified in the review.
pt,Export Project,Exportar Projecto,Exportar Projecto,retain,,No change identified in the review.
pt,Export Video,Exportar vídeo,Exportar vídeo,retain,,No change identified in the review.
pt,Fast Forward,Avanço Rápido,Avanço Rápido,retain,,No change identified in the review.
pt,Filter,Filtro,Filtro,retain,,No change identified in the review.
pt,Fullscreen,Ecrã Completo,Ecrã Completo,retain,,No change identified in the review.
pt,Help,Ajuda,Ajuda,retain,,No change identified in the review.
pt,Hide keyframes,Ocultar quadros-chave,Ocultar quadros-chave,retain,,No change identified in the review.
pt,Histogram,Histograma,Histograma,retain,,No change identified in the review.
pt,Image,Imagem,Imagem,retain,,No change identified in the review.
pt,Import Files,Importar Ficheiros,Importar Ficheiros,retain,,No change identified in the review.
pt,Import Files...,Importar Ficheiros...,Importar Ficheiros...,retain,,No change identified in the review.
pt,Import Project,Importar Projecto,Importar Projecto,retain,,No change identified in the review.
pt,Insert Caption,Inserir Legenda,Inserir Legenda,retain,,No change identified in the review.
pt,Join our Community...,Junte-se à nossa Comunidade...,Junte-se à nossa Comunidade...,retain,,No change identified in the review.
pt,Jump To End,Saltar Para o Fim,Saltar Para o Fim,retain,,No change identified in the review.
pt,Jump To Start,Saltar Para Início,Saltar Para Início,retain,,No change identified in the review.
pt,Launch Tutorial,Lançar o Tutorial,Lançar o Tutorial,retain,,No change identified in the review.
pt,Lock track,Bloquear faixa,Bloquear faixa,retain,,No change identified in the review.
pt,Luma Waveform,Forma de Onda de Luma,Forma de Onda de Luma,retain,,No change identified in the review.
pt,My Views,Minhas Visualizações,Minhas Visualizações,retain,,No change identified in the review.
pt,Name,Nome,Nome,retain,,No change identified in the review.
pt,New Project,Novo projeto,Novo projeto,retain,,No change identified in the review.
pt,Next Marker,Marcador Seguinte,Marcador Seguinte,retain,,No change identified in the review.
pt,Open Help Contents,Abrir Ajuda de Conteúdos,Abrir o índice da ajuda,applied-correction,Abrir o índice da ajuda,The command opens the help contents; the current word order is unnatural.
pt,Open Project,Abrir projeto,Abrir projeto,retain,,No change identified in the review.
pt,Open Project...,Abrir projeto...,Abrir projeto...,retain,,No change identified in the review.
pt,Pan timeline,Mover linha do tempo,Deslocar a linha cronológica,applied-consistency,Deslocar a linha cronológica,Match the existing Timeline dock heading.
pt,Play,Reproduzir,Reproduzir,retain,,No change identified in the review.
pt,Preferences,Preferências,Preferências,retain,,No change identified in the review.
pt,Previous Marker,Marcador Anterior,Marcador Anterior,retain,,No change identified in the review.
pt,Project Files,Ficheiros do projeto,Ficheiros do projeto,retain,,No change identified in the review.
pt,Properties,Propriedades,Propriedades,retain,,No change identified in the review.
pt,Property,Propriedade,Propriedade,retain,,No change identified in the review.
pt,Quit,Sair,Sair,retain,,No change identified in the review.
pt,Recent Projects,Projectos Recentes,Projectos Recentes,retain,,No change identified in the review.
pt,Recording,Gravando,Gravação,applied-correction,Gravação,A dock title names the feature instead of asserting that recording is in progress.
pt,Recording View,Visualização de Gravação,Visualização de Gravação,retain,,No change identified in the review.
pt,Recovery,Recuperação,Recuperação,retain,,No change identified in the review.
pt,Redo,Refazer,Refazer,retain,,No change identified in the review.
pt,Report a Bug...,Reportar Erro...,Reportar Erro...,retain,,No change identified in the review.
pt,Rewind,Rebobinar,Rebobinar,retain,,No change identified in the review.
pt,Save Current Frame,Guardar Quadro Atual,Guardar Quadro Atual,retain,,No change identified in the review.
pt,Save Project,Guardar projeto,Guardar projeto,retain,,No change identified in the review.
pt,Save Project As...,Guardar projeto como...,Guardar projeto como...,retain,,No change identified in the review.
pt,Scopes,Escopos,Escopos,retain,,No change identified in the review.
pt,Show All,Mostrar Todos,Mostrar Todos,retain,,No change identified in the review.
pt,Show keyframes,Mostrar quadros-chave,Mostrar quadros-chave,retain,,No change identified in the review.
pt,Simple View,Vista Simples,Vista Simples,retain,,No change identified in the review.
pt,Tags,Etiquetas,Etiquetas,retain,,No change identified in the review.
pt,Thumb,Miniatura,Miniatura,retain,,No change identified in the review.
pt,Timeline,Linha cronológica,Linha cronológica,retain,,No change identified in the review.
pt,Title,Título,Título,retain,,No change identified in the review.
pt,Toolbar,Barra de ferramentas,Barra de ferramentas,retain,,No change identified in the review.
pt,Track %s,Faixa %s,Faixa %s,retain,,No change identified in the review.
pt,Transition,Transição,Transição,retain,,No change identified in the review.
pt,Transition: %s,Transição: %s,Transição: %s,retain,,No change identified in the review.
pt,Transitions,Transições,Transições,retain,,No change identified in the review.
pt,Translate this Application...,Traduzir esta Aplicação...,Traduzir esta Aplicação...,retain,,No change identified in the review.
pt,Tutorial,Tutorial,Tutorial,retain,,No change identified in the review.
pt,Undo,Anular,Anular,retain,,No change identified in the review.
pt,Unlock track,Desbloquear faixa,Desbloquear faixa,retain,,No change identified in the review.
pt,Untitled Project,Projeto sem nome,Projeto sem nome,retain,,No change identified in the review.
pt,Update Available,Atualização Disponível,Atualização Disponível,retain,,No change identified in the review.
pt,Value,Valor,Valor,retain,,No change identified in the review.
pt,Vectorscope,Vetorscópio,Vetorscópio,retain,,No change identified in the review.
pt,Video,Vídeo,Vídeo,retain,,No change identified in the review.
pt,Video Preview,Pré-visualizar vídeo,Pré-visualização de vídeo,applied-correction,Pré-visualização de vídeo,Use a noun for the dock heading rather than a verb.
pt,View,Ver,Ver,retain,,No change identified in the review.
pt,Window,Janela,Janela,retain,,No change identified in the review.
pt,Zoom left edge,Zoom na borda esquerda,Zoom na borda esquerda,retain,,No change identified in the review.
pt,Zoom right edge,Zoom na borda direita,Zoom na borda direita,retain,,No change identified in the review.
ro,&Edit,&Editează,&Editează,retain,,No change identified in the review.
ro,&File,&Fișier,&Fișier,retain,,No change identified in the review.
ro,&Preferences,&Preferințe,&Preferințe,retain,,No change identified in the review.
ro,&Quit,&Ieșire,&Ieșire,retain,,No change identified in the review.
ro,About OpenShot,Despre OpenShot,Despre OpenShot,retain,,No change identified in the review.
ro,Add Marker,Adaugă marcaj,Adaugă marcaj,retain,,No change identified in the review.
ro,Add Track,Adaugă pistă,Adaugă pistă,retain,,No change identified in the review.
ro,Animated Title,Titlu animat,Titlu animat,retain,,No change identified in the review.
ro,Ask a Question...,Pune o întrebare,Pune o întrebare,retain,,No change identified in the review.
ro,Audio,Audio,Audio,retain,,No change identified in the review.
ro,Audio Levels,Niveluri Audio,Niveluri Audio,retain,,No change identified in the review.
ro,Caption Toolbar,Bara de instrumente pentru subtitrări,Bara de instrumente pentru subtitrări,retain,,No change identified in the review.
ro,Captions,Subtitrări,Subtitrări,retain,,No change identified in the review.
ro,Center on Playhead,Centrat pe Playhead,Centrează pe cursorul de redare,applied-correction,Centrează pe cursorul de redare,Use a command and a localized playback-cursor noun.
ro,Center the timeline on the Playhead,Centrează cronologia pe Playhead,Centrează cronologia pe cursorul de redare,applied-correction,Centrează cronologia pe cursorul de redare,Match the short action's playhead term.
ro,Choose Profile,Alege profil,Alege profil,retain,,No change identified in the review.
ro,Clear,Ștergeți,Ștergeți,retain,,No change identified in the review.
ro,Click: center · Drag: zoom,Click: centru · Trage: zoom,Clic: centrează · Trage: zoom,applied-correction,Clic: centrează · Trage: zoom,Use the centering verb rather than the noun center.
ro,Clip,Decupează,Clip,applied-correction,Clip,"The current text is the cropping/cutting command, not a clip noun."
ro,Clip: %s,Clip: %s,Clip: %s,retain,,No change identified in the review.
ro,Color View,Vizualizare culoare,Vizualizare culoare,retain,,No change identified in the review.
ro,Common,Obișnuite,Obișnuite,retain,,No change identified in the review.
ro,Contents,Conținut,Conținut,retain,,No change identified in the review.
ro,Disable Razor,Dezactivează lama,Dezactivează lama,retain,,No change identified in the review.
ro,Disable Snapping,Dezactivează alinierea,Dezactivează alinierea,retain,,No change identified in the review.
ro,Disable Timing,Dezactivează sincronizarea,Dezactivează modificarea vitezei,applied-correction,Dezactivează modificarea vitezei,Use the same playback-speed term as the enabled state.
ro,Docks,Panouri,Panouri,retain,,No change identified in the review.
ro,Donate,Donați,Donați,retain,,No change identified in the review.
ro,Effect,Efect,Efect,retain,,No change identified in the review.
ro,Effect: %s,Efect: %s,Efect: %s,retain,,No change identified in the review.
ro,Effects,Efecte,Efecte,retain,,No change identified in the review.
ro,Emojis,Emoji,Emoji,retain,,No change identified in the review.
ro,Enable Razor,Activează lama,Activează lama,retain,,No change identified in the review.
ro,Enable Snapping,Activează alinierea,Activează alinierea,retain,,No change identified in the review.
ro,Enable Timing,Activează sincronizarea,Activează modificarea vitezei,applied-correction,Activează modificarea vitezei,The tool changes clip speed by dragging its edges; the current wording suggests synchronization or merely turning on time.
ro,Enter caption text...,Introdu textul subtitrării...,Introdu textul subtitrării...,retain,,No change identified in the review.
ro,Export Project,Export Proiect,Exportă proiectul,applied-correction,Exportă proiectul,"Use a command, matching Import Project."
ro,Export Video,Exportă clip,Exportă video,applied-correction,Exportă video,"The command exports the project video, not only an individual clip."
ro,Fast Forward,Derulare rapidă înainte,Derulare rapidă înainte,retain,,No change identified in the review.
ro,Filter,Filtru,Filtru,retain,,No change identified in the review.
ro,Fullscreen,Pe tot ecranul,Pe tot ecranul,retain,,No change identified in the review.
ro,Help,Ajutor,Ajutor,retain,,No change identified in the review.
ro,Hide keyframes,Ascunde cadrele cheie,Ascunde cadrele cheie,retain,,No change identified in the review.
ro,Histogram,Histogramă,Histogramă,retain,,No change identified in the review.
ro,Image,Imagine,Imagine,retain,,No change identified in the review.
ro,Import Files,Importă fișiere,Importă fișiere,retain,,No change identified in the review.
ro,Import Files...,Importă fișiere...,Importă fișiere...,retain,,No change identified in the review.
ro,Import Project,Import Proiect,Importă proiectul,applied-correction,Importă proiectul,"Use a command, matching Export Project."
ro,Insert Caption,Inserează subtitrare,Inserează subtitrare,retain,,No change identified in the review.
ro,Join our Community...,Alătură-te Comunității Noastre...,Alătură-te Comunității Noastre...,retain,,No change identified in the review.
ro,Jump To End,Salt la sfârșit,Salt la sfârșit,retain,,No change identified in the review.
ro,Jump To Start,Salt la start,Salt la start,retain,,No change identified in the review.
ro,Launch Tutorial,Lansează ghidul,Lansează ghidul,retain,,No change identified in the review.
ro,Lock track,Blochează pista,Blochează pista,retain,,No change identified in the review.
ro,Luma Waveform,Formă de Undă Luma,Formă de Undă Luma,retain,,No change identified in the review.
ro,My Views,Vederile Mele,Vederile Mele,retain,,No change identified in the review.
ro,Name,Nume,Nume,retain,,No change identified in the review.
ro,New Project,Proiect nou,Proiect nou,retain,,No change identified in the review.
ro,Next Marker,Marcajul următor,Marcajul următor,retain,,No change identified in the review.
ro,Open Help Contents,Deschideți conținutul ajutor,Deschide cuprinsul ajutorului,applied-correction,Deschide cuprinsul ajutorului,Correct the grammar and express help table of contents.
ro,Open Project,Deschide proiect,Deschide proiect,retain,,No change identified in the review.
ro,Open Project...,Deschide proiect...,Deschide proiect...,retain,,No change identified in the review.
ro,Pan timeline,Derulează cronologia,Derulează cronologia,retain,,No change identified in the review.
ro,Play,Redare,Redare,retain,,No change identified in the review.
ro,Preferences,Preferințe,Preferințe,retain,,No change identified in the review.
ro,Previous Marker,Marcajul anterior,Marcajul anterior,retain,,No change identified in the review.
ro,Project Files,Fișiere proiect,Fișiere proiect,retain,,No change identified in the review.
ro,Properties,Proprietăți,Proprietăți,retain,,No change identified in the review.
ro,Property,Proprietate,Proprietate,retain,,No change identified in the review.
ro,Quit,Ieșire,Ieșire,retain,,No change identified in the review.
ro,Recent Projects,Proiecte recente,Proiecte recente,retain,,No change identified in the review.
ro,Recording,Înregistrare,Înregistrare,retain,,No change identified in the review.
ro,Recording View,Vedere Înregistrare,Vedere Înregistrare,retain,,No change identified in the review.
ro,Recovery,Recuperare,Recuperare,retain,,No change identified in the review.
ro,Redo,Refacere,Refacere,retain,,No change identified in the review.
ro,Report a Bug...,Raportează o eroare,Raportează o eroare,retain,,No change identified in the review.
ro,Rewind,Derulare înapoi,Derulare înapoi,retain,,No change identified in the review.
ro,Save Current Frame,Salvează cadrul curent,Salvează cadrul curent,retain,,No change identified in the review.
ro,Save Project,Salvează proiectul,Salvează proiectul,retain,,No change identified in the review.
ro,Save Project As...,Salveaza proiectul ca...,Salvează proiectul ca...,applied-correction,Salvează proiectul ca...,Restore the missing Romanian diacritic.
ro,Scopes,Scopuri,Scopuri,deferred-candidate,Instrumente de măsură,Scopuri means purposes/goals; this menu contains signal-measurement instruments. Confirm the preferred short editor label.
ro,Show All,Afișează tot,Afișează tot,retain,,No change identified in the review.
ro,Show keyframes,Arată cadrele cheie,Arată cadrele cheie,retain,,No change identified in the review.
ro,Simple View,Vizualizare simplă,Vizualizare simplă,retain,,No change identified in the review.
ro,Tags,Etichete,Etichete,retain,,No change identified in the review.
ro,Thumb,Miniatura,Miniatură,applied-correction,Miniatură,Use the correctly accented noun for a thumbnail.
ro,Timeline,Cronologie,Cronologie,retain,,No change identified in the review.
ro,Title,Titlu,Titlu,retain,,No change identified in the review.
ro,Toolbar,Bară de unelte,Bară de unelte,retain,,No change identified in the review.
ro,Track %s,Pista %s,Pista %s,retain,,No change identified in the review.
ro,Transition,Tranziție,Tranziție,retain,,No change identified in the review.
ro,Transition: %s,Tranziție: %s,Tranziție: %s,retain,,No change identified in the review.
ro,Transitions,Tranziții,Tranziții,retain,,No change identified in the review.
ro,Translate this Application...,Traduceți această aplicaţie...,Traduceți această aplicaţie...,retain,,No change identified in the review.
ro,Tutorial,Ghid,Ghid,retain,,No change identified in the review.
ro,Undo,Anulează,Anulează,retain,,No change identified in the review.
ro,Unlock track,Deblochează pista,Deblochează pista,retain,,No change identified in the review.
ro,Untitled Project,Proiect fără nume,Proiect fără nume,retain,,No change identified in the review.
ro,Update Available,Actualizare disponibilă,Actualizare disponibilă,retain,,No change identified in the review.
ro,Value,Valoare,Valoare,retain,,No change identified in the review.
ro,Vectorscope,Vectorscop,Vectorscop,retain,,No change identified in the review.
ro,Video,Video,Video,retain,,No change identified in the review.
ro,Video Preview,Previzualizare film,Previzualizare film,retain,,No change identified in the review.
ro,View,Vizualizare,Vizualizare,retain,,No change identified in the review.
ro,Window,Fereastră,Fereastră,retain,,No change identified in the review.
ro,Zoom left edge,Mărește marginea stângă,Mărește marginea stângă,retain,,No change identified in the review.
ro,Zoom right edge,Mărește marginea dreaptă,Mărește marginea dreaptă,retain,,No change identified in the review.
ru,&Edit,&Правка,&Правка,retain,,No change identified in the review.
ru,&File,&Файл,&Файл,retain,,No change identified in the review.
ru,&Preferences,&Параметры,&Параметры,retain,,No change identified in the review.
ru,&Quit,&Выход,&Выход,retain,,No change identified in the review.
ru,About OpenShot,О программе OpenShot,О программе OpenShot,retain,,No change identified in the review.
ru,Add Marker,Добавить маркер,Добавить маркер,retain,,No change identified in the review.
ru,Add Track,Добавить дорожку,Добавить дорожку,retain,,No change identified in the review.
ru,Animated Title,Анимированные титры,Анимированные титры,retain,,No change identified in the review.
ru,Ask a Question...,Задать вопрос...,Задать вопрос...,retain,,No change identified in the review.
ru,Audio,Звук,Звук,retain,,No change identified in the review.
ru,Audio Levels,Уровни звука,Уровни звука,retain,,No change identified in the review.
ru,Caption Toolbar,Панель инструментов субтитров,Панель инструментов субтитров,retain,,No change identified in the review.
ru,Captions,Подписи,Субтитры,applied-correction,Субтитры,Match the timed-subtitle term already used in Caption Toolbar.
ru,Center on Playhead,Центр ползунка,Центрировать по позиции воспроизведения,applied-correction,Центрировать по позиции воспроизведения,The current noun phrase names the slider center instead of issuing an action.
ru,Center the timeline on the Playhead,Центр таймлайна на ползунке,Центрировать шкалу времени по позиции воспроизведения,applied-correction,Центрировать шкалу времени по позиции воспроизведения,Use an action and the same Timeline noun as the dock.
ru,Choose Profile,Выбрать профиль,Выбрать профиль,retain,,No change identified in the review.
ru,Clear,Очистить,Очистить,retain,,No change identified in the review.
ru,Click: center · Drag: zoom,Клик: центр · Перетаскивание: масштаб,Щелчок: центрировать · Перетаскивание: масштабировать,applied-correction,Щелчок: центрировать · Перетаскивание: масштабировать,Describe both gestures as actions instead of isolated nouns.
ru,Clip,Клип,Клип,retain,,No change identified in the review.
ru,Clip: %s,Клип: %s,Клип: %s,retain,,No change identified in the review.
ru,Color View,Цветовой просмотр,Цветовой просмотр,retain,,No change identified in the review.
ru,Common,Общие,Общие,retain,,No change identified in the review.
ru,Contents,Содержание,Содержание,retain,,No change identified in the review.
ru,Disable Razor,Отключить бритву,Отключить бритву,retain,,No change identified in the review.
ru,Disable Snapping,Выключить привязку,Выключить привязку,retain,,No change identified in the review.
ru,Disable Timing,Отключить тайминг,Отключить тайминг,retain,,No change identified in the review.
ru,Docks,Панели,Панели,retain,,No change identified in the review.
ru,Donate,Помочь проекту,Помочь проекту,retain,,No change identified in the review.
ru,Effect,Эффект,Эффект,retain,,No change identified in the review.
ru,Effect: %s,Эффект: %s,Эффект: %s,retain,,No change identified in the review.
ru,Effects,Эффекты,Эффекты,retain,,No change identified in the review.
ru,Emojis,Эмодзи,Эмодзи,retain,,No change identified in the review.
ru,Enable Razor,Включить бритву,Включить бритву,retain,,No change identified in the review.
ru,Enable Snapping,Включить привязку,Включить привязку,retain,,No change identified in the review.
ru,Enable Timing,Включить тайминг,Включить тайминг,retain,,No change identified in the review.
ru,Enter caption text...,Введите текст заголовка ...,Введите текст субтитра...,applied-correction,Введите текст субтитра...,"This is subtitle text, not title text."
ru,Export Project,Экспортировать проект,Экспортировать проект,retain,,No change identified in the review.
ru,Export Video,Экспортировать видео,Экспортировать видео,retain,,No change identified in the review.
ru,Fast Forward,Перемотать вперёд,Перемотать вперёд,retain,,No change identified in the review.
ru,Filter,Фильтр,Фильтр,retain,,No change identified in the review.
ru,Fullscreen,Во весь экран,Во весь экран,retain,,No change identified in the review.
ru,Help,Справка,Справка,retain,,No change identified in the review.
ru,Hide keyframes,Скрыть ключевые кадры,Скрыть ключевые кадры,retain,,No change identified in the review.
ru,Histogram,Гистограмма,Гистограмма,retain,,No change identified in the review.
ru,Image,Изображение,Изображение,retain,,No change identified in the review.
ru,Import Files,Импортировать файлы,Импортировать файлы,retain,,No change identified in the review.
ru,Import Files...,Импортировать файлы...,Импортировать файлы...,retain,,No change identified in the review.
ru,Import Project,Импортировать проект,Импортировать проект,retain,,No change identified in the review.
ru,Insert Caption,Вставить подпись,Вставить субтитр,applied-correction,Вставить субтитр,Insert a timed subtitle cue rather than a generic label.
ru,Join our Community...,Присоединиться к сообществу...,Присоединиться к сообществу...,retain,,No change identified in the review.
ru,Jump To End,Перейти в конец,Перейти в конец,retain,,No change identified in the review.
ru,Jump To Start,Перейти в начало,Перейти в начало,retain,,No change identified in the review.
ru,Launch Tutorial,Запустить Обучение,Запустить Обучение,retain,,No change identified in the review.
ru,Lock track,Заблокировать дорожку,Заблокировать дорожку,retain,,No change identified in the review.
ru,Luma Waveform,Люминансная форма волны,Люминансная форма волны,retain,,No change identified in the review.
ru,My Views,Мои виды,Мои виды,retain,,No change identified in the review.
ru,Name,Название,Название,retain,,No change identified in the review.
ru,New Project,Новый проект,Новый проект,retain,,No change identified in the review.
ru,Next Marker,Следующий маркер,Следующий маркер,retain,,No change identified in the review.
ru,Open Help Contents,Открыть содержание справки,Открыть содержание справки,retain,,No change identified in the review.
ru,Open Project,Открыть проект,Открыть проект,retain,,No change identified in the review.
ru,Open Project...,Открыть проект...,Открыть проект...,retain,,No change identified in the review.
ru,Pan timeline,Переместить таймлайн,Переместить шкалу времени,applied-consistency,Переместить шкалу времени,Match the localized Timeline dock name.
ru,Play,Воспроизведение,Воспроизведение,retain,,No change identified in the review.
ru,Preferences,Параметры,Параметры,retain,,No change identified in the review.
ru,Previous Marker,Предыдущий маркер,Предыдущий маркер,retain,,No change identified in the review.
ru,Project Files,Файлы проекта,Файлы проекта,retain,,No change identified in the review.
ru,Properties,Свойства,Свойства,retain,,No change identified in the review.
ru,Property,Свойство,Свойство,retain,,No change identified in the review.
ru,Quit,Выход,Выход,retain,,No change identified in the review.
ru,Recent Projects,Недавние проекты,Недавние проекты,retain,,No change identified in the review.
ru,Recording,Запись,Запись,retain,,No change identified in the review.
ru,Recording View,Вид записи,Вид записи,retain,,No change identified in the review.
ru,Recovery,Восстановление,Восстановление,retain,,No change identified in the review.
ru,Redo,Вернуть,Вернуть,retain,,No change identified in the review.
ru,Report a Bug...,Сообщить об ошибке...,Сообщить об ошибке...,retain,,No change identified in the review.
ru,Rewind,Перемотать назад,Перемотать назад,retain,,No change identified in the review.
ru,Save Current Frame,Сохранить текущий кадр,Сохранить текущий кадр,retain,,No change identified in the review.
ru,Save Project,Сохранить проект,Сохранить проект,retain,,No change identified in the review.
ru,Save Project As...,Сохранить проект как...,Сохранить проект как...,retain,,No change identified in the review.
ru,Scopes,Скопы,Скопы,retain,,No change identified in the review.
ru,Show All,Показать всё,Показать всё,retain,,No change identified in the review.
ru,Show keyframes,Показать ключевые кадры,Показать ключевые кадры,retain,,No change identified in the review.
ru,Simple View,Обычный просмотр,Обычный просмотр,retain,,No change identified in the review.
ru,Tags,Теги,Теги,retain,,No change identified in the review.
ru,Thumb,Эскиз,Эскиз,retain,,No change identified in the review.
ru,Timeline,Шкала времени,Шкала времени,retain,,No change identified in the review.
ru,Title,Титры,Титры,retain,,No change identified in the review.
ru,Toolbar,Панель инструментов,Панель инструментов,retain,,No change identified in the review.
ru,Track %s,Дорожка %s,Дорожка %s,retain,,No change identified in the review.
ru,Transition,Переход,Переход,retain,,No change identified in the review.
ru,Transition: %s,Переход: %s,Переход: %s,retain,,No change identified in the review.
ru,Transitions,Переходы,Переходы,retain,,No change identified in the review.
ru,Translate this Application...,Перевести это приложение…,Перевести это приложение…,retain,,No change identified in the review.
ru,Tutorial,Обучение,Обучение,retain,,No change identified in the review.
ru,Undo,Отмена,Отмена,retain,,No change identified in the review.
ru,Unlock track,Разблокировать дорожку,Разблокировать дорожку,retain,,No change identified in the review.
ru,Untitled Project,Безымянный проект,Безымянный проект,retain,,No change identified in the review.
ru,Update Available,Доступно обновление,Доступно обновление,retain,,No change identified in the review.
ru,Value,Значение,Значение,retain,,No change identified in the review.
ru,Vectorscope,Вектороскоп,Вектороскоп,retain,,No change identified in the review.
ru,Video,Видео,Видео,retain,,No change identified in the review.
ru,Video Preview,Предпросмотр видео,Предпросмотр видео,retain,,No change identified in the review.
ru,View,Вид,Вид,retain,,No change identified in the review.
ru,Window,Окно,Окно,retain,,No change identified in the review.
ru,Zoom left edge,Масштабировать левый край,Масштабировать левый край,retain,,No change identified in the review.
ru,Zoom right edge,Масштабировать правый край,Масштабировать правый край,retain,,No change identified in the review.
es,&Edit,&Editar,&Editar,retain,,No change identified in the review.
es,&File,&Archivo,&Archivo,retain,,No change identified in the review.
es,&Preferences,&Preferencias,&Preferencias,retain,,No change identified in the review.
es,&Quit,&Salir,&Salir,retain,,No change identified in the review.
es,About OpenShot,Acerca de OpenShot,Acerca de OpenShot,retain,,No change identified in the review.
es,Add Marker,Añadir marcador,Añadir marcador,retain,,No change identified in the review.
es,Add Track,Añadir pista,Añadir pista,retain,,No change identified in the review.
es,Animated Title,Título animado,Título animado,retain,,No change identified in the review.
es,Ask a Question...,Hacer una pregunta...,Hacer una pregunta...,retain,,No change identified in the review.
es,Audio,Audio,Audio,retain,,No change identified in the review.
es,Audio Levels,Niveles de Audio,Niveles de Audio,retain,,No change identified in the review.
es,Caption Toolbar,Barra de herramientas de Subtítulos,Barra de herramientas de Subtítulos,retain,,No change identified in the review.
es,Captions,Subtítulos,Subtítulos,retain,,No change identified in the review.
es,Center on Playhead,Centro en la cabeza de reproducción,Centrar en el cabezal de reproducción,applied-consistency,Centrar en el cabezal de reproducción,Use the command infinitive and the same playhead noun as the longer tooltip.
es,Center the timeline on the Playhead,Centrar la línea de tiempo en el cabezal de reproducción,Centrar la línea de tiempo en el cabezal de reproducción,retain,,No change identified in the review.
es,Choose Profile,Elegir perfil,Elegir perfil,retain,,No change identified in the review.
es,Clear,Vaciar,Vaciar,retain,,No change identified in the review.
es,Click: center · Drag: zoom,Clic: centrar · Arrastrar: zoom,Clic: centrar · Arrastrar: zoom,retain,,No change identified in the review.
es,Clip,Clip,Clip,retain,,No change identified in the review.
es,Clip: %s,Clip: %s,Clip: %s,retain,,No change identified in the review.
es,Color View,Vista de color,Vista de color,retain,,No change identified in the review.
es,Common,Común,Común,retain,,No change identified in the review.
es,Contents,Contenido,Contenido,retain,,No change identified in the review.
es,Disable Razor,Desactivar la navaja,Desactivar la navaja,retain,,No change identified in the review.
es,Disable Snapping,Desactivar ajuste,Desactivar ajuste,retain,,No change identified in the review.
es,Disable Timing,Desactivar temporización,Desactivar temporización,retain,,No change identified in the review.
es,Docks,Paneles,Paneles,retain,,No change identified in the review.
es,Donate,Hacer una donación,Hacer una donación,retain,,No change identified in the review.
es,Effect,Efecto,Efecto,retain,,No change identified in the review.
es,Effect: %s,Efecto: %s,Efecto: %s,retain,,No change identified in the review.
es,Effects,Efectos,Efectos,retain,,No change identified in the review.
es,Emojis,Emoticonos,Emojis,applied-correction,Emojis,Emoji images and emoticons are not the same category; preserve the intended category name.
es,Enable Razor,Activar la navaja,Activar la navaja,retain,,No change identified in the review.
es,Enable Snapping,Activar ajuste,Activar ajuste,retain,,No change identified in the review.
es,Enable Timing,Activar temporización,Activar temporización,retain,,No change identified in the review.
es,Enter caption text...,Ingrese el texto del subtítulo...,Ingrese el texto del subtítulo...,retain,,No change identified in the review.
es,Export Project,Exportar Proyecto,Exportar Proyecto,retain,,No change identified in the review.
es,Export Video,Exportar vídeo,Exportar vídeo,retain,,No change identified in the review.
es,Fast Forward,Avance Rápido,Avance Rápido,retain,,No change identified in the review.
es,Filter,Filtro,Filtro,retain,,No change identified in the review.
es,Fullscreen,Pantalla completa,Pantalla completa,retain,,No change identified in the review.
es,Help,Ayuda,Ayuda,retain,,No change identified in the review.
es,Hide keyframes,Ocultar fotogramas clave,Ocultar fotogramas clave,retain,,No change identified in the review.
es,Histogram,Histograma,Histograma,retain,,No change identified in the review.
es,Image,Imagen,Imagen,retain,,No change identified in the review.
es,Import Files,Importar archivos,Importar archivos,retain,,No change identified in the review.
es,Import Files...,Importar archivos…,Importar archivos…,retain,,No change identified in the review.
es,Import Project,Importar Proyecto,Importar Proyecto,retain,,No change identified in the review.
es,Insert Caption,Insertar subtítulo,Insertar subtítulo,retain,,No change identified in the review.
es,Join our Community...,Unirse a nuestra comunidad...,Unirse a nuestra comunidad...,retain,,No change identified in the review.
es,Jump To End,Ir al Final,Ir al Final,retain,,No change identified in the review.
es,Jump To Start,Ir al Principio,Ir al Principio,retain,,No change identified in the review.
es,Launch Tutorial,Lanzar el tutorial,Lanzar el tutorial,retain,,No change identified in the review.
es,Lock track,Bloquear pista,Bloquear pista,retain,,No change identified in the review.
es,Luma Waveform,Forma de Onda de Luma,Forma de Onda de Luma,retain,,No change identified in the review.
es,My Views,Mis Vistas,Mis Vistas,retain,,No change identified in the review.
es,Name,Nombre,Nombre,retain,,No change identified in the review.
es,New Project,Proyecto nuevo,Proyecto nuevo,retain,,No change identified in the review.
es,Next Marker,Marcador siguiente,Marcador siguiente,retain,,No change identified in the review.
es,Open Help Contents,Abrir contenidos de ayuda,Abrir contenidos de ayuda,retain,,No change identified in the review.
es,Open Project,Abrir proyecto,Abrir proyecto,retain,,No change identified in the review.
es,Open Project...,Abrir proyecto…,Abrir proyecto…,retain,,No change identified in the review.
es,Pan timeline,Desplazar línea de tiempo,Desplazar línea de tiempo,retain,,No change identified in the review.
es,Play,Reproducir,Reproducir,retain,,No change identified in the review.
es,Preferences,Preferencias,Preferencias,retain,,No change identified in the review.
es,Previous Marker,Marcador anterior,Marcador anterior,retain,,No change identified in the review.
es,Project Files,Archivos del proyecto,Archivos del proyecto,retain,,No change identified in the review.
es,Properties,Propiedades,Propiedades,retain,,No change identified in the review.
es,Property,Propiedad,Propiedad,retain,,No change identified in the review.
es,Quit,Salir,Salir,retain,,No change identified in the review.
es,Recent Projects,Proyectos recientes,Proyectos recientes,retain,,No change identified in the review.
es,Recording,Grabando,Grabación,applied-correction,Grabación,The dock title names the feature; grabando incorrectly asserts an active recording.
es,Recording View,Vista de Grabación,Vista de Grabación,retain,,No change identified in the review.
es,Recovery,Recuperación,Recuperación,retain,,No change identified in the review.
es,Redo,Rehacer,Rehacer,retain,,No change identified in the review.
es,Report a Bug...,Informar de un error…,Informar de un error…,retain,,No change identified in the review.
es,Rewind,Retroceder,Retroceder,retain,,No change identified in the review.
es,Save Current Frame,Guardar fotograma actual,Guardar fotograma actual,retain,,No change identified in the review.
es,Save Project,Guardar proyecto,Guardar proyecto,retain,,No change identified in the review.
es,Save Project As...,Guardar proyecto como…,Guardar proyecto como…,retain,,No change identified in the review.
es,Scopes,Ámbitos,Ámbitos,retain,,No change identified in the review.
es,Show All,Mostrar todo,Mostrar todo,retain,,No change identified in the review.
es,Show keyframes,Mostrar fotogramas clave,Mostrar fotogramas clave,retain,,No change identified in the review.
es,Simple View,Vista sencilla,Vista sencilla,retain,,No change identified in the review.
es,Tags,Etiquetas,Etiquetas,retain,,No change identified in the review.
es,Thumb,Miniatura,Miniatura,retain,,No change identified in the review.
es,Timeline,Línea de tiempo,Línea de tiempo,retain,,No change identified in the review.
es,Title,Título,Título,retain,,No change identified in the review.
es,Toolbar,Barra de herramientas,Barra de herramientas,retain,,No change identified in the review.
es,Track %s,Pista %s,Pista %s,retain,,No change identified in the review.
es,Transition,Transición,Transición,retain,,No change identified in the review.
es,Transition: %s,Transición: %s,Transición: %s,retain,,No change identified in the review.
es,Transitions,Transiciones,Transiciones,retain,,No change identified in the review.
es,Translate this Application...,Traducir esta aplicación…,Traducir esta aplicación…,retain,,No change identified in the review.
es,Tutorial,Tutorial,Tutorial,retain,,No change identified in the review.
es,Undo,Deshacer,Deshacer,retain,,No change identified in the review.
es,Unlock track,Desbloquear pista,Desbloquear pista,retain,,No change identified in the review.
es,Untitled Project,Proyecto sin título,Proyecto sin título,retain,,No change identified in the review.
es,Update Available,Actualización disponible,Actualización disponible,retain,,No change identified in the review.
es,Value,Valor,Valor,retain,,No change identified in the review.
es,Vectorscope,Vectorscopio,Vectorscopio,retain,,No change identified in the review.
es,Video,Vídeo,Vídeo,retain,,No change identified in the review.
es,Video Preview,Vista previa de vídeo,Vista previa de vídeo,retain,,No change identified in the review.
es,View,Vista,Vista,retain,,No change identified in the review.
es,Window,Ventana,Ventana,retain,,No change identified in the review.
es,Zoom left edge,Acercar borde izquierdo,Acercar borde izquierdo,retain,,No change identified in the review.
es,Zoom right edge,Acercar borde derecho,Acercar borde derecho,retain,,No change identified in the review.
tr,&Edit,&Düzenle,&Düzenle,retain,,No change identified in the review.
tr,&File,&Dosya,&Dosya,retain,,No change identified in the review.
tr,&Preferences,&Ayarlar,&Ayarlar,retain,,No change identified in the review.
tr,&Quit,&Çık,&Çık,retain,,No change identified in the review.
tr,About OpenShot,OpenShot hakkında,OpenShot hakkında,retain,,No change identified in the review.
tr,Add Marker,İşaretçi ekle,İşaretçi ekle,retain,,No change identified in the review.
tr,Add Track,İz ekle,İz ekle,retain,,No change identified in the review.
tr,Animated Title,Canlandırmalı başlık,Canlandırmalı başlık,retain,,No change identified in the review.
tr,Ask a Question...,Soru sorun...,Soru sorun...,retain,,No change identified in the review.
tr,Audio,Ses,Ses,retain,,No change identified in the review.
tr,Audio Levels,Ses Düzeyleri,Ses Düzeyleri,retain,,No change identified in the review.
tr,Caption Toolbar,Başlık araç çubuğu,Altyazı araç çubuğu,applied-correction,Altyazı araç çubuğu,"Match Insert Caption, which already uses the subtitle term."
tr,Captions,Başlıklar,Altyazılar,applied-correction,Altyazılar,"This is the timed-caption editor, not the separate titles feature."
tr,Center on Playhead,Oynatma Başlığına Ortala,Oynatma kafasına ortala,applied-correction,Oynatma kafasına ortala,Match the playhead noun in the longer tooltip; başlık suggests a title/header.
tr,Center the timeline on the Playhead,Zaman çizelgesini oynatma kafasına ortala,Zaman çizelgesini oynatma kafasına ortala,retain,,No change identified in the review.
tr,Choose Profile,Profil seç,Profil seç,retain,,No change identified in the review.
tr,Clear,Temizle,Temizle,retain,,No change identified in the review.
tr,Click: center · Drag: zoom,Tıklayın: ortala · Sürükleyin: yakınlaştır,Tıklayın: ortala · Sürükleyin: yakınlaştır,retain,,No change identified in the review.
tr,Clip,Parça,Klip,applied-correction,Klip,Match the hover prefix and distinguish clips from tracks.
tr,Clip: %s,Klip: %s,Klip: %s,retain,,No change identified in the review.
tr,Color View,Renk Görünümü,Renk Görünümü,retain,,No change identified in the review.
tr,Common,Genel,Genel,retain,,No change identified in the review.
tr,Contents,İçindekiler,İçindekiler,retain,,No change identified in the review.
tr,Disable Razor,Jileti Devre Dışı Bırak,Jileti Devre Dışı Bırak,retain,,No change identified in the review.
tr,Disable Snapping,Yapışmayı Devre Dışı Bırak,Yapışmayı Devre Dışı Bırak,retain,,No change identified in the review.
tr,Disable Timing,Zamanlamayı Devre Dışı Bırak,Zamanlamayı Devre Dışı Bırak,retain,,No change identified in the review.
tr,Docks,Yanaşmalar,Paneller,applied-correction,Paneller,Name the dockable panels rather than the act of approaching/docking.
tr,Donate,Bağış yapın,Bağış yapın,retain,,No change identified in the review.
tr,Effect,Efekt,Efekt,retain,,No change identified in the review.
tr,Effect: %s,Efekt: %s,Efekt: %s,retain,,No change identified in the review.
tr,Effects,Etkiler,Efektler,applied-consistency,Efektler,Match Effect and the effect hover prefix with the established editing noun.
tr,Emojis,Emojiler,Emojiler,retain,,No change identified in the review.
tr,Enable Razor,Jileti Etkinleştir,Jileti Etkinleştir,retain,,No change identified in the review.
tr,Enable Snapping,Yapışmayı Etkinleştir,Yapışmayı Etkinleştir,retain,,No change identified in the review.
tr,Enable Timing,Zamanlamayı Etkinleştir,Zamanlamayı Etkinleştir,retain,,No change identified in the review.
tr,Enter caption text...,Başlık metnini yazın...,Altyazı metnini yazın...,applied-correction,Altyazı metnini yazın...,Use subtitle text rather than title text.
tr,Export Project,Projeyi dışa aktar,Projeyi dışa aktar,retain,,No change identified in the review.
tr,Export Video,Videoyu Dışa Aktar,Videoyu Dışa Aktar,retain,,No change identified in the review.
tr,Fast Forward,Hızlı ilerlet,Hızlı ilerlet,retain,,No change identified in the review.
tr,Filter,Filtre,Filtre,retain,,No change identified in the review.
tr,Fullscreen,Tam ekran,Tam ekran,retain,,No change identified in the review.
tr,Help,Yardım,Yardım,retain,,No change identified in the review.
tr,Hide keyframes,Anahtar kareleri gizle,Anahtar kareleri gizle,retain,,No change identified in the review.
tr,Histogram,Histogram,Histogram,retain,,No change identified in the review.
tr,Image,Görsel,Görsel,retain,,No change identified in the review.
tr,Import Files,Dosyaları içe aktar,Dosyaları içe aktar,retain,,No change identified in the review.
tr,Import Files...,Dosyaları içe aktar...,Dosyaları içe aktar...,retain,,No change identified in the review.
tr,Import Project,Projeyi içe aktar,Projeyi içe aktar,retain,,No change identified in the review.
tr,Insert Caption,Altyazı Ekle,Altyazı Ekle,retain,,No change identified in the review.
tr,Join our Community...,Topluluğumuza katıl...,Topluluğumuza katıl...,retain,,No change identified in the review.
tr,Jump To End,Bitişe git,Bitişe git,retain,,No change identified in the review.
tr,Jump To Start,Başlangıca dön,Başlangıca dön,retain,,No change identified in the review.
tr,Launch Tutorial,Eğitimi başlat,Eğitimi başlat,retain,,No change identified in the review.
tr,Lock track,Parçayı kilitle,İzi kilitle,applied-consistency,İzi kilitle,Match Add Track and Track %s.
tr,Luma Waveform,Luma Dalga Formu,Luma Dalga Formu,retain,,No change identified in the review.
tr,My Views,Görünümlerim,Görünümlerim,retain,,No change identified in the review.
tr,Name,Ad,Ad,retain,,No change identified in the review.
tr,New Project,Yeni proje,Yeni proje,retain,,No change identified in the review.
tr,Next Marker,Sonraki işaretçi,Sonraki işaretçi,retain,,No change identified in the review.
tr,Open Help Contents,Yardım başlıklarını aç,Yardım başlıklarını aç,retain,,No change identified in the review.
tr,Open Project,Proje aç,Proje aç,retain,,No change identified in the review.
tr,Open Project...,Proje aç...,Proje aç...,retain,,No change identified in the review.
tr,Pan timeline,Zaman çizelgesini kaydır,Zaman çizelgesini kaydır,retain,,No change identified in the review.
tr,Play,Oynat,Oynat,retain,,No change identified in the review.
tr,Preferences,Ayarlar,Ayarlar,retain,,No change identified in the review.
tr,Previous Marker,Önceki işaretçi,Önceki işaretçi,retain,,No change identified in the review.
tr,Project Files,Proje dosyaları,Proje dosyaları,retain,,No change identified in the review.
tr,Properties,Özellikler,Özellikler,retain,,No change identified in the review.
tr,Property,Özellik,Özellik,retain,,No change identified in the review.
tr,Quit,Çık,Çık,retain,,No change identified in the review.
tr,Recent Projects,Son kullanılan projeler,Son kullanılan projeler,retain,,No change identified in the review.
tr,Recording,Kayıt,Kayıt,retain,,No change identified in the review.
tr,Recording View,Kayıt Görünümü,Kayıt Görünümü,retain,,No change identified in the review.
tr,Recovery,Kurtarma,Kurtarma,retain,,No change identified in the review.
tr,Redo,Yinele,Yinele,retain,,No change identified in the review.
tr,Report a Bug...,Sorun bildirin...,Sorun bildirin...,retain,,No change identified in the review.
tr,Rewind,Geri sar,Geri sar,retain,,No change identified in the review.
tr,Save Current Frame,Geçerli kareyi kaydet,Geçerli kareyi kaydet,retain,,No change identified in the review.
tr,Save Project,Projeyi kaydet,Projeyi kaydet,retain,,No change identified in the review.
tr,Save Project As...,Projeyi farklı kaydet...,Projeyi farklı kaydet...,retain,,No change identified in the review.
tr,Scopes,Ölçümler,Ölçümler,retain,,No change identified in the review.
tr,Show All,Tümünü Göster,Tümünü Göster,retain,,No change identified in the review.
tr,Show keyframes,Anahtar kareleri göster,Anahtar kareleri göster,retain,,No change identified in the review.
tr,Simple View,Basit görünüm,Basit görünüm,retain,,No change identified in the review.
tr,Tags,Etiketler,Etiketler,retain,,No change identified in the review.
tr,Thumb,Küçük Resim,Küçük Resim,retain,,No change identified in the review.
tr,Timeline,Zaman çizelgesi,Zaman çizelgesi,retain,,No change identified in the review.
tr,Title,Başlık,Başlık,retain,,No change identified in the review.
tr,Toolbar,Araç çubuğu,Araç çubuğu,retain,,No change identified in the review.
tr,Track %s,İz %s,İz %s,retain,,No change identified in the review.
tr,Transition,Geçiş,Geçiş,retain,,No change identified in the review.
tr,Transition: %s,Geçiş: %s,Geçiş: %s,retain,,No change identified in the review.
tr,Transitions,Geçişler,Geçişler,retain,,No change identified in the review.
tr,Translate this Application...,Uygulamayı çevirin...,Uygulamayı çevirin...,retain,,No change identified in the review.
tr,Tutorial,Eğitim,Eğitim,retain,,No change identified in the review.
tr,Undo,Geri al,Geri al,retain,,No change identified in the review.
tr,Unlock track,Parça kilidini aç,İzin kilidini aç,applied-consistency,İzin kilidini aç,Match Add Track and Track %s.
tr,Untitled Project,Başlıksız Proje,Başlıksız Proje,retain,,No change identified in the review.
tr,Update Available,Güncelleme Mevcut,Güncelleme Mevcut,retain,,No change identified in the review.
tr,Value,Değer,Değer,retain,,No change identified in the review.
tr,Vectorscope,Vektörskop,Vektörskop,retain,,No change identified in the review.
tr,Video,Video,Video,retain,,No change identified in the review.
tr,Video Preview,Video ön izlemesi,Video ön izlemesi,retain,,No change identified in the review.
tr,View,Görünüm,Görünüm,retain,,No change identified in the review.
tr,Window,Pencere,Pencere,retain,,No change identified in the review.
tr,Zoom left edge,Sol kenarı yakınlaştır,Sol kenarı yakınlaştır,retain,,No change identified in the review.
tr,Zoom right edge,Sağ kenarı yakınlaştır,Sağ kenarı yakınlaştır,retain,,No change identified in the review.
vi,&Edit,&Chỉnh sửa,&Chỉnh sửa,retain,,No change identified in the review.
vi,&File,&Tệp,&Tệp,retain,,No change identified in the review.
vi,&Preferences,&Các tuỳ chỉnh,&Các tuỳ chỉnh,retain,,No change identified in the review.
vi,&Quit,&Thoát,&Thoát,retain,,No change identified in the review.
vi,About OpenShot,Giới thiệu về Openshot,Giới thiệu về Openshot,retain,,No change identified in the review.
vi,Add Marker,Thêm điểm đánh dấu,Thêm điểm đánh dấu,retain,,No change identified in the review.
vi,Add Track,Thêm rãnh,Thêm rãnh,retain,,No change identified in the review.
vi,Animated Title,Tiêu đề hoạt hoạ,Tiêu đề hoạt hoạ,retain,,No change identified in the review.
vi,Ask a Question...,Đặt một câu hỏi...,Đặt một câu hỏi...,retain,,No change identified in the review.
vi,Audio,Âm thanh,Âm thanh,retain,,No change identified in the review.
vi,Audio Levels,Mức âm thanh,Mức âm thanh,retain,,No change identified in the review.
vi,Caption Toolbar,Thanh công cụ của phụ đề,Thanh công cụ của phụ đề,retain,,No change identified in the review.
vi,Captions,Chủ Đề,Phụ đề,applied-correction,Phụ đề,The current label means topics; this dock edits timed subtitles.
vi,Center on Playhead,Căn giữa trên Playhead,Căn giữa trên Playhead,retain,,No change identified in the review.
vi,Center the timeline on the Playhead,Căn giữa dòng thời gian trên Playhead,Căn giữa dòng thời gian trên Playhead,retain,,No change identified in the review.
vi,Choose Profile,Chọn hồ sơ,Chọn hồ sơ,retain,,No change identified in the review.
vi,Clear,Xóa sạch,Xóa sạch,retain,,No change identified in the review.
vi,Click: center · Drag: zoom,Nhấp: căn giữa · Kéo: phóng to,Nhấp: căn giữa · Kéo: phóng to,retain,,No change identified in the review.
vi,Clip,Clip,Clip,retain,,No change identified in the review.
vi,Clip: %s,Đoạn phim: %s,Clip: %s,applied-correction,Clip: %s,Match the Clip noun and avoid implying all clips are films.
vi,Color View,Chế độ xem màu,Chế độ xem màu,retain,,No change identified in the review.
vi,Common,Phổ biến,Phổ biến,retain,,No change identified in the review.
vi,Contents,Nội dung,Nội dung,retain,,No change identified in the review.
vi,Disable Razor,Tắt lưỡi dao,Tắt lưỡi dao,retain,,No change identified in the review.
vi,Disable Snapping,Tắt bám dính,Tắt bám dính,retain,,No change identified in the review.
vi,Disable Timing,Tắt thời gian,Tắt công cụ đổi tốc độ,applied-correction,Tắt công cụ đổi tốc độ,Use the same playback-speed term as the enabled state.
vi,Docks,Docks,Docks,retain,,No change identified in the review.
vi,Donate,Đóng góp,Đóng góp,retain,,No change identified in the review.
vi,Effect,Hiệu ứng,Hiệu ứng,retain,,No change identified in the review.
vi,Effect: %s,Hiệu ứng: %s,Hiệu ứng: %s,retain,,No change identified in the review.
vi,Effects,Hiệu ứng,Hiệu ứng,retain,,No change identified in the review.
vi,Emojis,Biểu tượng cảm xúc,Biểu tượng cảm xúc,retain,,No change identified in the review.
vi,Enable Razor,Bật lưỡi dao,Bật lưỡi dao,retain,,No change identified in the review.
vi,Enable Snapping,Bật bám dính,Bật bám dính,retain,,No change identified in the review.
vi,Enable Timing,Bật thời gian,Bật công cụ đổi tốc độ,applied-correction,Bật công cụ đổi tốc độ,The tool changes clip speed by dragging its edges; the current wording suggests synchronization or merely turning on time.
vi,Enter caption text...,Nhập văn bản phụ đề ...,Nhập văn bản phụ đề ...,retain,,No change identified in the review.
vi,Export Project,Xuất dự án,Xuất dự án,retain,,No change identified in the review.
vi,Export Video,Xuất video,Xuất video,retain,,No change identified in the review.
vi,Fast Forward,Tua nhanh,Tua nhanh,retain,,No change identified in the review.
vi,Filter,Lọc,Lọc,retain,,No change identified in the review.
vi,Fullscreen,Toàn màn hình,Toàn màn hình,retain,,No change identified in the review.
vi,Help,Trợ giúp,Trợ giúp,retain,,No change identified in the review.
vi,Hide keyframes,Ẩn khung hình chính,Ẩn khung hình chính,retain,,No change identified in the review.
vi,Histogram,Biểu đồ phân bố,Biểu đồ phân bố,retain,,No change identified in the review.
vi,Image,Hình ảnh,Hình ảnh,retain,,No change identified in the review.
vi,Import Files,Nhập tệp,Nhập tệp,retain,,No change identified in the review.
vi,Import Files...,Nhập tệp ...,Nhập tệp ...,retain,,No change identified in the review.
vi,Import Project,Nhập dự án,Nhập dự án,retain,,No change identified in the review.
vi,Insert Caption,Chèn chú thích,Chèn phụ đề,applied-correction,Chèn phụ đề,Match Caption Toolbar and the caption text prompt.
vi,Join our Community...,Tham gia cộng đồng của chúng tôi...,Tham gia cộng đồng của chúng tôi...,retain,,No change identified in the review.
vi,Jump To End,Kết thúc,Đến cuối,applied-correction,Đến cuối,This seeks to the end rather than ending an operation.
vi,Jump To Start,Bắt đầu,Đến đầu,applied-correction,Đến đầu,This seeks to the start rather than starting playback.
vi,Launch Tutorial,Khỏi chạy hướng dẫn,Khởi chạy hướng dẫn,applied-correction,Khởi chạy hướng dẫn,Fix the typo Khỏi to Khởi.
vi,Lock track,Khóa đường dẫn,Khóa rãnh,applied-consistency,Khóa rãnh,Match Add Track and Track %s; đường dẫn means path.
vi,Luma Waveform,Dạng sóng Luma,Dạng sóng Luma,retain,,No change identified in the review.
vi,My Views,Các chế độ xem của tôi,Các chế độ xem của tôi,retain,,No change identified in the review.
vi,Name,Tên,Tên,retain,,No change identified in the review.
vi,New Project,Dự án mới,Dự án mới,retain,,No change identified in the review.
vi,Next Marker,Điểm đánh dấu tiếp theo,Điểm đánh dấu tiếp theo,retain,,No change identified in the review.
vi,Open Help Contents,Mở nội dung trợ giúp,Mở nội dung trợ giúp,retain,,No change identified in the review.
vi,Open Project,Mở dự án,Mở dự án,retain,,No change identified in the review.
vi,Open Project...,Mở dự án...,Mở dự án...,retain,,No change identified in the review.
vi,Pan timeline,Di chuyển dòng thời gian,Di chuyển dòng thời gian,retain,,No change identified in the review.
vi,Play,Phát,Phát,retain,,No change identified in the review.
vi,Preferences,Các tùy chỉnh,Các tùy chỉnh,retain,,No change identified in the review.
vi,Previous Marker,Điểm đánh dấu trước,Điểm đánh dấu trước,retain,,No change identified in the review.
vi,Project Files,Tệp dự án,Tệp dự án,retain,,No change identified in the review.
vi,Properties,Thuộc tính,Thuộc tính,retain,,No change identified in the review.
vi,Property,Thuộc tính,Thuộc tính,retain,,No change identified in the review.
vi,Quit,Thoát,Thoát,retain,,No change identified in the review.
vi,Recent Projects,Dự án gần đây,Dự án gần đây,retain,,No change identified in the review.
vi,Recording,Đang ghi âm,Ghi âm và ghi hình,applied-correction,Ghi âm và ghi hình,"The dock supports microphone, screen, and webcam capture. Use a feature name covering audio and video, not an active-recording status or audio-only term."
vi,Recording View,Chế độ xem ghi âm,Chế độ xem ghi âm và ghi hình,applied-correction,Chế độ xem ghi âm và ghi hình,"The workspace supports microphone, screen, and webcam recording, so its name must cover both audio and video."
vi,Recovery,Phục hồi,Phục hồi,retain,,No change identified in the review.
vi,Redo,Làm lại,Làm lại,retain,,No change identified in the review.
vi,Report a Bug...,Báo cáo lỗi...,Báo cáo lỗi...,retain,,No change identified in the review.
vi,Rewind,Tua lại,Tua lại,retain,,No change identified in the review.
vi,Save Current Frame,Lưu khung hình hiện tại,Lưu khung hình hiện tại,retain,,No change identified in the review.
vi,Save Project,Lưu Dự án,Lưu Dự án,retain,,No change identified in the review.
vi,Save Project As...,Lưu dự án dưới dạng...,Lưu dự án dưới dạng...,retain,,No change identified in the review.
vi,Scopes,Phạm vi,Phạm vi,deferred-candidate,Công cụ đo,The current term means range/scope in general; name the measurement tools. Confirm preferred local editor wording.
vi,Show All,Hiển thị tất cả,Hiển thị tất cả,retain,,No change identified in the review.
vi,Show keyframes,Hiện khung hình chính,Hiện khung hình chính,retain,,No change identified in the review.
vi,Simple View,Chế độ xem đơn giản,Chế độ xem đơn giản,retain,,No change identified in the review.
vi,Tags,Nhãn,Nhãn,retain,,No change identified in the review.
vi,Thumb,Thumb,Ảnh thu nhỏ,applied-correction,Ảnh thu nhỏ,Translate the English abbreviation as thumbnail image.
vi,Timeline,Dòng thời gian,Dòng thời gian,retain,,No change identified in the review.
vi,Title,Tiêu đề,Tiêu đề,retain,,No change identified in the review.
vi,Toolbar,Thanh Công Cụ,Thanh Công Cụ,retain,,No change identified in the review.
vi,Track %s,Rãnh %s,Rãnh %s,retain,,No change identified in the review.
vi,Transition,Chuyển cảnh,Chuyển cảnh,retain,,No change identified in the review.
vi,Transition: %s,Chuyển cảnh: %s,Chuyển cảnh: %s,retain,,No change identified in the review.
vi,Transitions,Chuyển cảnh,Chuyển cảnh,retain,,No change identified in the review.
vi,Translate this Application...,Dịch ứng dụng này...,Dịch ứng dụng này...,retain,,No change identified in the review.
vi,Tutorial,Hướng dẫn,Hướng dẫn,retain,,No change identified in the review.
vi,Undo,Hoàn tác,Hoàn tác,retain,,No change identified in the review.
vi,Unlock track,Mở khóa đường dẫn,Mở khóa rãnh,applied-correction,Mở khóa rãnh,Match the track noun rather than file-path terminology.
vi,Untitled Project,Dự án không tên,Dự án không tên,retain,,No change identified in the review.
vi,Update Available,Có bản cập nhật,Có bản cập nhật,retain,,No change identified in the review.
vi,Value,Giá trị,Giá trị,retain,,No change identified in the review.
vi,Vectorscope,Phạm vi vector,Phạm vi vector,deferred-candidate,Máy đo véc-tơ,The current term means vector range rather than the signal instrument; confirm the local instrument name.
vi,Video,Video,Video,retain,,No change identified in the review.
vi,Video Preview,Xem trước video,Xem trước video,retain,,No change identified in the review.
vi,View,Xem,Xem,retain,,No change identified in the review.
vi,Window,Cửa sổ,Cửa sổ,retain,,No change identified in the review.
vi,Zoom left edge,Phóng to cạnh trái,Phóng to cạnh trái,retain,,No change identified in the review.
vi,Zoom right edge,Phóng to cạnh phải,Phóng to cạnh phải,retain,,No change identified in the review.
uk,&Edit,&Редагувати,&Редагувати,retain,,No change identified in the review.
uk,&File,&Файл,&Файл,retain,,No change identified in the review.
uk,&Preferences,&Параметри,&Параметри,retain,,No change identified in the review.
uk,&Quit,В&ийти,В&ийти,retain,,No change identified in the review.
uk,About OpenShot,Про OpenShot,Про OpenShot,retain,,No change identified in the review.
uk,Add Marker,Додати маркер,Додати маркер,retain,,No change identified in the review.
uk,Add Track,Додати доріжку,Додати доріжку,retain,,No change identified in the review.
uk,Animated Title,Анімовані титри,Анімовані титри,retain,,No change identified in the review.
uk,Ask a Question...,Задати питання...,Задати питання...,retain,,No change identified in the review.
uk,Audio,Аудіо,Аудіо,retain,,No change identified in the review.
uk,Audio Levels,Рівні аудіо,Рівні аудіо,retain,,No change identified in the review.
uk,Caption Toolbar,Панель інструментів субтитрів,Панель інструментів субтитрів,retain,,No change identified in the review.
uk,Captions,Підписи,Субтитри,applied-correction,Субтитри,Match the timed-subtitle term already used in Caption Toolbar.
uk,Center on Playhead,Центрувати на курсорі,Центрувати на курсорі,retain,,No change identified in the review.
uk,Center the timeline on the Playhead,Центрувати монтажний стіл за позицією відтворення,Центрувати монтажний стіл за позицією відтворення,retain,,No change identified in the review.
uk,Choose Profile,Обрати профіль,Обрати профіль,retain,,No change identified in the review.
uk,Clear,Очистити,Очистити,retain,,No change identified in the review.
uk,Click: center · Drag: zoom,Клік: центр · Перетягування: масштабування,Клік: центр · Перетягування: масштабування,retain,,No change identified in the review.
uk,Clip,Кліп,Кліп,retain,,No change identified in the review.
uk,Clip: %s,Кліп: %s,Кліп: %s,retain,,No change identified in the review.
uk,Color View,Перегляд кольорів,Перегляд кольорів,retain,,No change identified in the review.
uk,Common,Загальні,Загальні,retain,,No change identified in the review.
uk,Contents,Вміст,Вміст,retain,,No change identified in the review.
uk,Disable Razor,Вимкнути Лезо,Вимкнути Лезо,retain,,No change identified in the review.
uk,Disable Snapping,Вимкнути прив'язування,Вимкнути прив'язування,retain,,No change identified in the review.
uk,Disable Timing,Вимкнути синхронізацію,Вимкнути зміну швидкості,applied-correction,Вимкнути зміну швидкості,Use the same playback-speed term as the enabled state.
uk,Docks,Доки,Доки,retain,,No change identified in the review.
uk,Donate,Пожертвувати,Пожертвувати,retain,,No change identified in the review.
uk,Effect,Ефект,Ефект,retain,,No change identified in the review.
uk,Effect: %s,Ефект: %s,Ефект: %s,retain,,No change identified in the review.
uk,Effects,Ефекти,Ефекти,retain,,No change identified in the review.
uk,Emojis,Емодзі,Емодзі,retain,,No change identified in the review.
uk,Enable Razor,Увімкнути Лезо,Увімкнути Лезо,retain,,No change identified in the review.
uk,Enable Snapping,Увімкнути прив'язування,Увімкнути прив'язування,retain,,No change identified in the review.
uk,Enable Timing,Увімкнути синхронізацію,Увімкнути зміну швидкості,applied-correction,Увімкнути зміну швидкості,The tool changes clip speed by dragging its edges; the current wording suggests synchronization or merely turning on time.
uk,Enter caption text...,Введіть текст заголовку...,Введіть текст субтитру...,applied-correction,Введіть текст субтитру...,"This is subtitle text, not heading/title text."
uk,Export Project,Експортувати проєкт,Експортувати проєкт,retain,,No change identified in the review.
uk,Export Video,Експортування відео,Експортувати відео,applied-correction,Експортувати відео,Use an action infinitive matching Export Project.
uk,Fast Forward,Прокрутити вперед,Прокрутити вперед,retain,,No change identified in the review.
uk,Filter,Фільтр,Фільтр,retain,,No change identified in the review.
uk,Fullscreen,На весь екран,На весь екран,retain,,No change identified in the review.
uk,Help,Довідка,Довідка,retain,,No change identified in the review.
uk,Hide keyframes,Приховати ключові кадри,Приховати ключові кадри,retain,,No change identified in the review.
uk,Histogram,Гістограма,Гістограма,retain,,No change identified in the review.
uk,Image,Зображення,Зображення,retain,,No change identified in the review.
uk,Import Files,Імпортувати файли,Імпортувати файли,retain,,No change identified in the review.
uk,Import Files...,Імпортувати файли...,Імпортувати файли...,retain,,No change identified in the review.
uk,Import Project,Імпортувати проєкт,Імпортувати проєкт,retain,,No change identified in the review.
uk,Insert Caption,Вставити підпис,Вставити субтитр,applied-correction,Вставити субтитр,This inserts a timed subtitle cue rather than a generic label.
uk,Join our Community...,Долучитися до спільноти…,Долучитися до спільноти…,retain,,No change identified in the review.
uk,Jump To End,Перейти в кінець,Перейти в кінець,retain,,No change identified in the review.
uk,Jump To Start,Перейти на старт,Перейти на старт,retain,,No change identified in the review.
uk,Launch Tutorial,Розпочати навчання,Розпочати навчання,retain,,No change identified in the review.
uk,Lock track,Заблокувати доріжку,Заблокувати доріжку,retain,,No change identified in the review.
uk,Luma Waveform,Форма хвилі яскравості,Форма хвилі яскравості,retain,,No change identified in the review.
uk,My Views,Мої подання,Мої подання,retain,,No change identified in the review.
uk,Name,Назва,Назва,retain,,No change identified in the review.
uk,New Project,Новий проєкт,Новий проєкт,retain,,No change identified in the review.
uk,Next Marker,Наступний маркер,Наступний маркер,retain,,No change identified in the review.
uk,Open Help Contents,Відкрити розділи довідки,Відкрити розділи довідки,retain,,No change identified in the review.
uk,Open Project,Відкрити проєкт,Відкрити проєкт,retain,,No change identified in the review.
uk,Open Project...,Відкрити проєкт...,Відкрити проєкт...,retain,,No change identified in the review.
uk,Pan timeline,Переміщення часової шкали,Перемістити монтажний стіл,applied-consistency,Перемістити монтажний стіл,Match the existing Timeline heading and use a command form.
uk,Play,Відтворити,Відтворити,retain,,No change identified in the review.
uk,Preferences,Налаштування,Параметри,applied-consistency,Параметри,Match the Preferences menu action.
uk,Previous Marker,Попередній маркер,Попередній маркер,retain,,No change identified in the review.
uk,Project Files,Файли проєкту,Файли проєкту,retain,,No change identified in the review.
uk,Properties,Властивості,Властивості,retain,,No change identified in the review.
uk,Property,Властивість,Властивість,retain,,No change identified in the review.
uk,Quit,Вийти,Вийти,retain,,No change identified in the review.
uk,Recent Projects,Недавні проєкти,Недавні проєкти,retain,,No change identified in the review.
uk,Recording,Запис,Запис,retain,,No change identified in the review.
uk,Recording View,Вигляд запису,Вигляд запису,retain,,No change identified in the review.
uk,Recovery,Відновлення,Відновлення,retain,,No change identified in the review.
uk,Redo,Повторити,Повторити,retain,,No change identified in the review.
uk,Report a Bug...,Повідомити про помилку...,Повідомити про помилку...,retain,,No change identified in the review.
uk,Rewind,Назад,Назад,retain,,No change identified in the review.
uk,Save Current Frame,Збереження поточного кадру,Зберегти поточний кадр,applied-correction,Зберегти поточний кадр,Use an action infinitive matching Save Project.
uk,Save Project,Зберегти проєкт,Зберегти проєкт,retain,,No change identified in the review.
uk,Save Project As...,Зберегти проєкт як...,Зберегти проєкт як...,retain,,No change identified in the review.
uk,Scopes,Діапазони,Діапазони,deferred-candidate,Вимірювальні прилади,The current term means ranges; this submenu contains measurement instruments. Confirm the preferred editor label.
uk,Show All,Показати все,Показати все,retain,,No change identified in the review.
uk,Show keyframes,Показати ключові кадри,Показати ключові кадри,retain,,No change identified in the review.
uk,Simple View,Просте подання,Просте подання,retain,,No change identified in the review.
uk,Tags,Теги,Теги,retain,,No change identified in the review.
uk,Thumb,Мініатюра,Мініатюра,retain,,No change identified in the review.
uk,Timeline,Монтажний стіл,Монтажний стіл,retain,,No change identified in the review.
uk,Title,Титри,Титри,retain,,No change identified in the review.
uk,Toolbar,Панель інструментів,Панель інструментів,retain,,No change identified in the review.
uk,Track %s,Доріжка %s,Доріжка %s,retain,,No change identified in the review.
uk,Transition,Перехід,Перехід,retain,,No change identified in the review.
uk,Transition: %s,Переход: %s,Перехід: %s,applied-correction,Перехід: %s,"Use the Ukrainian noun already present in Transition, not the Russian form."
uk,Transitions,Переходи,Переходи,retain,,No change identified in the review.
uk,Translate this Application...,Перекласти цю програму,Перекласти цю програму,retain,,No change identified in the review.
uk,Tutorial,Навчання,Навчання,retain,,No change identified in the review.
uk,Undo,Скасувати,Скасувати,retain,,No change identified in the review.
uk,Unlock track,Розблокувати доріжку,Розблокувати доріжку,retain,,No change identified in the review.
uk,Untitled Project,Проєкт без назви,Проєкт без назви,retain,,No change identified in the review.
uk,Update Available,Доступне оновлення,Доступне оновлення,retain,,No change identified in the review.
uk,Value,Значення,Значення,retain,,No change identified in the review.
uk,Vectorscope,Вектороскоп,Вектороскоп,retain,,No change identified in the review.
uk,Video,Відео,Відео,retain,,No change identified in the review.
uk,Video Preview,Попередній перегляд відео,Попередній перегляд відео,retain,,No change identified in the review.
uk,View,Вигляд,Вигляд,retain,,No change identified in the review.
uk,Window,Вікно,Вікно,retain,,No change identified in the review.
uk,Zoom left edge,Масштабувати лівий край,Масштабувати лівий край,retain,,No change identified in the review.
uk,Zoom right edge,Масштабувати правий край,Масштабувати правий край,retain,,No change identified in the review.
ar,Pause,,إيقاف مؤقت,added-bug-fix,إيقاف مؤقت,"Playback action displays Pause while playing, using the active UI language."
bn,Pause,,বিরতি,added-bug-fix,বিরতি,"Playback action displays Pause while playing, using the active UI language."
zh-hans,Pause,,暂停,added-bug-fix,暂停,"Playback action displays Pause while playing, using the active UI language."
zh-hant,Pause,,暫停,added-bug-fix,暫停,"Playback action displays Pause while playing, using the active UI language."
hr,Pause,,Pauza,added-bug-fix,Pauza,"Playback action displays Pause while playing, using the active UI language."
nl,Pause,,Pauzeren,added-bug-fix,Pauzeren,"Playback action displays Pause while playing, using the active UI language."
fr,Pause,,Pause,added-bug-fix,Pause,"Playback action displays Pause while playing, using the active UI language."
fi,Pause,,Tauko,added-bug-fix,Tauko,"Playback action displays Pause while playing, using the active UI language."
en,Pause,,Pause,added-bug-fix,Pause,"Playback action displays Pause while playing, using the active UI language."
de,Pause,,Pause,added-bug-fix,Pause,"Playback action displays Pause while playing, using the active UI language."
hi,Pause,,विराम दें,added-bug-fix,विराम दें,"Playback action displays Pause while playing, using the active UI language."
is,Pause,,Gera hlé,added-bug-fix,Gera hlé,"Playback action displays Pause while playing, using the active UI language."
id,Pause,,Jeda,added-bug-fix,Jeda,"Playback action displays Pause while playing, using the active UI language."
it,Pause,,Pausa,added-bug-fix,Pausa,"Playback action displays Pause while playing, using the active UI language."
ja,Pause,,一時停止,added-bug-fix,一時停止,"Playback action displays Pause while playing, using the active UI language."
ko,Pause,,일시 정지,added-bug-fix,일시 정지,"Playback action displays Pause while playing, using the active UI language."
nb,Pause,,Pause,added-bug-fix,Pause,"Playback action displays Pause while playing, using the active UI language."
fa,Pause,,مکث,added-bug-fix,مکث,"Playback action displays Pause while playing, using the active UI language."
pl,Pause,,Wstrzymaj,added-bug-fix,Wstrzymaj,"Playback action displays Pause while playing, using the active UI language."
pt,Pause,,Pausa,added-bug-fix,Pausa,"Playback action displays Pause while playing, using the active UI language."
ro,Pause,,Pauză,added-bug-fix,Pauză,"Playback action displays Pause while playing, using the active UI language."
ru,Pause,,Пауза,added-bug-fix,Пауза,"Playback action displays Pause while playing, using the active UI language."
es,Pause,,Pausa,added-bug-fix,Pausa,"Playback action displays Pause while playing, using the active UI language."
tr,Pause,,Duraklat,added-bug-fix,Duraklat,"Playback action displays Pause while playing, using the active UI language."
vi,Pause,,Tạm dừng,added-bug-fix,Tạm dừng,"Playback action displays Pause while playing, using the active UI language."
uk,Pause,,Призупинити,added-bug-fix,Призупинити,"Playback action displays Pause while playing, using the active UI language."
